Name,Result,Course,Country,Institution,Budget,Researched,Political_Phase,Budget_Level,Academic_Level,Continuation,Dataset_Type,Intake_Month,Intake_Year,Intake_Season,Days_Since_First_Intake,Budget_Midpoint,Phase_Number,Result_Band,Budget_Academic_Score,GPA_Academic_Match
STU_01,3.45,17,2,6,16-20K,1,1,2,1,1,Stable,1,2024,1,69,18000,0,2,3,0
STU_02,3.06,8,7,0,16-20K,1,1,2,1,1,Stable,12,2023,4,54,18000,0,1,3,1
STU_03,2.93,19,6,10,10-15K,1,1,1,1,1,Stable,2,2024,1,110,12500,0,0,2,0
STU_04,3.91,8,7,0,10-15K,0,1,1,2,0,Stable,3,2024,1,143,12500,0,2,3,1
STU_05,2.96,22,3,8,10-15K,0,1,1,1,0,Stable,11,2023,4,1,12500,0,0,2,0
STU_06,2.0,7,3,8,Below 10k,1,1,0,0,1,Stable,1,2024,1,87,8000,0,0,0,1
STU_07,3.15,4,4,13,Below 10k,0,1,0,1,0,Stable,2,2024,1,99,8000,0,1,1,1
STU_08,2.28,9,0,5,10-15K,0,1,1,0,0,Stable,11,2023,4,3,12500,0,0,1,1
STU_09,3.82,19,6,1,Below 10k,0,1,0,2,1,Stable,1,2024,1,87,8000,0,2,2,1
STU_10,3.29,11,5,9,16-20K,1,1,2,1,1,Stable,1,2024,1,70,18000,0,1,3,1
STU_11,3.85,14,0,2,16-20K,0,1,2,2,1,Stable,3,2024,1,138,18000,0,2,4,1
STU_12,3.24,16,4,13,16-20K,1,1,2,1,1,Stable,2,2024,1,93,18000,0,1,3,1
STU_13,3.23,9,7,0,16-20K,0,1,2,1,1,Stable,1,2024,1,90,18000,0,1,3,1
STU_14,3.07,12,3,8,10-15K,0,1,1,1,0,Stable,3,2024,1,129,12500,0,1,2,1
STU_15,3.15,13,5,9,Below 10k,0,1,0,1,0,Stable,12,2023,4,37,8000,0,1,1,1
STU_16,2.82,5,1,11,10-15K,0,1,1,1,1,Stable,12,2023,4,39,12500,0,0,2,0
STU_17,2.99,16,6,10,16-20K,0,1,2,1,1,Stable,2,2024,1,119,18000,0,0,3,0
STU_18,3.21,16,4,13,Below 10k,1,1,0,1,1,Stable,12,2023,4,36,8000,0,1,1,1
STU_19,2.06,18,1,11,16-20K,1,1,2,0,1,Stable,11,2023,4,2,18000,0,0,2,1
STU_20,3.01,19,6,14,Below 10k,1,1,0,1,1,Stable,2,2024,1,103,8000,0,1,1,1
STU_21,2.34,14,0,15,16-20K,0,1,2,0,1,Stable,3,2024,1,140,18000,0,0,2,1
STU_22,3.53,7,7,0,Below 10k,0,1,0,2,0,Stable,1,2024,1,79,8000,0,2,2,1
STU_23,3.34,8,7,0,16-20K,1,1,2,1,1,Stable,12,2023,4,40,18000,0,1,3,1
STU_24,2.85,13,5,9,Below 10k,1,1,0,1,1,Stable,11,2023,4,5,8000,0,0,1,0
STU_25,2.79,15,6,14,Below 10k,0,1,0,1,0,Stable,2,2024,1,93,8000,0,0,1,0
STU_26,3.56,7,3,8,10-15K,1,1,1,2,1,Stable,3,2024,1,138,12500,0,2,3,1
STU_27,3.88,9,0,4,Below 10k,0,1,0,2,0,Stable,2,2024,1,95,8000,0,2,2,1
STU_28,2.78,9,2,6,10-15K,1,1,1,1,1,Stable,2,2024,1,98,12500,0,0,2,0
STU_29,3.41,10,7,0,Below 10k,0,1,0,1,0,Stable,11,2023,4,12,8000,0,2,1,0
STU_30,3.02,0,7,0,16-20K,1,1,2,1,1,Stable,3,2024,1,126,18000,0,1,3,1
STU_31,3.18,4,4,13,Below 10k,1,1,0,1,1,Stable,2,2024,1,117,8000,0,1,1,1
STU_32,2.06,2,5,9,16-20K,1,1,2,0,1,Stable,12,2023,4,46,18000,0,0,2,1
STU_33,2.41,8,7,0,Below 10k,0,1,0,0,0,Stable,3,2024,1,129,8000,0,0,0,1
STU_34,3.14,7,3,8,16-20K,0,1,2,1,1,Stable,12,2023,4,41,18000,0,1,3,1
STU_35,2.36,16,4,13,10-15K,0,1,1,0,0,Stable,12,2023,4,47,12500,0,0,1,1
STU_36,3.9,7,7,0,Below 10k,0,1,0,2,0,Stable,2,2024,1,98,8000,0,2,2,1
STU_37,3.44,2,5,9,10-15K,0,1,1,1,0,Stable,11,2023,4,8,12500,0,2,2,0
STU_38,3.37,3,2,6,16-20K,0,1,2,1,1,Stable,1,2024,1,75,18000,0,1,3,1
STU_39,3.85,0,7,0,10-15K,1,1,1,2,1,Stable,1,2024,1,67,12500,0,2,3,1
STU_40,3.02,4,4,13,10-15K,0,1,1,1,0,Stable,11,2023,4,23,12500,0,1,2,1
STU_41,2.66,19,6,1,16-20K,1,1,2,1,0,Stable,12,2023,4,37,18000,0,0,3,0
STU_42,2.43,5,3,8,10-15K,1,1,1,0,0,Stable,12,2023,4,60,12500,0,0,1,1
STU_43,2.38,7,1,18,Below 10k,1,1,0,0,0,Stable,3,2024,1,142,8000,0,0,0,1
STU_44,3.79,14,0,2,10-15K,1,1,1,2,0,Stable,1,2024,1,79,12500,0,2,3,1
STU_45,2.52,13,6,1,16-20K,0,1,2,1,0,Stable,12,2023,4,32,18000,0,0,3,0
STU_46,2.39,21,0,16,16-20K,1,1,2,0,1,Stable,3,2024,1,139,18000,0,0,2,1
STU_47,3.25,5,0,7,10-15K,1,1,1,1,0,Stable,1,2024,1,66,12500,0,1,2,1
STU_48,2.68,14,4,13,16-20K,1,1,2,1,0,Stable,12,2023,4,47,18000,0,0,3,0
STU_49,2.97,12,6,3,Below 10k,0,1,0,1,0,Stable,1,2024,1,63,8000,0,0,1,0
STU_50,2.81,18,1,18,10-15K,0,1,1,1,0,Stable,12,2023,4,55,12500,0,0,2,0
STU_51,2.52,7,1,18,Below 10k,0,1,0,1,0,Stable,12,2023,4,54,8000,0,0,1,0
STU_52,2.79,17,2,6,10-15K,0,1,1,1,0,Stable,3,2024,1,129,12500,0,0,2,0
STU_53,3.29,9,7,0,Below 10k,0,1,0,1,1,Stable,1,2024,1,88,8000,0,1,1,1
STU_54,3.75,7,7,0,10-15K,0,1,1,2,0,Stable,11,2023,4,5,12500,0,2,3,1
STU_55,2.95,7,7,0,16-20K,0,1,2,1,0,Stable,11,2023,4,13,18000,0,0,3,0
STU_56,3.88,1,4,13,Below 10k,0,1,0,2,0,Stable,2,2024,1,100,8000,0,2,2,1
STU_57,2.94,10,7,0,16-20K,1,1,2,1,0,Stable,3,2024,1,123,18000,0,0,3,0
STU_58,3.78,12,3,8,16-20K,1,1,2,2,0,Stable,3,2024,1,134,18000,0,2,4,1
STU_59,3.82,6,1,17,10-15K,1,1,1,2,0,Stable,1,2024,1,79,12500,0,2,3,1
STU_60,2.94,7,1,18,10-15K,0,1,1,1,0,Stable,2,2024,1,113,12500,0,0,2,0
STU_61,2.95,15,6,1,Below 10k,1,1,0,1,0,Stable,2,2024,1,102,8000,0,0,1,0
STU_62,3.16,7,7,0,16-20K,1,1,2,1,1,Stable,11,2023,4,23,18000,0,1,3,1
STU_63,2.8,14,0,16,10-15K,1,1,1,1,0,Stable,12,2023,4,34,12500,0,0,2,0
STU_64,2.65,10,2,6,10-15K,1,1,1,1,0,Stable,3,2024,1,145,12500,0,0,2,0
STU_65,2.73,5,3,8,16-20K,1,1,2,1,0,Stable,3,2024,1,148,18000,0,0,3,0
STU_66,2.54,0,1,18,16-20K,1,1,2,1,0,Stable,2,2024,1,105,18000,0,0,3,0
STU_67,3.33,13,5,9,Below 10k,1,1,0,1,0,Stable,3,2024,1,121,8000,0,1,1,1
STU_68,2.69,9,7,0,Below 10k,0,1,0,1,0,Stable,11,2023,4,13,8000,0,0,1,0
STU_69,3.44,2,5,9,10-15K,0,1,1,1,0,Stable,2,2024,1,106,12500,0,2,2,0
STU_70,3.08,12,3,8,16-20K,0,1,2,1,0,Stable,2,2024,1,119,18000,0,1,3,1
STU_71,3.27,2,5,9,16-20K,0,1,2,1,0,Stable,3,2024,1,143,18000,0,1,3,1
STU_72,2.59,5,3,8,Below 10k,0,1,0,1,1,Stable,12,2023,4,48,8000,0,0,1,0
STU_73,2.37,9,7,0,Below 10k,0,1,0,0,1,Stable,11,2023,4,28,8000,0,0,0,1
STU_74,2.4,16,6,10,10-15K,1,1,1,0,0,Stable,1,2024,1,88,12500,0,0,1,1
STU_75,3.6,9,7,0,Below 10k,0,1,0,2,0,Stable,11,2023,4,25,8000,0,2,2,1
STU_76,3.84,9,7,0,16-20K,1,1,2,2,0,Stable,12,2023,4,30,18000,0,2,4,1
STU_77,2.62,9,2,6,Below 10k,0,1,0,1,0,Stable,3,2024,1,140,8000,0,0,1,0
STU_78,3.2,18,0,4,16-20K,0,1,2,1,0,Stable,12,2023,4,55,18000,0,1,3,1
STU_79,2.65,10,2,6,16-20K,0,1,2,1,0,Stable,12,2023,4,53,18000,0,0,3,0
STU_80,3.19,9,0,16,10-15K,1,1,1,1,0,Stable,12,2023,4,50,12500,0,1,2,1
STU_81,3.7,10,7,0,Below 10k,1,1,0,2,0,Stable,2,2024,1,115,8000,0,2,2,1
STU_82,2.88,19,6,10,10-15K,1,1,1,1,0,Stable,12,2023,4,53,12500,0,0,2,0
STU_83,2.96,18,1,18,16-20K,1,1,2,1,0,Stable,12,2023,4,45,18000,0,0,3,0
STU_84,3.47,5,1,11,Below 10k,1,1,0,1,0,Stable,11,2023,4,18,8000,0,2,1,0
STU_85,3.85,22,3,8,Below 10k,0,1,0,2,0,Stable,2,2024,1,115,8000,0,2,2,1
STU_86,2.89,13,5,9,10-15K,0,1,1,1,0,Stable,11,2023,4,27,12500,0,0,2,0
STU_87,2.18,0,7,0,16-20K,0,1,2,0,0,Stable,1,2024,1,84,18000,0,0,2,1
STU_88,3.35,6,1,11,Below 10k,0,1,0,1,1,Stable,11,2023,4,26,8000,0,1,1,1
STU_89,2.41,7,7,0,Below 10k,1,1,0,0,0,Stable,3,2024,1,124,8000,0,0,0,1
STU_90,3.53,15,6,3,Below 10k,0,1,0,2,0,Stable,3,2024,1,145,8000,0,2,2,1
STU_91,2.03,14,0,7,16-20K,0,1,2,0,0,Stable,3,2024,1,146,18000,0,0,2,1
STU_92,3.74,9,7,0,16-20K,1,1,2,2,1,Stable,12,2023,4,30,18000,0,2,4,1
STU_93,2.84,8,7,0,16-20K,1,1,2,1,1,Stable,1,2024,1,85,18000,0,0,3,0
STU_94,3.23,6,6,12,Below 10k,1,1,0,1,0,Stable,12,2023,4,34,8000,0,1,1,1
STU_95,3.74,5,3,8,Below 10k,1,1,0,2,1,Stable,11,2023,4,11,8000,0,2,2,1
STU_96,2.95,22,3,8,Below 10k,1,1,0,1,0,Stable,1,2024,1,91,8000,0,0,1,0
STU_97,3.18,7,1,17,Below 10k,1,1,0,1,1,Stable,3,2024,1,122,8000,0,1,1,1
STU_98,3.06,9,7,0,Below 10k,0,1,0,1,0,Stable,1,2024,1,72,8000,0,1,1,1
STU_99,2.21,11,5,9,16-20K,0,1,2,0,0,Stable,3,2024,1,129,18000,0,0,2,1
STU_100,3.08,8,7,0,16-20K,1,1,2,1,0,Stable,2,2024,1,120,18000,0,1,3,1
STU_101,3.83,0,7,0,Below 10k,1,1,0,2,0,Stable,3,2024,1,128,8000,0,2,2,1
STU_102,3.42,13,6,10,16-20K,0,1,2,1,1,Stable,12,2023,4,54,18000,0,2,3,0
STU_103,3.61,18,1,17,Below 10k,1,1,0,2,0,Stable,3,2024,1,125,8000,0,2,2,1
STU_104,2.85,15,6,10,Below 10k,0,1,0,1,0,Stable,3,2024,1,123,8000,0,0,1,0
STU_105,3.22,4,4,13,10-15K,0,1,1,1,0,Stable,11,2023,4,22,12500,0,1,2,1
STU_106,3.23,13,0,5,Below 10k,0,1,0,1,0,Stable,2,2024,1,92,8000,0,1,1,1
STU_107,3.61,7,1,11,Below 10k,0,1,0,2,0,Stable,1,2024,1,64,8000,0,2,2,1
STU_108,2.54,3,2,6,16-20K,0,1,2,1,0,Stable,12,2023,4,55,18000,0,0,3,0
STU_109,2.59,14,4,13,Below 10k,0,1,0,1,0,Stable,3,2024,1,145,8000,0,0,1,0
STU_110,3.46,12,3,8,Below 10k,1,1,0,1,0,Stable,1,2024,1,84,8000,0,2,1,0
STU_111,3.19,9,2,6,Below 10k,0,1,0,1,0,Stable,1,2024,1,78,8000,0,1,1,1
STU_112,3.45,17,2,6,16-20K,1,1,2,1,0,Stable,1,2024,1,80,18000,0,2,3,0
STU_113,3.09,13,5,9,Below 10k,0,1,0,1,0,Stable,12,2023,4,33,8000,0,1,1,1
STU_114,3.04,1,4,13,10-15K,0,1,1,1,0,Stable,11,2023,4,23,12500,0,1,2,1
STU_115,2.64,19,6,3,16-20K,0,1,2,1,0,Stable,11,2023,4,17,18000,0,0,3,0
STU_116,3.24,22,3,8,10-15K,0,1,1,1,0,Stable,1,2024,1,85,12500,0,1,2,1
STU_117,3.07,7,1,18,10-15K,0,1,1,1,0,Stable,2,2024,1,104,12500,0,1,2,1
STU_118,3.44,12,6,12,10-15K,0,1,1,1,0,Stable,12,2023,4,38,12500,0,2,2,0
STU_119,3.48,17,2,6,16-20K,0,1,2,1,0,Stable,2,2024,1,111,18000,0,2,3,0
STU_120,3.13,12,3,8,Below 10k,0,1,0,1,1,Stable,12,2023,4,30,8000,0,1,1,1
STU_121,2.7,1,4,13,10-15K,0,1,1,1,0,Stable,3,2024,1,139,12500,0,0,2,0
STU_122,3.33,2,5,9,10-15K,1,1,1,1,0,Stable,1,2024,1,78,12500,0,1,2,1
STU_123,2.92,1,4,13,10-15K,1,1,1,1,0,Stable,3,2024,1,146,12500,0,0,2,0
STU_124,2.37,12,3,8,10-15K,1,1,1,0,1,Stable,12,2023,4,37,12500,0,0,1,1
STU_125,2.73,6,1,11,Below 10k,0,1,0,1,0,Stable,3,2024,1,144,8000,0,0,1,0
STU_126,3.42,19,6,14,16-20K,1,1,2,1,0,Stable,3,2024,1,130,18000,0,2,3,0
STU_127,3.11,0,7,0,16-20K,1,1,2,1,0,Stable,2,2024,1,106,18000,0,1,3,1
STU_128,2.83,1,4,13,Below 10k,1,1,0,1,0,Stable,11,2023,4,1,8000,0,0,1,0
STU_129,2.71,5,1,17,16-20K,0,1,2,1,0,Stable,2,2024,1,93,18000,0,0,3,0
STU_130,3.99,11,5,9,Below 10k,1,1,0,2,0,Stable,12,2023,4,57,8000,0,2,2,1
STU_131,2.64,9,7,0,16-20K,0,1,2,1,0,Stable,12,2023,4,54,18000,0,0,3,0
STU_132,3.6,13,5,9,10-15K,0,1,1,2,0,Stable,2,2024,1,100,12500,0,2,3,1
STU_133,2.68,14,4,13,Below 10k,1,1,0,1,0,Stable,2,2024,1,108,8000,0,0,1,0
STU_134,3.09,7,3,8,Below 10k,0,1,0,1,0,Stable,1,2024,1,83,8000,0,1,1,1
STU_135,3.84,9,7,0,16-20K,1,1,2,2,1,Stable,12,2023,4,54,18000,0,2,4,1
STU_136,2.17,1,4,13,16-20K,1,1,2,0,1,Stable,11,2023,4,5,18000,0,0,2,1
STU_137,3.65,19,6,10,10-15K,0,1,1,2,0,Stable,11,2023,4,25,12500,0,2,3,1
STU_138,2.15,5,3,8,16-20K,0,1,2,0,0,Stable,2,2024,1,120,18000,0,0,2,1
STU_139,2.79,6,1,11,16-20K,0,1,2,1,0,Stable,1,2024,1,71,18000,0,0,3,0
STU_140,2.16,5,3,8,16-20K,1,1,2,0,0,Stable,2,2024,1,101,18000,0,0,2,1
STU_141,2.35,2,5,9,Below 10k,0,1,0,0,0,Stable,1,2024,1,77,8000,0,0,0,1
STU_142,3.62,10,7,0,16-20K,0,1,2,2,0,Stable,12,2023,4,55,18000,0,2,4,1
STU_143,3.1,18,1,17,10-15K,1,1,1,1,0,Stable,11,2023,4,26,12500,0,1,2,1
STU_144,3.3,9,2,6,16-20K,1,1,2,1,0,Stable,1,2024,1,79,18000,0,1,3,1
STU_145,3.35,5,3,8,16-20K,1,1,2,1,0,Stable,11,2023,4,11,18000,0,1,3,1
STU_146,2.67,11,5,9,10-15K,1,1,1,1,0,Stable,2,2024,1,102,12500,0,0,2,0
STU_147,3.69,16,6,1,Below 10k,0,1,0,2,1,Stable,11,2023,4,12,8000,0,2,2,1
STU_148,3.21,14,0,16,16-20K,0,1,2,1,0,Stable,12,2023,4,55,18000,0,1,3,1
STU_149,3.07,1,4,13,Below 10k,0,1,0,1,0,Stable,1,2024,1,91,8000,0,1,1,1
STU_150,2.88,0,7,0,Below 10k,1,1,0,1,0,Stable,11,2023,4,22,8000,0,0,1,0
STU_151,2.11,10,7,0,10-15K,1,1,1,0,0,Stable,3,2024,1,127,12500,0,0,1,1
STU_152,3.76,3,2,6,Below 10k,0,1,0,2,0,Stable,1,2024,1,72,8000,0,2,2,1
STU_153,2.18,5,1,17,16-20K,1,1,2,0,1,Stable,2,2024,1,111,18000,0,0,2,1
STU_154,2.64,9,7,0,16-20K,0,1,2,1,0,Stable,1,2024,1,88,18000,0,0,3,0
STU_155,2.36,16,6,12,16-20K,1,1,2,0,1,Stable,2,2024,1,102,18000,0,0,2,1
STU_156,3.4,9,2,6,16-20K,0,1,2,1,0,Stable,11,2023,4,24,18000,0,2,3,0
STU_157,3.29,5,1,18,Below 10k,0,1,0,1,0,Stable,3,2024,1,123,8000,0,1,1,1
STU_158,3.31,3,2,6,16-20K,1,1,2,1,0,Stable,12,2023,4,30,18000,0,1,3,1
STU_159,2.95,13,6,10,16-20K,0,1,2,1,1,Stable,3,2024,1,129,18000,0,0,3,0
STU_160,3.41,0,1,17,10-15K,0,1,1,1,0,Stable,11,2023,4,8,12500,0,2,2,0
STU_161,2.98,8,7,0,16-20K,0,1,2,1,0,Stable,3,2024,1,145,18000,0,0,3,0
STU_162,3.14,14,0,15,16-20K,0,1,2,1,0,Stable,2,2024,1,92,18000,0,1,3,1
STU_163,3.18,9,2,6,10-15K,1,1,1,1,0,Stable,2,2024,1,92,12500,0,1,2,1
STU_164,3.33,0,7,0,10-15K,1,1,1,1,0,Stable,12,2023,4,36,12500,0,1,2,1
STU_165,3.42,18,0,7,16-20K,0,1,2,1,0,Stable,11,2023,4,0,18000,0,2,3,0
STU_166,2.19,14,4,13,10-15K,1,1,1,0,0,Stable,12,2023,4,32,12500,0,0,1,1
STU_167,3.57,6,1,18,16-20K,0,1,2,2,0,Stable,12,2023,4,31,18000,0,2,4,1
STU_168,2.51,10,2,6,Below 10k,0,1,0,1,0,Stable,2,2024,1,94,8000,0,0,1,0
STU_169,3.01,13,5,9,10-15K,1,1,1,1,0,Stable,12,2023,4,52,12500,0,1,2,1
STU_170,3.96,11,5,9,10-15K,1,1,1,2,0,Stable,3,2024,1,140,12500,0,2,3,1
STU_171,3.56,10,2,6,Below 10k,0,1,0,2,0,Stable,2,2024,1,119,8000,0,2,2,1
STU_172,3.11,16,6,3,10-15K,0,1,1,1,0,Stable,11,2023,4,2,12500,0,1,2,1
STU_173,3.35,17,2,6,Below 10k,0,1,0,1,0,Stable,11,2023,4,8,8000,0,1,1,1
STU_174,2.96,7,3,8,16-20K,0,1,2,1,0,Stable,12,2023,4,37,18000,0,0,3,0
STU_175,3.39,13,6,10,10-15K,1,1,1,1,0,Stable,12,2023,4,58,12500,0,1,2,1
STU_176,2.55,18,1,11,16-20K,1,1,2,1,1,Stable,12,2023,4,40,18000,0,0,3,0
STU_177,2.51,10,2,6,16-20K,1,1,2,1,0,Stable,2,2024,1,118,18000,0,0,3,0
STU_178,2.55,15,6,12,10-15K,1,1,1,1,0,Stable,2,2024,1,113,12500,0,0,2,0
STU_179,3.68,13,5,9,10-15K,0,1,1,2,0,Stable,2,2024,1,104,12500,0,2,3,1
STU_180,2.11,15,6,12,10-15K,0,1,1,0,0,Stable,2,2024,1,120,12500,0,0,1,1
STU_181,3.9,18,0,15,Below 10k,0,1,0,2,1,Stable,12,2023,4,39,8000,0,2,2,1
STU_182,2.77,9,2,6,Below 10k,0,1,0,1,0,Stable,3,2024,1,140,8000,0,0,1,0
STU_183,2.56,4,4,13,Below 10k,0,1,0,1,0,Stable,12,2023,4,56,8000,0,0,1,0
STU_184,3.64,7,7,0,16-20K,0,1,2,2,0,Stable,1,2024,1,76,18000,0,2,4,1
STU_185,2.53,7,1,17,16-20K,1,1,2,1,1,Stable,1,2024,1,78,18000,0,0,3,0
STU_186,3.02,11,5,9,Below 10k,1,1,0,1,0,Stable,12,2023,4,50,8000,0,1,1,1
STU_187,2.8,5,1,11,Below 10k,0,1,0,1,0,Stable,2,2024,1,104,8000,0,0,1,0
STU_188,3.02,3,2,6,10-15K,1,1,1,1,0,Stable,2,2024,1,105,12500,0,1,2,1
STU_189,3.78,10,7,0,10-15K,1,1,1,2,1,Stable,2,2024,1,97,12500,0,2,3,1
STU_190,3.86,7,1,17,10-15K,0,1,1,2,0,Stable,1,2024,1,65,12500,0,2,3,1
STU_191,2.57,6,1,17,16-20K,1,1,2,1,0,Stable,2,2024,1,102,18000,0,0,3,0
STU_192,2.6,13,6,1,10-15K,0,1,1,1,0,Stable,1,2024,1,75,12500,0,0,2,0
STU_193,3.34,22,3,8,Below 10k,1,1,0,1,0,Stable,3,2024,1,125,8000,0,1,1,1
STU_194,3.82,18,0,15,10-15K,0,1,1,2,0,Stable,12,2023,4,58,12500,0,2,3,1
STU_195,2.34,13,5,9,10-15K,1,1,1,0,0,Stable,1,2024,1,66,12500,0,0,1,1
STU_196,2.57,19,6,1,Below 10k,0,1,0,1,0,Stable,1,2024,1,72,8000,0,0,1,0
STU_197,2.8,1,4,13,10-15K,0,1,1,1,0,Stable,12,2023,4,49,12500,0,0,2,0
STU_198,3.86,0,1,18,Below 10k,1,1,0,2,0,Stable,12,2023,4,52,8000,0,2,2,1
STU_199,3.23,16,6,1,Below 10k,0,1,0,1,1,Stable,3,2024,1,149,8000,0,1,1,1
STU_200,3.61,16,6,1,16-20K,1,1,2,2,0,Stable,3,2024,1,130,18000,0,2,4,1
STU_201,3.27,12,6,12,10-15K,1,1,1,1,0,Stable,12,2023,4,35,12500,0,1,2,1
STU_202,2.6,7,7,0,Below 10k,0,1,0,1,0,Stable,3,2024,1,122,8000,0,0,1,0
STU_203,2.41,0,7,0,16-20K,0,1,2,0,0,Stable,11,2023,4,1,18000,0,0,2,1
STU_204,2.48,13,5,9,10-15K,0,1,1,0,0,Stable,12,2023,4,46,12500,0,0,1,1
STU_205,2.17,14,4,13,16-20K,0,1,2,0,0,Stable,2,2024,1,107,18000,0,0,2,1
STU_206,2.5,19,6,10,10-15K,0,1,1,1,0,Stable,1,2024,1,70,12500,0,0,2,0
STU_207,3.15,5,3,8,Below 10k,1,1,0,1,0,Stable,3,2024,1,132,8000,0,1,1,1
STU_208,3.4,9,0,5,16-20K,1,1,2,1,1,Stable,3,2024,1,129,18000,0,2,3,0
STU_209,2.9,13,5,9,16-20K,0,1,2,1,0,Stable,11,2023,4,22,18000,0,0,3,0
STU_210,2.91,16,4,13,10-15K,1,1,1,1,0,Stable,12,2023,4,41,12500,0,0,2,0
STU_211,3.81,0,1,17,Below 10k,0,1,0,2,0,Stable,3,2024,1,133,8000,0,2,2,1
STU_212,2.71,22,3,8,10-15K,0,1,1,1,1,Stable,3,2024,1,148,12500,0,0,2,0
STU_213,3.06,17,2,6,Below 10k,0,1,0,1,0,Stable,1,2024,1,90,8000,0,1,1,1
STU_214,3.35,6,6,3,10-15K,1,1,1,1,0,Stable,2,2024,1,120,12500,0,1,2,1
STU_215,2.38,14,0,16,16-20K,1,1,2,0,0,Stable,3,2024,1,123,18000,0,0,2,1
STU_216,2.59,22,3,8,16-20K,0,1,2,1,0,Stable,3,2024,1,134,18000,0,0,3,0
STU_217,3.28,13,6,1,10-15K,0,1,1,1,0,Stable,3,2024,1,127,12500,0,1,2,1
STU_218,2.72,2,5,9,Below 10k,1,1,0,1,0,Stable,2,2024,1,118,8000,0,0,1,0
STU_219,3.93,3,2,6,10-15K,1,1,1,2,0,Stable,3,2024,1,125,12500,0,2,3,1
STU_220,3.04,6,1,18,10-15K,1,1,1,1,0,Stable,2,2024,1,119,12500,0,1,2,1
STU_221,2.94,9,2,6,16-20K,0,1,2,1,0,Stable,11,2023,4,19,18000,0,0,3,0
STU_222,3.65,4,4,13,Below 10k,1,1,0,2,0,Stable,12,2023,4,39,8000,0,2,2,1
STU_223,3.74,3,2,6,10-15K,1,1,1,2,0,Stable,1,2024,1,83,12500,0,2,3,1
STU_224,3.43,22,3,8,10-15K,1,1,1,1,0,Stable,11,2023,4,10,12500,0,2,2,0
STU_225,3.68,16,6,12,Below 10k,1,1,0,2,0,Stable,3,2024,1,135,8000,0,2,2,1
STU_226,2.23,4,4,13,10-15K,0,1,1,0,0,Stable,1,2024,1,73,12500,0,0,1,1
STU_227,2.12,19,6,10,10-15K,0,1,1,0,0,Stable,2,2024,1,117,12500,0,0,1,1
STU_228,3.46,2,5,9,Below 10k,0,1,0,1,0,Stable,1,2024,1,85,8000,0,2,1,0
STU_229,2.59,13,0,4,16-20K,0,1,2,1,0,Stable,12,2023,4,57,18000,0,0,3,0
STU_230,2.94,1,4,13,Below 10k,1,1,0,1,0,Stable,11,2023,4,15,8000,0,0,1,0
STU_231,3.3,0,1,17,16-20K,0,1,2,1,0,Stable,12,2023,4,48,18000,0,1,3,1
STU_232,3.98,9,7,0,16-20K,1,1,2,2,1,Stable,12,2023,4,56,18000,0,2,4,1
STU_233,3.35,16,6,12,Below 10k,1,1,0,1,0,Stable,11,2023,4,9,8000,0,1,1,1
STU_234,3.22,3,2,6,16-20K,1,1,2,1,0,Stable,3,2024,1,131,18000,0,1,3,1
STU_235,3.69,14,0,15,10-15K,1,1,1,2,0,Stable,3,2024,1,121,12500,0,2,3,1
STU_236,3.08,21,0,7,16-20K,0,1,2,1,0,Stable,12,2023,4,49,18000,0,1,3,1
STU_237,3.87,13,5,9,Below 10k,1,1,0,2,0,Stable,2,2024,1,105,8000,0,2,2,1
STU_238,2.9,5,0,2,10-15K,1,1,1,1,1,Stable,1,2024,1,83,12500,0,0,2,0
STU_239,3.24,4,4,13,Below 10k,0,1,0,1,0,Stable,3,2024,1,121,8000,0,1,1,1
STU_240,2.95,16,4,13,Below 10k,1,1,0,1,0,Stable,11,2023,4,29,8000,0,0,1,0
STU_241,2.59,0,1,17,16-20K,1,1,2,1,0,Stable,2,2024,1,120,18000,0,0,3,0
STU_242,3.61,17,2,6,10-15K,1,1,1,2,0,Stable,12,2023,4,50,12500,0,2,3,1
STU_243,2.9,7,3,8,10-15K,0,1,1,1,1,Stable,3,2024,1,134,12500,0,0,2,0
STU_244,3.12,10,2,6,Below 10k,1,1,0,1,0,Stable,12,2023,4,30,8000,0,1,1,1
STU_245,2.65,10,2,6,Below 10k,1,1,0,1,1,Stable,12,2023,4,34,8000,0,0,1,0
STU_246,3.31,5,3,8,Below 10k,0,1,0,1,0,Stable,2,2024,1,100,8000,0,1,1,1
STU_247,3.19,2,5,9,Below 10k,0,1,0,1,0,Stable,12,2023,4,42,8000,0,1,1,1
STU_248,3.9,7,1,18,Below 10k,0,1,0,2,0,Stable,11,2023,4,7,8000,0,2,2,1
STU_249,2.65,9,2,6,10-15K,0,1,1,1,0,Stable,3,2024,1,135,12500,0,0,2,0
STU_250,3.21,7,3,8,Below 10k,0,1,0,1,1,Stable,2,2024,1,111,8000,0,1,1,1
STU_251,2.51,13,5,9,Below 10k,0,1,0,1,1,Stable,11,2023,4,4,8000,0,0,1,0
STU_252,2.75,12,3,8,16-20K,0,1,2,1,0,Stable,11,2023,4,8,18000,0,0,3,0
STU_253,2.59,14,0,7,Below 10k,0,1,0,1,0,Stable,11,2023,4,9,8000,0,0,1,0
STU_254,2.04,6,1,18,10-15K,0,1,1,0,0,Stable,1,2024,1,91,12500,0,0,1,1
STU_255,3.3,2,5,9,Below 10k,1,1,0,1,0,Stable,1,2024,1,64,8000,0,1,1,1
STU_256,3.27,10,2,6,16-20K,0,1,2,1,0,Stable,2,2024,1,105,18000,0,1,3,1
STU_257,3.97,20,1,17,10-15K,0,1,1,2,0,Stable,2,2024,1,119,12500,0,2,3,1
STU_258,3.98,3,2,6,Below 10k,1,1,0,2,0,Stable,12,2023,4,44,8000,0,2,2,1
STU_259,3.33,4,4,13,Below 10k,1,1,0,1,0,Stable,3,2024,1,150,8000,0,1,1,1
STU_260,2.88,3,2,6,Below 10k,1,1,0,1,0,Stable,3,2024,1,147,8000,0,0,1,0
STU_261,3.97,17,2,6,10-15K,1,1,1,2,0,Stable,12,2023,4,49,12500,0,2,3,1
STU_262,2.37,16,4,13,16-20K,1,1,2,0,0,Stable,1,2024,1,65,18000,0,0,2,1
STU_263,2.08,1,4,13,Below 10k,0,1,0,0,0,Stable,12,2023,4,57,8000,0,0,0,1
STU_264,3.64,13,5,9,16-20K,1,1,2,2,0,Stable,1,2024,1,84,18000,0,2,4,1
STU_265,2.62,10,7,0,Below 10k,0,1,0,1,0,Stable,11,2023,4,18,8000,0,0,1,0
STU_266,2.01,16,6,12,10-15K,1,1,1,0,1,Stable,2,2024,1,111,12500,0,0,1,1
STU_267,3.19,14,0,2,Below 10k,0,1,0,1,0,Stable,11,2023,4,6,8000,0,1,1,1
STU_268,2.63,5,1,18,Below 10k,1,1,0,1,0,Stable,3,2024,1,123,8000,0,0,1,0
STU_269,2.39,1,4,13,10-15K,0,1,1,0,0,Stable,12,2023,4,35,12500,0,0,1,1
STU_270,3.25,19,6,12,Below 10k,1,1,0,1,1,Stable,3,2024,1,134,8000,0,1,1,1
STU_271,2.61,5,3,8,10-15K,0,1,1,1,0,Stable,1,2024,1,67,12500,0,0,2,0
STU_272,3.0,16,6,1,Below 10k,0,1,0,1,0,Stable,3,2024,1,121,8000,0,1,1,1
STU_273,3.22,0,7,0,Below 10k,1,1,0,1,1,Stable,2,2024,1,95,8000,0,1,1,1
STU_274,3.32,10,7,0,Below 10k,1,1,0,1,0,Stable,1,2024,1,86,8000,0,1,1,1
STU_275,3.16,3,2,6,16-20K,1,1,2,1,0,Stable,1,2024,1,84,18000,0,1,3,1
STU_276,2.78,16,4,13,10-15K,1,1,1,1,0,Stable,3,2024,1,128,12500,0,0,2,0
STU_277,2.04,1,4,13,Below 10k,1,1,0,0,0,Stable,1,2024,1,85,8000,0,0,0,1
STU_278,2.35,7,3,8,10-15K,0,1,1,0,0,Stable,2,2024,1,101,12500,0,0,1,1
STU_279,2.71,8,7,0,16-20K,0,1,2,1,0,Stable,2,2024,1,104,18000,0,0,3,0
STU_280,2.65,7,1,18,Below 10k,0,1,0,1,0,Stable,3,2024,1,139,8000,0,0,1,0
STU_281,3.23,17,2,6,10-15K,1,1,1,1,0,Stable,12,2023,4,45,12500,0,1,2,1
STU_282,2.78,6,1,17,16-20K,1,1,2,1,0,Stable,2,2024,1,105,18000,0,0,3,0
STU_283,2.91,22,3,8,Below 10k,0,1,0,1,0,Stable,2,2024,1,103,8000,0,0,1,0
STU_284,3.49,15,6,1,Below 10k,0,1,0,1,0,Stable,1,2024,1,72,8000,0,2,1,0
STU_285,2.7,11,5,9,Below 10k,0,1,0,1,0,Stable,1,2024,1,85,8000,0,0,1,0
STU_286,2.43,17,2,6,10-15K,0,1,1,0,0,Stable,3,2024,1,139,12500,0,0,1,1
STU_287,2.72,16,6,14,16-20K,0,1,2,1,0,Stable,2,2024,1,112,18000,0,0,3,0
STU_288,3.08,13,6,12,10-15K,1,1,1,1,0,Stable,3,2024,1,148,12500,0,1,2,1
STU_289,3.43,13,0,2,16-20K,1,1,2,1,1,Stable,11,2023,4,29,18000,0,2,3,0
STU_290,2.23,14,4,13,10-15K,1,1,1,0,0,Stable,2,2024,1,98,12500,0,0,1,1
STU_291,3.1,6,6,3,Below 10k,0,1,0,1,0,Stable,3,2024,1,145,8000,0,1,1,1
STU_292,3.24,15,6,10,10-15K,1,1,1,1,0,Stable,11,2023,4,17,12500,0,1,2,1
STU_293,2.44,10,2,6,16-20K,0,1,2,0,1,Stable,11,2023,4,9,18000,0,0,2,1
STU_294,3.35,5,1,18,10-15K,1,1,1,1,0,Stable,3,2024,1,124,12500,0,1,2,1
STU_295,3.35,13,5,9,10-15K,1,1,1,1,1,Stable,12,2023,4,58,12500,0,1,2,1
STU_296,3.53,18,1,17,Below 10k,1,1,0,2,0,Stable,1,2024,1,78,8000,0,2,2,1
STU_297,2.71,13,0,2,10-15K,1,1,1,1,1,Stable,1,2024,1,88,12500,0,0,2,0
STU_298,3.94,7,1,11,Below 10k,1,1,0,2,0,Stable,3,2024,1,134,8000,0,2,2,1
STU_299,2.27,4,4,13,Below 10k,0,1,0,0,0,Stable,11,2023,4,21,8000,0,0,0,1
STU_300,2.74,7,7,0,10-15K,0,1,1,1,0,Stable,11,2023,4,1,12500,0,0,2,0
STU_301,3.94,7,7,0,16-20K,0,1,2,2,1,Stable,3,2024,1,131,18000,0,2,4,1
STU_302,3.31,0,1,17,Below 10k,0,1,0,1,0,Stable,12,2023,4,51,8000,0,1,1,1
STU_303,2.24,16,4,13,Below 10k,0,1,0,0,0,Stable,2,2024,1,110,8000,0,0,0,1
STU_304,2.99,22,3,8,16-20K,0,1,2,1,1,Stable,3,2024,1,146,18000,0,0,3,0
STU_305,3.46,14,0,5,Below 10k,1,1,0,1,0,Stable,3,2024,1,126,8000,0,2,1,0
STU_306,3.93,2,5,9,Below 10k,0,1,0,2,0,Stable,2,2024,1,96,8000,0,2,2,1
STU_307,2.01,18,0,7,10-15K,0,1,1,0,0,Stable,1,2024,1,82,12500,0,0,1,1
STU_308,2.13,11,5,9,16-20K,1,1,2,0,0,Stable,12,2023,4,34,18000,0,0,2,1
STU_309,3.03,12,6,3,16-20K,0,1,2,1,0,Stable,1,2024,1,87,18000,0,1,3,1
STU_310,2.79,2,5,9,16-20K,1,1,2,1,0,Stable,11,2023,4,24,18000,0,0,3,0
STU_311,3.65,9,7,0,16-20K,1,1,2,2,0,Stable,1,2024,1,64,18000,0,2,4,1
STU_312,3.18,16,4,13,Below 10k,0,1,0,1,0,Stable,2,2024,1,94,8000,0,1,1,1
STU_313,3.68,5,0,5,10-15K,1,1,1,2,0,Stable,1,2024,1,73,12500,0,2,3,1
STU_314,3.71,7,1,17,16-20K,1,1,2,2,0,Stable,12,2023,4,47,18000,0,2,4,1
STU_315,2.96,5,0,4,10-15K,1,1,1,1,0,Stable,11,2023,4,16,12500,0,0,2,0
STU_316,2.43,2,5,9,10-15K,0,1,1,0,0,Stable,12,2023,4,55,12500,0,0,1,1
STU_317,2.05,10,2,6,10-15K,0,1,1,0,0,Stable,3,2024,1,145,12500,0,0,1,1
STU_318,3.52,7,1,17,Below 10k,1,1,0,2,0,Stable,3,2024,1,135,8000,0,2,2,1
STU_319,2.85,21,0,7,16-20K,1,1,2,1,0,Stable,1,2024,1,78,18000,0,0,3,0
STU_320,3.33,13,5,9,10-15K,1,1,1,1,1,Stable,12,2023,4,59,12500,0,1,2,1
STU_321,2.76,18,1,17,16-20K,1,1,2,1,0,Stable,1,2024,1,85,18000,0,0,3,0
STU_322,3.84,7,3,8,16-20K,0,1,2,2,1,Stable,1,2024,1,78,18000,0,2,4,1
STU_323,2.1,1,4,13,16-20K,1,1,2,0,1,Stable,11,2023,4,3,18000,0,0,2,1
STU_324,3.79,14,4,13,Below 10k,1,1,0,2,1,Stable,3,2024,1,142,8000,0,2,2,1
STU_325,2.6,10,7,0,10-15K,1,1,1,1,0,Stable,1,2024,1,88,12500,0,0,2,0
STU_326,3.46,3,2,6,10-15K,0,1,1,1,0,Stable,2,2024,1,115,12500,0,2,2,0
STU_327,2.48,14,4,13,Below 10k,0,1,0,0,0,Stable,1,2024,1,69,8000,0,0,0,1
STU_328,3.51,12,3,8,16-20K,1,1,2,2,0,Stable,11,2023,4,28,18000,0,2,4,1
STU_329,2.81,9,7,0,16-20K,0,1,2,1,0,Stable,12,2023,4,34,18000,0,0,3,0
STU_330,2.7,12,3,8,16-20K,0,1,2,1,0,Stable,11,2023,4,2,18000,0,0,3,0
STU_331,2.77,0,1,18,10-15K,1,1,1,1,0,Stable,2,2024,1,99,12500,0,0,2,0
STU_332,2.6,16,4,13,16-20K,1,1,2,1,0,Stable,11,2023,4,18,18000,0,0,3,0
STU_333,3.32,7,7,0,Below 10k,1,1,0,1,0,Stable,3,2024,1,144,8000,0,1,1,1
STU_334,2.53,7,1,18,16-20K,0,1,2,1,0,Stable,12,2023,4,56,18000,0,0,3,0
STU_335,3.47,9,7,0,16-20K,1,1,2,1,0,Stable,12,2023,4,60,18000,0,2,3,0
STU_336,3.02,17,2,6,Below 10k,1,1,0,1,0,Stable,1,2024,1,81,8000,0,1,1,1
STU_337,2.26,9,2,6,Below 10k,0,1,0,0,0,Stable,11,2023,4,6,8000,0,0,0,1
STU_338,2.67,20,1,17,Below 10k,1,1,0,1,0,Stable,2,2024,1,92,8000,0,0,1,0
STU_339,3.67,11,5,9,10-15K,0,1,1,2,0,Stable,1,2024,1,67,12500,0,2,3,1
STU_340,3.63,13,0,4,Below 10k,0,1,0,2,0,Stable,11,2023,4,22,8000,0,2,2,1
STU_341,3.48,11,5,9,16-20K,0,1,2,1,0,Stable,3,2024,1,141,18000,0,2,3,0
STU_342,2.11,10,7,0,10-15K,1,1,1,0,0,Stable,11,2023,4,9,12500,0,0,1,1
STU_343,3.77,4,4,13,10-15K,1,1,1,2,0,Stable,2,2024,1,109,12500,0,2,3,1
STU_344,3.03,7,3,8,10-15K,1,1,1,1,1,Stable,11,2023,4,1,12500,0,1,2,1
STU_345,3.39,2,5,9,16-20K,1,1,2,1,0,Stable,12,2023,4,36,18000,0,1,3,1
STU_346,3.47,0,1,11,16-20K,1,1,2,1,0,Stable,2,2024,1,118,18000,0,2,3,0
STU_347,3.2,5,0,2,16-20K,1,1,2,1,0,Stable,3,2024,1,133,18000,0,1,3,1
STU_348,2.48,20,1,11,16-20K,0,1,2,0,0,Stable,12,2023,4,31,18000,0,0,2,1
STU_349,2.84,7,1,11,10-15K,0,1,1,1,0,Stable,2,2024,1,101,12500,0,0,2,0
STU_350,2.5,12,3,8,Below 10k,0,1,0,1,0,Stable,1,2024,1,68,8000,0,0,1,0
STU_351,2.46,6,1,17,16-20K,0,1,2,0,0,Stable,11,2023,4,8,18000,0,0,2,1
STU_352,2.99,10,2,6,16-20K,0,1,2,1,0,Stable,11,2023,4,29,18000,0,0,3,0
STU_353,2.59,13,6,12,Below 10k,1,1,0,1,0,Stable,1,2024,1,79,8000,0,0,1,0
STU_354,2.95,16,6,12,10-15K,1,1,1,1,0,Stable,11,2023,4,14,12500,0,0,2,0
STU_355,2.77,1,4,13,10-15K,0,1,1,1,0,Stable,11,2023,4,18,12500,0,0,2,0
STU_356,3.18,13,5,9,Below 10k,1,1,0,1,0,Stable,12,2023,4,49,8000,0,1,1,1
STU_357,3.35,9,0,2,10-15K,1,1,1,1,0,Stable,12,2023,4,40,12500,0,1,2,1
STU_358,3.47,5,0,4,16-20K,0,1,2,1,0,Stable,1,2024,1,88,18000,0,2,3,0
STU_359,2.43,9,7,0,16-20K,1,1,2,0,0,Stable,2,2024,1,110,18000,0,0,2,1
STU_360,3.47,8,7,0,16-20K,1,1,2,1,1,Stable,12,2023,4,53,18000,0,2,3,0
STU_361,2.37,0,1,17,10-15K,1,1,1,0,0,Stable,12,2023,4,57,12500,0,0,1,1
STU_362,2.44,22,3,8,10-15K,1,1,1,0,0,Stable,2,2024,1,107,12500,0,0,1,1
STU_363,2.59,9,7,0,10-15K,1,1,1,1,0,Stable,12,2023,4,34,12500,0,0,2,0
STU_364,3.22,3,2,6,Below 10k,1,1,0,1,0,Stable,1,2024,1,78,8000,0,1,1,1
STU_365,3.27,8,7,0,10-15K,0,1,1,1,0,Stable,1,2024,1,68,12500,0,1,2,1
STU_366,3.18,9,2,6,16-20K,1,1,2,1,0,Stable,2,2024,1,107,18000,0,1,3,1
STU_367,3.88,5,3,8,Below 10k,0,1,0,2,0,Stable,2,2024,1,119,8000,0,2,2,1
STU_368,2.96,8,7,0,Below 10k,1,1,0,1,0,Stable,2,2024,1,119,8000,0,0,1,0
STU_369,2.52,18,1,17,16-20K,1,1,2,1,1,Stable,11,2023,4,26,18000,0,0,3,0
STU_370,3.4,5,3,8,Below 10k,0,1,0,1,0,Stable,12,2023,4,31,8000,0,2,1,0
STU_371,2.47,18,1,11,16-20K,0,1,2,0,0,Stable,2,2024,1,113,18000,0,0,2,1
STU_372,3.38,18,0,4,16-20K,0,1,2,1,0,Stable,11,2023,4,12,18000,0,1,3,1
STU_373,2.63,0,7,0,16-20K,0,1,2,1,0,Stable,11,2023,4,6,18000,0,0,3,0
STU_374,3.31,0,1,11,10-15K,0,1,1,1,0,Stable,1,2024,1,91,12500,0,1,2,1
STU_375,3.16,10,2,6,Below 10k,1,1,0,1,0,Stable,12,2023,4,60,8000,0,1,1,1
STU_376,3.14,13,5,9,Below 10k,0,1,0,1,1,Stable,11,2023,4,17,8000,0,1,1,1
STU_377,3.9,7,3,8,Below 10k,1,1,0,2,0,Stable,11,2023,4,3,8000,0,2,2,1
STU_378,2.6,2,5,9,Below 10k,0,1,0,1,0,Stable,12,2023,4,57,8000,0,0,1,0
STU_379,2.88,20,1,11,16-20K,1,1,2,1,0,Stable,1,2024,1,78,18000,0,0,3,0
STU_380,3.15,12,3,8,10-15K,1,1,1,1,0,Stable,1,2024,1,85,12500,0,1,2,1
STU_381,3.25,4,4,13,Below 10k,1,1,0,1,0,Stable,3,2024,1,141,8000,0,1,1,1
STU_382,2.85,19,6,1,Below 10k,1,1,0,1,0,Stable,2,2024,1,103,8000,0,0,1,0
STU_383,2.73,18,0,4,16-20K,1,1,2,1,1,Stable,11,2023,4,12,18000,0,0,3,0
STU_384,2.84,7,3,8,10-15K,0,1,1,1,0,Stable,3,2024,1,146,12500,0,0,2,0
STU_385,2.42,15,6,14,Below 10k,0,1,0,0,0,Stable,1,2024,1,88,8000,0,0,0,1
STU_386,3.78,12,6,12,Below 10k,1,1,0,2,1,Stable,11,2023,4,27,8000,0,2,2,1
STU_387,3.47,12,6,12,Below 10k,0,1,0,1,0,Stable,12,2023,4,48,8000,0,2,1,0
STU_388,2.81,14,4,13,16-20K,0,1,2,1,0,Stable,3,2024,1,145,18000,0,0,3,0
STU_389,2.08,13,5,9,Below 10k,0,1,0,0,0,Stable,2,2024,1,95,8000,0,0,0,1
STU_390,3.52,13,6,14,Below 10k,0,1,0,2,0,Stable,3,2024,1,133,8000,0,2,2,1
STU_391,2.98,12,3,8,Below 10k,0,1,0,1,0,Stable,2,2024,1,118,8000,0,0,1,0
STU_392,2.6,11,5,9,16-20K,1,1,2,1,1,Stable,2,2024,1,112,18000,0,0,3,0
STU_393,3.42,11,5,9,16-20K,1,1,2,1,0,Stable,1,2024,1,66,18000,0,2,3,0
STU_394,3.85,9,0,7,Below 10k,1,1,0,2,0,Stable,12,2023,4,43,8000,0,2,2,1
STU_395,2.68,17,2,6,16-20K,0,1,2,1,0,Stable,2,2024,1,110,18000,0,0,3,0
STU_396,3.71,6,6,1,10-15K,1,1,1,2,0,Stable,11,2023,4,14,12500,0,2,3,1
STU_397,3.52,14,4,13,Below 10k,0,1,0,2,0,Stable,1,2024,1,85,8000,0,2,2,1
STU_398,3.43,9,2,6,Below 10k,1,1,0,1,1,Stable,2,2024,1,110,8000,0,2,1,0
STU_399,3.88,13,6,14,10-15K,0,1,1,2,0,Stable,3,2024,1,137,12500,0,2,3,1
STU_400,2.22,14,0,16,10-15K,0,1,1,0,0,Stable,2,2024,1,107,12500,0,0,1,1
STU_401,3.94,2,5,9,16-20K,1,1,2,2,0,Stable,12,2023,4,50,18000,0,2,4,1
STU_402,2.38,18,0,7,16-20K,0,1,2,0,0,Stable,1,2024,1,82,18000,0,0,2,1
STU_403,2.58,5,0,15,16-20K,0,1,2,1,0,Stable,1,2024,1,86,18000,0,0,3,0
STU_404,2.18,6,1,11,Below 10k,1,1,0,0,0,Stable,12,2023,4,60,8000,0,0,0,1
STU_405,3.56,1,4,13,Below 10k,1,1,0,2,0,Stable,12,2023,4,33,8000,0,2,2,1
STU_406,3.43,7,7,0,16-20K,0,1,2,1,0,Stable,3,2024,1,143,18000,0,2,3,0
STU_407,2.69,5,0,16,10-15K,1,1,1,1,0,Stable,2,2024,1,108,12500,0,0,2,0
STU_408,2.53,1,4,13,Below 10k,0,1,0,1,0,Stable,1,2024,1,76,8000,0,0,1,0
STU_409,3.54,1,4,13,16-20K,0,1,2,2,1,Stable,2,2024,1,92,18000,0,2,4,1
STU_410,2.29,1,4,13,Below 10k,1,1,0,0,0,Stable,12,2023,4,52,8000,0,0,0,1
STU_411,3.87,16,4,13,16-20K,1,1,2,2,0,Stable,12,2023,4,38,18000,0,2,4,1
STU_412,3.07,16,4,13,Below 10k,1,1,0,1,0,Stable,3,2024,1,142,8000,0,1,1,1
STU_413,3.0,7,7,0,16-20K,1,1,2,1,0,Stable,12,2023,4,47,18000,0,1,3,1
STU_414,2.79,2,5,9,Below 10k,0,1,0,1,1,Stable,2,2024,1,110,8000,0,0,1,0
STU_415,2.91,6,6,10,Below 10k,1,1,0,1,0,Stable,2,2024,1,99,8000,0,0,1,0
STU_416,2.52,17,2,6,10-15K,1,1,1,1,0,Stable,12,2023,4,39,12500,0,0,2,0
STU_417,2.7,5,1,11,16-20K,0,1,2,1,0,Stable,1,2024,1,62,18000,0,0,3,0
STU_418,2.93,3,2,6,Below 10k,1,1,0,1,0,Stable,11,2023,4,29,8000,0,0,1,0
STU_419,2.17,21,0,16,Below 10k,0,1,0,0,0,Stable,12,2023,4,30,8000,0,0,0,1
STU_420,2.54,0,7,0,16-20K,0,1,2,1,0,Stable,3,2024,1,135,18000,0,0,3,0
STU_421,3.26,0,7,0,10-15K,0,1,1,1,0,Stable,12,2023,4,52,12500,0,1,2,1
STU_422,3.45,16,6,14,16-20K,1,1,2,1,0,Stable,12,2023,4,56,18000,0,2,3,0
STU_423,2.77,19,6,1,Below 10k,1,1,0,1,1,Stable,3,2024,1,130,8000,0,0,1,0
STU_424,3.03,10,7,0,16-20K,1,1,2,1,0,Stable,11,2023,4,10,18000,0,1,3,1
STU_425,3.11,14,4,13,10-15K,1,1,1,1,0,Stable,1,2024,1,74,12500,0,1,2,1
STU_426,3.04,13,0,7,Below 10k,1,1,0,1,0,Stable,11,2023,4,24,8000,0,1,1,1
STU_427,2.76,5,3,8,10-15K,1,1,1,1,0,Stable,2,2024,1,103,12500,0,0,2,0
STU_428,3.39,12,3,8,10-15K,0,1,1,1,0,Stable,2,2024,1,110,12500,0,1,2,1
STU_429,2.03,12,6,3,Below 10k,1,1,0,0,0,Stable,12,2023,4,38,8000,0,0,0,1
STU_430,3.92,8,7,0,16-20K,1,1,2,2,0,Stable,1,2024,1,89,18000,0,2,4,1
STU_431,2.2,11,5,9,10-15K,1,1,1,0,0,Stable,2,2024,1,100,12500,0,0,1,1
STU_432,3.48,18,0,2,16-20K,1,1,2,1,0,Stable,12,2023,4,54,18000,0,2,3,0
STU_433,3.82,7,3,8,10-15K,1,1,1,2,0,Stable,3,2024,1,135,12500,0,2,3,1
STU_434,3.06,21,0,5,Below 10k,0,1,0,1,0,Stable,11,2023,4,11,8000,0,1,1,1
STU_435,3.97,10,2,6,Below 10k,1,1,0,2,1,Stable,12,2023,4,54,8000,0,2,2,1
STU_436,3.48,2,5,9,Below 10k,0,1,0,1,0,Stable,12,2023,4,52,8000,0,2,1,0
STU_437,2.77,5,3,8,10-15K,0,1,1,1,0,Stable,1,2024,1,66,12500,0,0,2,0
STU_438,3.07,4,4,13,Below 10k,0,1,0,1,0,Stable,2,2024,1,110,8000,0,1,1,1
STU_439,2.85,22,3,8,16-20K,1,1,2,1,0,Stable,2,2024,1,119,18000,0,0,3,0
STU_440,3.37,4,4,13,Below 10k,0,1,0,1,0,Stable,12,2023,4,48,8000,0,1,1,1
STU_441,3.97,10,2,6,10-15K,1,1,1,2,0,Stable,3,2024,1,137,12500,0,2,3,1
STU_442,2.51,16,4,13,10-15K,0,1,1,1,0,Stable,2,2024,1,115,12500,0,0,2,0
STU_443,2.72,5,1,17,Below 10k,0,1,0,1,0,Stable,11,2023,4,15,8000,0,0,1,0
STU_444,3.25,0,1,18,16-20K,1,1,2,1,0,Stable,3,2024,1,147,18000,0,1,3,1
STU_445,3.2,10,2,6,Below 10k,1,1,0,1,0,Stable,12,2023,4,50,8000,0,1,1,1
STU_446,3.76,1,4,13,16-20K,0,1,2,2,0,Stable,1,2024,1,74,18000,0,2,4,1
STU_447,3.45,1,4,13,10-15K,1,1,1,1,0,Stable,3,2024,1,128,12500,0,2,2,0
STU_448,2.55,7,3,8,10-15K,0,1,1,1,0,Stable,12,2023,4,39,12500,0,0,2,0
STU_449,2.49,18,0,16,16-20K,1,1,2,0,0,Stable,12,2023,4,33,18000,0,0,2,1
STU_450,3.47,5,3,8,10-15K,1,1,1,1,0,Stable,11,2023,4,18,12500,0,2,2,0
STU_451,2.56,5,3,8,Below 10k,0,1,0,1,1,Stable,1,2024,1,90,8000,0,0,1,0
STU_452,2.83,2,5,9,10-15K,0,1,1,1,0,Stable,12,2023,4,55,12500,0,0,2,0
STU_453,2.96,22,3,8,Below 10k,0,1,0,1,0,Stable,1,2024,1,89,8000,0,0,1,0
STU_454,2.65,17,2,6,16-20K,1,1,2,1,1,Stable,1,2024,1,87,18000,0,0,3,0
STU_455,3.33,7,1,11,10-15K,1,1,1,1,0,Stable,11,2023,4,7,12500,0,1,2,1
STU_456,2.9,4,4,13,10-15K,0,1,1,1,0,Stable,3,2024,1,150,12500,0,0,2,0
STU_457,3.9,8,7,0,16-20K,0,1,2,2,0,Stable,3,2024,1,145,18000,0,2,4,1
STU_458,3.54,19,6,14,Below 10k,0,1,0,2,0,Stable,2,2024,1,111,8000,0,2,2,1
STU_459,3.86,5,1,17,10-15K,1,1,1,2,0,Stable,11,2023,4,17,12500,0,2,3,1
STU_460,3.36,13,5,9,16-20K,0,1,2,1,0,Stable,2,2024,1,111,18000,0,1,3,1
STU_461,2.19,7,7,0,16-20K,0,1,2,0,0,Stable,12,2023,4,51,18000,0,0,2,1
STU_462,2.88,0,7,0,Below 10k,0,1,0,1,0,Stable,1,2024,1,87,8000,0,0,1,0
STU_463,3.75,0,1,18,Below 10k,0,1,0,2,0,Stable,11,2023,4,24,8000,0,2,2,1
STU_464,3.11,10,2,6,16-20K,0,1,2,1,0,Stable,2,2024,1,113,18000,0,1,3,1
STU_465,3.04,6,6,12,16-20K,0,1,2,1,0,Stable,3,2024,1,125,18000,0,1,3,1
STU_466,3.4,7,1,17,16-20K,1,1,2,1,0,Stable,2,2024,1,109,18000,0,2,3,0
STU_467,3.54,11,5,9,10-15K,1,1,1,2,0,Stable,12,2023,4,30,12500,0,2,3,1
STU_468,2.74,18,0,5,10-15K,0,1,1,1,0,Stable,3,2024,1,150,12500,0,0,2,0
STU_469,2.46,9,7,0,16-20K,0,1,2,0,0,Stable,11,2023,4,26,18000,0,0,2,1
STU_470,3.01,5,0,5,10-15K,1,1,1,1,0,Stable,12,2023,4,52,12500,0,1,2,1
STU_471,3.45,7,7,0,16-20K,0,1,2,1,0,Stable,2,2024,1,106,18000,0,2,3,0
STU_472,3.43,9,7,0,10-15K,1,1,1,1,0,Stable,1,2024,1,86,12500,0,2,2,0
STU_473,2.84,14,4,13,10-15K,1,1,1,1,0,Stable,12,2023,4,49,12500,0,0,2,0
STU_474,3.39,7,3,8,10-15K,0,1,1,1,0,Stable,3,2024,1,135,12500,0,1,2,1
STU_475,2.72,10,7,0,Below 10k,1,1,0,1,0,Stable,2,2024,1,117,8000,0,0,1,0
STU_476,2.45,13,6,3,16-20K,0,1,2,0,1,Stable,1,2024,1,63,18000,0,0,2,1
STU_477,2.8,2,5,9,Below 10k,0,1,0,1,0,Stable,12,2023,4,55,8000,0,0,1,0
STU_478,3.53,16,6,10,Below 10k,1,1,0,2,0,Stable,1,2024,1,68,8000,0,2,2,1
STU_479,3.62,16,6,3,10-15K,1,1,1,2,0,Stable,12,2023,4,37,12500,0,2,3,1
STU_480,2.56,22,3,8,10-15K,0,1,1,1,0,Stable,11,2023,4,3,12500,0,0,2,0
STU_481,3.58,17,2,6,16-20K,0,1,2,2,0,Stable,1,2024,1,64,18000,0,2,4,1
STU_482,3.64,9,2,6,Below 10k,1,1,0,2,1,Stable,1,2024,1,62,8000,0,2,2,1
STU_483,3.77,13,5,9,10-15K,1,1,1,2,1,Stable,1,2024,1,62,12500,0,2,3,1
STU_484,3.15,5,3,8,10-15K,0,1,1,1,0,Stable,2,2024,1,107,12500,0,1,2,1
STU_485,2.8,6,6,3,16-20K,1,1,2,1,1,Stable,2,2024,1,115,18000,0,0,3,0
STU_486,3.39,5,3,8,16-20K,0,1,2,1,0,Stable,1,2024,1,87,18000,0,1,3,1
STU_487,3.45,11,5,9,16-20K,1,1,2,1,0,Stable,3,2024,1,147,18000,0,2,3,0
STU_488,3.77,13,6,12,10-15K,1,1,1,2,1,Stable,2,2024,1,96,12500,0,2,3,1
STU_489,3.5,13,5,9,16-20K,0,1,2,2,0,Stable,1,2024,1,79,18000,0,2,4,1
STU_490,3.42,7,1,17,16-20K,0,1,2,1,0,Stable,11,2023,4,1,18000,0,2,3,0
STU_491,3.23,13,6,12,10-15K,1,1,1,1,0,Stable,12,2023,4,51,12500,0,1,2,1
STU_492,2.65,0,7,0,10-15K,1,1,1,1,0,Stable,11,2023,4,8,12500,0,0,2,0
STU_493,2.2,9,7,0,16-20K,0,1,2,0,0,Stable,2,2024,1,114,18000,0,0,2,1
STU_494,3.28,9,7,0,Below 10k,0,1,0,1,0,Stable,11,2023,4,3,8000,0,1,1,1
STU_495,3.06,16,4,13,Below 10k,1,1,0,1,0,Stable,11,2023,4,21,8000,0,1,1,1
STU_496,2.29,14,4,13,16-20K,0,1,2,0,0,Stable,11,2023,4,2,18000,0,0,2,1
STU_497,2.92,22,3,8,16-20K,0,1,2,1,0,Stable,1,2024,1,66,18000,0,0,3,0
STU_498,3.74,5,1,17,Below 10k,1,1,0,2,0,Stable,3,2024,1,129,8000,0,2,2,1
STU_499,3.02,13,5,9,16-20K,0,1,2,1,0,Stable,11,2023,4,27,18000,0,1,3,1
STU_500,2.23,5,3,8,10-15K,0,1,1,0,0,Stable,11,2023,4,26,12500,0,0,1,1
STU_501,3.35,4,4,13,16-20K,0,1,2,1,0,Stable,11,2023,4,25,18000,0,1,3,1
STU_502,2.4,9,2,6,16-20K,1,1,2,0,1,Stable,1,2024,1,91,18000,0,0,2,1
STU_503,3.37,6,6,1,Below 10k,0,1,0,1,0,Stable,11,2023,4,8,8000,0,1,1,1
STU_504,2.53,17,2,6,Below 10k,1,1,0,1,1,Stable,3,2024,1,130,8000,0,0,1,0
STU_505,2.66,9,2,6,Below 10k,1,1,0,1,1,Stable,12,2023,4,53,8000,0,0,1,0
STU_506,3.36,7,1,11,10-15K,1,1,1,1,0,Stable,11,2023,4,3,12500,0,1,2,1
STU_507,2.57,3,2,6,10-15K,0,1,1,1,1,Stable,2,2024,1,103,12500,0,0,2,0
STU_508,3.78,8,7,0,10-15K,1,1,1,2,0,Stable,12,2023,4,47,12500,0,2,3,1
STU_509,3.16,14,4,13,10-15K,0,1,1,1,0,Stable,3,2024,1,147,12500,0,1,2,1
STU_510,2.77,6,1,18,10-15K,1,1,1,1,0,Stable,11,2023,4,12,12500,0,0,2,0
STU_511,3.42,7,7,0,Below 10k,1,1,0,1,0,Stable,12,2023,4,56,8000,0,2,1,0
STU_512,3.2,4,4,13,10-15K,0,1,1,1,1,Stable,11,2023,4,11,12500,0,1,2,1
STU_513,3.55,11,5,9,16-20K,1,1,2,2,0,Stable,2,2024,1,102,18000,0,2,4,1
STU_514,3.02,7,7,0,16-20K,1,1,2,1,0,Stable,12,2023,4,55,18000,0,1,3,1
STU_515,3.51,12,3,8,10-15K,0,1,1,2,1,Stable,12,2023,4,32,12500,0,2,3,1
STU_516,2.86,2,5,9,10-15K,0,1,1,1,0,Stable,11,2023,4,0,12500,0,0,2,0
STU_517,3.32,13,5,9,Below 10k,0,1,0,1,0,Stable,1,2024,1,72,8000,0,1,1,1
STU_518,2.58,21,0,15,Below 10k,1,1,0,1,0,Stable,12,2023,4,33,8000,0,0,1,0
STU_519,3.0,20,1,17,16-20K,0,1,2,1,0,Stable,2,2024,1,112,18000,0,1,3,1
STU_520,2.33,22,3,8,10-15K,1,1,1,0,0,Stable,2,2024,1,92,12500,0,0,1,1
STU_521,3.45,0,1,11,16-20K,0,1,2,1,0,Stable,2,2024,1,120,18000,0,2,3,0
STU_522,3.12,2,5,9,10-15K,0,1,1,1,0,Stable,11,2023,4,26,12500,0,1,2,1
STU_523,3.62,4,4,13,10-15K,1,1,1,2,1,Stable,2,2024,1,117,12500,0,2,3,1
STU_524,3.6,0,1,11,10-15K,0,1,1,2,0,Stable,11,2023,4,0,12500,0,2,3,1
STU_525,3.18,17,2,6,16-20K,1,1,2,1,0,Stable,2,2024,1,113,18000,0,1,3,1
STU_526,2.7,5,3,8,16-20K,1,1,2,1,0,Stable,3,2024,1,129,18000,0,0,3,0
STU_527,2.84,11,5,9,16-20K,0,1,2,1,0,Stable,11,2023,4,7,18000,0,0,3,0
STU_528,2.39,7,7,0,Below 10k,1,1,0,0,0,Stable,11,2023,4,16,8000,0,0,0,1
STU_529,3.74,5,3,8,10-15K,1,1,1,2,0,Stable,12,2023,4,60,12500,0,2,3,1
STU_530,2.66,7,1,11,10-15K,1,1,1,1,1,Stable,1,2024,1,74,12500,0,0,2,0
STU_531,3.31,14,0,5,10-15K,1,1,1,1,1,Stable,11,2023,4,22,12500,0,1,2,1
STU_532,3.29,4,4,13,Below 10k,0,1,0,1,0,Stable,3,2024,1,129,8000,0,1,1,1
STU_533,3.19,1,4,13,Below 10k,1,1,0,1,1,Stable,3,2024,1,134,8000,0,1,1,1
STU_534,2.13,13,6,3,16-20K,0,1,2,0,0,Stable,3,2024,1,130,18000,0,0,2,1
STU_535,2.56,13,0,2,10-15K,1,1,1,1,0,Stable,2,2024,1,109,12500,0,0,2,0
STU_536,2.87,1,4,13,16-20K,1,1,2,1,0,Stable,3,2024,1,132,18000,0,0,3,0
STU_537,2.54,16,6,1,10-15K,0,1,1,1,0,Stable,3,2024,1,141,12500,0,0,2,0
STU_538,3.02,6,1,11,16-20K,1,1,2,1,0,Stable,1,2024,1,70,18000,0,1,3,1
STU_539,2.29,4,4,13,10-15K,0,1,1,0,0,Stable,3,2024,1,143,12500,0,0,1,1
STU_540,2.65,15,6,3,Below 10k,0,1,0,1,0,Stable,12,2023,4,30,8000,0,0,1,0
STU_541,2.62,22,3,8,Below 10k,1,1,0,1,0,Stable,3,2024,1,143,8000,0,0,1,0
STU_542,2.17,16,6,1,Below 10k,0,1,0,0,0,Stable,3,2024,1,121,8000,0,0,0,1
STU_543,2.96,12,6,12,10-15K,1,1,1,1,1,Stable,3,2024,1,147,12500,0,0,2,0
STU_544,2.51,4,4,13,16-20K,0,1,2,1,0,Stable,1,2024,1,78,18000,0,0,3,0
STU_545,3.75,20,1,11,Below 10k,1,1,0,2,0,Stable,2,2024,1,100,8000,0,2,2,1
STU_546,2.74,21,0,16,16-20K,0,1,2,1,0,Stable,1,2024,1,66,18000,0,0,3,0
STU_547,3.88,16,4,13,Below 10k,1,1,0,2,0,Stable,3,2024,1,143,8000,0,2,2,1
STU_548,3.81,18,1,18,Below 10k,1,1,0,2,0,Stable,12,2023,4,44,8000,0,2,2,1
STU_549,3.15,13,5,9,Below 10k,0,1,0,1,0,Stable,3,2024,1,140,8000,0,1,1,1
STU_550,3.46,14,4,13,16-20K,1,1,2,1,0,Stable,3,2024,1,146,18000,0,2,3,0
STU_551,2.56,9,0,4,Below 10k,0,1,0,1,0,Stable,12,2023,4,54,8000,0,0,1,0
STU_552,3.21,14,0,4,Below 10k,0,1,0,1,0,Stable,12,2023,4,30,8000,0,1,1,1
STU_553,2.23,10,7,0,16-20K,0,1,2,0,1,Stable,12,2023,4,45,18000,0,0,2,1
STU_554,2.79,16,6,10,16-20K,1,1,2,1,0,Stable,3,2024,1,129,18000,0,0,3,0
STU_555,2.84,0,7,0,Below 10k,1,1,0,1,1,Stable,12,2023,4,34,8000,0,0,1,0
STU_556,2.13,12,6,1,16-20K,0,1,2,0,0,Stable,12,2023,4,39,18000,0,0,2,1
STU_557,3.36,6,6,3,10-15K,0,1,1,1,0,Stable,3,2024,1,133,12500,0,1,2,1
STU_558,2.89,14,4,13,Below 10k,0,1,0,1,0,Stable,3,2024,1,142,8000,0,0,1,0
STU_559,2.81,13,5,9,16-20K,0,1,2,1,0,Stable,1,2024,1,63,18000,0,0,3,0
STU_560,2.58,17,2,6,Below 10k,0,1,0,1,0,Stable,3,2024,1,146,8000,0,0,1,0
STU_561,3.25,16,6,12,10-15K,1,1,1,1,1,Stable,3,2024,1,148,12500,0,1,2,1
STU_562,3.55,13,6,12,16-20K,1,1,2,2,1,Stable,11,2023,4,27,18000,0,2,4,1
STU_563,3.87,22,3,8,16-20K,1,1,2,2,0,Stable,1,2024,1,85,18000,0,2,4,1
STU_564,2.63,15,6,3,Below 10k,0,1,0,1,0,Stable,2,2024,1,108,8000,0,0,1,0
STU_565,3.42,13,5,9,Below 10k,0,1,0,1,1,Stable,3,2024,1,123,8000,0,2,1,0
STU_566,3.17,9,0,2,16-20K,0,1,2,1,0,Stable,2,2024,1,104,18000,0,1,3,1
STU_567,3.68,18,1,17,Below 10k,0,1,0,2,0,Stable,11,2023,4,26,8000,0,2,2,1
STU_568,2.18,15,6,10,Below 10k,0,1,0,0,0,Stable,1,2024,1,78,8000,0,0,0,1
STU_569,2.89,16,4,13,16-20K,0,1,2,1,0,Stable,1,2024,1,71,18000,0,0,3,0
STU_570,2.62,18,1,17,16-20K,1,1,2,1,0,Stable,11,2023,4,15,18000,0,0,3,0
STU_571,3.19,16,4,13,10-15K,0,1,1,1,0,Stable,3,2024,1,123,12500,0,1,2,1
STU_572,3.3,16,6,3,16-20K,1,1,2,1,0,Stable,12,2023,4,47,18000,0,1,3,1
STU_573,2.59,3,2,6,16-20K,1,1,2,1,0,Stable,12,2023,4,40,18000,0,0,3,0
STU_574,2.02,0,1,18,16-20K,1,1,2,0,0,Stable,3,2024,1,147,18000,0,0,2,1
STU_575,3.15,13,5,9,Below 10k,1,1,0,1,0,Stable,2,2024,1,110,8000,0,1,1,1
STU_576,2.67,8,7,0,16-20K,1,1,2,1,0,Stable,3,2024,1,137,18000,0,0,3,0
STU_577,3.32,2,5,9,16-20K,0,1,2,1,0,Stable,3,2024,1,126,18000,0,1,3,1
STU_578,3.24,13,5,9,16-20K,1,1,2,1,0,Stable,11,2023,4,26,18000,0,1,3,1
STU_579,2.5,10,7,0,10-15K,1,1,1,1,0,Stable,11,2023,4,24,12500,0,0,2,0
STU_580,3.4,11,5,9,Below 10k,0,1,0,1,0,Stable,3,2024,1,131,8000,0,2,1,0
STU_581,3.26,9,2,6,Below 10k,0,1,0,1,0,Stable,1,2024,1,64,8000,0,1,1,1
STU_582,2.48,20,1,17,10-15K,0,1,1,0,0,Stable,3,2024,1,121,12500,0,0,1,1
STU_583,2.96,13,6,14,Below 10k,0,1,0,1,0,Stable,3,2024,1,126,8000,0,0,1,0
STU_584,3.93,8,7,0,16-20K,1,1,2,2,0,Stable,3,2024,1,151,18000,0,2,4,1
STU_585,2.57,9,2,6,Below 10k,0,1,0,1,0,Stable,3,2024,1,129,8000,0,0,1,0
STU_586,3.23,2,5,9,Below 10k,0,1,0,1,0,Stable,1,2024,1,69,8000,0,1,1,1
STU_587,2.96,1,4,13,Below 10k,0,1,0,1,0,Stable,3,2024,1,135,8000,0,0,1,0
STU_588,3.05,9,2,6,16-20K,1,1,2,1,1,Stable,11,2023,4,8,18000,0,1,3,1
STU_589,3.37,19,6,3,16-20K,0,1,2,1,1,Stable,12,2023,4,45,18000,0,1,3,1
STU_590,3.04,10,7,0,10-15K,0,1,1,1,0,Stable,1,2024,1,63,12500,0,1,2,1
STU_591,3.22,22,3,8,10-15K,0,1,1,1,0,Stable,2,2024,1,102,12500,0,1,2,1
STU_592,3.06,17,2,6,16-20K,1,1,2,1,1,Stable,3,2024,1,147,18000,0,1,3,1
STU_593,2.78,7,1,18,Below 10k,0,1,0,1,0,Stable,1,2024,1,78,8000,0,0,1,0
STU_594,3.62,22,3,8,16-20K,1,1,2,2,0,Stable,12,2023,4,33,18000,0,2,4,1
STU_595,2.11,1,4,13,10-15K,1,1,1,0,0,Stable,1,2024,1,72,12500,0,0,1,1
STU_596,2.81,12,3,8,16-20K,1,1,2,1,0,Stable,12,2023,4,59,18000,0,0,3,0
STU_597,3.46,13,0,15,Below 10k,1,1,0,1,0,Stable,2,2024,1,99,8000,0,2,1,0
STU_598,2.87,18,1,17,16-20K,1,1,2,1,0,Stable,12,2023,4,60,18000,0,0,3,0
STU_599,3.06,5,3,8,10-15K,1,1,1,1,0,Stable,3,2024,1,123,12500,0,1,2,1
STU_600,3.35,17,2,6,16-20K,0,1,2,1,0,Stable,12,2023,4,34,18000,0,1,3,1
STU_601,3.2,17,2,6,16-20K,1,1,2,1,0,Stable,12,2023,4,51,18000,0,1,3,1
STU_602,2.95,12,3,8,10-15K,1,1,1,1,0,Stable,3,2024,1,138,12500,0,0,2,0
STU_603,3.89,5,1,11,10-15K,0,1,1,2,0,Stable,3,2024,1,126,12500,0,2,3,1
STU_604,2.07,18,0,5,16-20K,1,1,2,0,0,Stable,3,2024,1,135,18000,0,0,2,1
STU_605,2.89,1,4,13,16-20K,1,1,2,1,1,Stable,11,2023,4,9,18000,0,0,3,0
STU_606,2.94,2,5,9,Below 10k,1,1,0,1,0,Stable,1,2024,1,85,8000,0,0,1,0
STU_607,2.85,21,0,7,16-20K,1,1,2,1,1,Stable,3,2024,1,150,18000,0,0,3,0
STU_608,2.99,9,0,4,Below 10k,0,1,0,1,0,Stable,2,2024,1,110,8000,0,0,1,0
STU_609,3.82,20,1,11,10-15K,1,1,1,2,0,Stable,11,2023,4,16,12500,0,2,3,1
STU_610,2.98,16,6,1,16-20K,0,1,2,1,0,Stable,2,2024,1,119,18000,0,0,3,0
STU_611,2.02,11,5,9,16-20K,1,1,2,0,1,Stable,1,2024,1,75,18000,0,0,2,1
STU_612,2.62,17,2,6,10-15K,0,1,1,1,0,Stable,2,2024,1,119,12500,0,0,2,0
STU_613,2.91,20,1,18,10-15K,1,1,1,1,0,Stable,3,2024,1,138,12500,0,0,2,0
STU_614,3.19,1,4,13,Below 10k,1,1,0,1,1,Stable,3,2024,1,130,8000,0,1,1,1
STU_615,2.88,7,3,8,Below 10k,1,1,0,1,0,Stable,12,2023,4,37,8000,0,0,1,0
STU_616,3.38,4,4,13,Below 10k,1,1,0,1,0,Stable,2,2024,1,92,8000,0,1,1,1
STU_617,2.92,7,1,17,16-20K,0,1,2,1,0,Stable,2,2024,1,95,18000,0,0,3,0
STU_618,3.37,3,2,6,10-15K,0,1,1,1,0,Stable,11,2023,4,1,12500,0,1,2,1
STU_619,3.39,7,7,0,10-15K,0,1,1,1,0,Stable,2,2024,1,105,12500,0,1,2,1
STU_620,3.48,16,4,13,10-15K,1,1,1,1,0,Stable,3,2024,1,149,12500,0,2,2,0
STU_621,3.19,1,4,13,10-15K,0,1,1,1,0,Stable,11,2023,4,0,12500,0,1,2,1
STU_622,2.14,5,0,15,16-20K,0,1,2,0,0,Stable,3,2024,1,131,18000,0,0,2,1
STU_623,2.71,11,5,9,16-20K,1,1,2,1,0,Stable,11,2023,4,25,18000,0,0,3,0
STU_624,3.34,9,7,0,10-15K,1,1,1,1,1,Stable,1,2024,1,73,12500,0,1,2,1
STU_625,2.34,3,2,6,Below 10k,1,1,0,0,0,Stable,1,2024,1,62,8000,0,0,0,1
STU_626,3.38,2,5,9,16-20K,1,1,2,1,0,Stable,2,2024,1,117,18000,0,1,3,1
STU_627,3.63,12,6,10,10-15K,0,1,1,2,0,Stable,1,2024,1,87,12500,0,2,3,1
STU_628,3.26,5,0,4,10-15K,1,1,1,1,0,Stable,1,2024,1,86,12500,0,1,2,1
STU_629,2.93,15,6,12,16-20K,0,1,2,1,0,Stable,12,2023,4,32,18000,0,0,3,0
STU_630,2.33,2,5,9,Below 10k,0,1,0,0,1,Stable,12,2023,4,32,8000,0,0,0,1
STU_631,2.22,12,3,8,Below 10k,1,1,0,0,0,Stable,3,2024,1,126,8000,0,0,0,1
STU_632,3.74,10,2,6,16-20K,1,1,2,2,1,Stable,2,2024,1,107,18000,0,2,4,1
STU_633,3.35,9,7,0,10-15K,0,1,1,1,0,Stable,3,2024,1,132,12500,0,1,2,1
STU_634,3.24,12,6,12,Below 10k,1,1,0,1,0,Stable,11,2023,4,0,8000,0,1,1,1
STU_635,3.83,19,6,12,16-20K,1,1,2,2,0,Stable,11,2023,4,15,18000,0,2,4,1
STU_636,3.41,11,5,9,Below 10k,0,1,0,1,0,Stable,12,2023,4,32,8000,0,2,1,0
STU_637,3.78,7,7,0,10-15K,1,1,1,2,0,Stable,1,2024,1,77,12500,0,2,3,1
STU_638,3.42,22,3,8,16-20K,1,1,2,1,1,Stable,1,2024,1,72,18000,0,2,3,0
STU_639,2.65,13,0,16,16-20K,0,1,2,1,1,Stable,2,2024,1,99,18000,0,0,3,0
STU_640,3.69,5,1,11,10-15K,1,1,1,2,0,Stable,1,2024,1,86,12500,0,2,3,1
STU_641,2.56,11,5,9,16-20K,0,1,2,1,0,Stable,2,2024,1,100,18000,0,0,3,0
STU_642,2.79,5,1,11,10-15K,1,1,1,1,0,Stable,1,2024,1,80,12500,0,0,2,0
STU_643,3.64,16,6,10,Below 10k,0,1,0,2,0,Stable,1,2024,1,77,8000,0,2,2,1
STU_644,3.11,8,7,0,10-15K,0,1,1,1,0,Stable,1,2024,1,62,12500,0,1,2,1
STU_645,2.13,0,1,17,Below 10k,1,1,0,0,0,Stable,3,2024,1,135,8000,0,0,0,1
STU_646,3.39,6,6,3,10-15K,1,1,1,1,0,Stable,12,2023,4,58,12500,0,1,2,1
STU_647,3.71,13,6,3,10-15K,1,1,1,2,0,Stable,3,2024,1,141,12500,0,2,3,1
STU_648,3.84,3,2,6,16-20K,0,1,2,2,0,Stable,3,2024,1,139,18000,0,2,4,1
STU_649,3.2,14,4,13,Below 10k,0,1,0,1,0,Stable,2,2024,1,119,8000,0,1,1,1
STU_650,3.55,21,0,5,Below 10k,0,1,0,2,0,Stable,12,2023,4,35,8000,0,2,2,1
STU_651,2.3,14,4,13,Below 10k,1,1,0,0,1,Stable,12,2023,4,30,8000,0,0,0,1
STU_652,3.94,9,2,6,16-20K,0,1,2,2,0,Stable,3,2024,1,135,18000,0,2,4,1
STU_653,2.96,0,7,0,10-15K,1,1,1,1,0,Stable,1,2024,1,69,12500,0,0,2,0
STU_654,3.69,3,2,6,16-20K,0,1,2,2,0,Stable,1,2024,1,68,18000,0,2,4,1
STU_655,3.44,10,2,6,16-20K,0,1,2,1,0,Stable,2,2024,1,99,18000,0,2,3,0
STU_656,3.53,9,2,6,Below 10k,0,1,0,2,0,Stable,1,2024,1,90,8000,0,2,2,1
STU_657,2.05,5,3,8,16-20K,1,1,2,0,0,Stable,3,2024,1,140,18000,0,0,2,1
STU_658,3.87,9,2,6,Below 10k,1,1,0,2,0,Stable,3,2024,1,127,8000,0,2,2,1
STU_659,3.39,11,5,9,Below 10k,0,1,0,1,0,Stable,12,2023,4,39,8000,0,1,1,1
STU_660,3.9,18,1,17,Below 10k,1,1,0,2,0,Stable,1,2024,1,64,8000,0,2,2,1
STU_661,2.97,16,6,10,16-20K,1,1,2,1,0,Stable,12,2023,4,37,18000,0,0,3,0
STU_662,2.6,5,1,18,Below 10k,1,1,0,1,0,Stable,12,2023,4,47,8000,0,0,1,0
STU_663,2.52,19,6,10,Below 10k,1,1,0,1,0,Stable,12,2023,4,58,8000,0,0,1,0
STU_664,2.58,17,2,6,16-20K,1,1,2,1,0,Stable,2,2024,1,120,18000,0,0,3,0
STU_665,2.91,1,4,13,16-20K,0,1,2,1,1,Stable,3,2024,1,127,18000,0,0,3,0
STU_666,2.83,14,4,13,10-15K,0,1,1,1,0,Stable,3,2024,1,142,12500,0,0,2,0
STU_667,2.47,15,6,12,16-20K,1,1,2,0,0,Stable,12,2023,4,49,18000,0,0,2,1
STU_668,3.63,7,1,11,16-20K,1,1,2,2,0,Stable,12,2023,4,47,18000,0,2,4,1
STU_669,3.01,13,5,9,Below 10k,1,1,0,1,1,Stable,3,2024,1,126,8000,0,1,1,1
STU_670,3.05,6,1,17,Below 10k,1,1,0,1,0,Stable,12,2023,4,36,8000,0,1,1,1
STU_671,2.78,18,0,5,Below 10k,0,1,0,1,0,Stable,2,2024,1,99,8000,0,0,1,0
STU_672,2.45,6,6,3,16-20K,1,1,2,0,0,Stable,3,2024,1,130,18000,0,0,2,1
STU_673,2.09,5,3,8,10-15K,0,1,1,0,0,Stable,11,2023,4,22,12500,0,0,1,1
STU_674,2.68,20,1,18,Below 10k,0,1,0,1,0,Stable,1,2024,1,71,8000,0,0,1,0
STU_675,2.33,12,3,8,10-15K,0,1,1,0,0,Stable,2,2024,1,97,12500,0,0,1,1
STU_676,3.74,3,2,6,10-15K,1,1,1,2,0,Stable,2,2024,1,101,12500,0,2,3,1
STU_677,2.16,15,6,10,16-20K,0,1,2,0,0,Stable,12,2023,4,34,18000,0,0,2,1
STU_678,2.76,17,2,6,10-15K,1,1,1,1,0,Stable,3,2024,1,138,12500,0,0,2,0
STU_679,3.13,16,4,13,10-15K,0,1,1,1,0,Stable,3,2024,1,145,12500,0,1,2,1
STU_680,3.75,5,1,11,10-15K,0,1,1,2,0,Stable,1,2024,1,88,12500,0,2,3,1
STU_681,2.71,17,2,6,Below 10k,0,1,0,1,0,Stable,1,2024,1,74,8000,0,0,1,0
STU_682,2.84,16,4,13,Below 10k,1,1,0,1,0,Stable,12,2023,4,45,8000,0,0,1,0
STU_683,2.9,4,4,13,16-20K,0,1,2,1,0,Stable,2,2024,1,118,18000,0,0,3,0
STU_684,3.4,7,3,8,Below 10k,1,1,0,1,0,Stable,11,2023,4,18,8000,0,2,1,0
STU_685,2.84,9,2,6,10-15K,0,1,1,1,0,Stable,11,2023,4,18,12500,0,0,2,0
STU_686,3.32,2,5,9,10-15K,0,1,1,1,0,Stable,2,2024,1,97,12500,0,1,2,1
STU_687,3.61,7,1,18,10-15K,1,1,1,2,0,Stable,1,2024,1,82,12500,0,2,3,1
STU_688,3.16,7,7,0,10-15K,0,1,1,1,0,Stable,12,2023,4,59,12500,0,1,2,1
STU_689,3.87,18,0,15,16-20K,0,1,2,2,0,Stable,2,2024,1,117,18000,0,2,4,1
STU_690,2.69,19,6,12,Below 10k,0,1,0,1,0,Stable,2,2024,1,116,8000,0,0,1,0
STU_691,3.51,14,4,13,Below 10k,1,1,0,2,0,Stable,1,2024,1,72,8000,0,2,2,1
STU_692,2.72,8,7,0,10-15K,0,1,1,1,0,Stable,1,2024,1,66,12500,0,0,2,0
STU_693,3.0,0,1,11,16-20K,0,1,2,1,0,Stable,2,2024,1,104,18000,0,1,3,1
STU_694,2.58,5,0,15,Below 10k,0,1,0,1,0,Stable,12,2023,4,46,8000,0,0,1,0
STU_695,3.53,6,6,10,16-20K,0,1,2,2,0,Stable,11,2023,4,27,18000,0,2,4,1
STU_696,3.08,14,4,13,16-20K,0,1,2,1,0,Stable,3,2024,1,143,18000,0,1,3,1
STU_697,2.0,12,6,12,16-20K,0,1,2,0,0,Stable,1,2024,1,68,18000,0,0,2,1
STU_698,3.19,3,2,6,16-20K,0,1,2,1,0,Stable,2,2024,1,100,18000,0,1,3,1
STU_699,2.4,0,7,0,16-20K,0,1,2,0,0,Stable,1,2024,1,64,18000,0,0,2,1
STU_700,3.11,19,6,14,Below 10k,1,1,0,1,0,Stable,11,2023,4,6,8000,0,1,1,1
STU_701,3.45,9,2,6,10-15K,0,1,1,1,0,Stable,11,2023,4,11,12500,0,2,2,0
STU_702,2.93,5,3,8,10-15K,1,1,1,1,0,Stable,1,2024,1,90,12500,0,0,2,0
STU_703,3.7,11,5,9,10-15K,1,1,1,2,0,Stable,1,2024,1,70,12500,0,2,3,1
STU_704,3.35,7,1,18,10-15K,1,1,1,1,0,Stable,1,2024,1,72,12500,0,1,2,1
STU_705,2.52,16,4,13,Below 10k,0,1,0,1,0,Stable,12,2023,4,58,8000,0,0,1,0
STU_706,3.34,21,0,5,10-15K,1,1,1,1,0,Stable,3,2024,1,128,12500,0,1,2,1
STU_707,3.44,13,5,9,Below 10k,1,1,0,1,0,Stable,3,2024,1,138,8000,0,2,1,0
STU_708,3.03,8,7,0,10-15K,1,1,1,1,1,Stable,2,2024,1,97,12500,0,1,2,1
STU_709,2.7,12,6,14,Below 10k,0,1,0,1,0,Stable,3,2024,1,125,8000,0,0,1,0
STU_710,3.03,1,4,13,10-15K,0,1,1,1,0,Stable,11,2023,4,15,12500,0,1,2,1
STU_711,3.52,6,6,3,Below 10k,1,1,0,2,0,Stable,2,2024,1,120,8000,0,2,2,1
STU_712,2.85,13,5,9,16-20K,1,1,2,1,0,Stable,1,2024,1,84,18000,0,0,3,0
STU_713,2.67,11,5,9,Below 10k,0,1,0,1,0,Stable,2,2024,1,104,8000,0,0,1,0
STU_714,2.34,3,2,6,10-15K,0,1,1,0,0,Stable,3,2024,1,141,12500,0,0,1,1
STU_715,2.15,13,5,9,16-20K,0,1,2,0,0,Stable,11,2023,4,20,18000,0,0,2,1
STU_716,3.8,13,0,2,Below 10k,1,1,0,2,0,Stable,1,2024,1,82,8000,0,2,2,1
STU_717,3.35,5,0,7,Below 10k,1,1,0,1,0,Stable,3,2024,1,145,8000,0,1,1,1
STU_718,3.89,9,2,6,Below 10k,1,1,0,2,0,Stable,12,2023,4,30,8000,0,2,2,1
STU_719,2.8,11,5,9,Below 10k,1,1,0,1,0,Stable,3,2024,1,129,8000,0,0,1,0
STU_720,3.59,12,6,3,16-20K,0,1,2,2,0,Stable,2,2024,1,104,18000,0,2,4,1
STU_721,3.81,0,7,0,Below 10k,1,1,0,2,0,Stable,1,2024,1,61,8000,0,2,2,1
STU_722,2.45,6,6,10,16-20K,0,1,2,0,0,Stable,11,2023,4,25,18000,0,0,2,1
STU_723,2.8,9,0,2,Below 10k,0,1,0,1,0,Stable,1,2024,1,77,8000,0,0,1,0
STU_724,2.67,2,5,9,16-20K,1,1,2,1,0,Stable,11,2023,4,23,18000,0,0,3,0
STU_725,3.29,10,2,6,10-15K,0,1,1,1,0,Stable,12,2023,4,53,12500,0,1,2,1
STU_726,3.02,7,3,8,10-15K,0,1,1,1,0,Stable,3,2024,1,133,12500,0,1,2,1
STU_727,3.62,17,2,6,16-20K,0,1,2,2,0,Stable,3,2024,1,147,18000,0,2,4,1
STU_728,2.54,0,1,11,16-20K,1,1,2,1,0,Stable,12,2023,4,41,18000,0,0,3,0
STU_729,2.58,2,5,9,16-20K,0,1,2,1,0,Stable,3,2024,1,121,18000,0,0,3,0
STU_730,3.13,10,2,6,Below 10k,1,1,0,1,0,Stable,1,2024,1,77,8000,0,1,1,1
STU_731,2.91,7,3,8,16-20K,1,1,2,1,1,Stable,2,2024,1,93,18000,0,0,3,0
STU_732,2.95,22,3,8,Below 10k,0,1,0,1,0,Stable,1,2024,1,76,8000,0,0,1,0
STU_733,3.79,10,2,6,Below 10k,1,1,0,2,0,Stable,3,2024,1,150,8000,0,2,2,1
STU_734,3.2,2,5,9,16-20K,0,1,2,1,0,Stable,3,2024,1,148,18000,0,1,3,1
STU_735,2.93,15,6,1,Below 10k,1,1,0,1,0,Stable,2,2024,1,102,8000,0,0,1,0
STU_736,3.23,9,0,16,Below 10k,1,1,0,1,0,Stable,2,2024,1,100,8000,0,1,1,1
STU_737,2.91,16,6,1,16-20K,1,1,2,1,1,Stable,1,2024,1,81,18000,0,0,3,0
STU_738,2.95,1,4,13,Below 10k,1,1,0,1,1,Stable,1,2024,1,91,8000,0,0,1,0
STU_739,2.4,22,3,8,Below 10k,0,1,0,0,0,Stable,11,2023,4,27,8000,0,0,0,1
STU_740,2.65,6,1,17,10-15K,0,1,1,1,0,Stable,1,2024,1,66,12500,0,0,2,0
STU_741,2.18,10,2,6,16-20K,1,1,2,0,0,Stable,11,2023,4,20,18000,0,0,2,1
STU_742,3.12,5,1,17,10-15K,1,1,1,1,0,Stable,11,2023,4,5,12500,0,1,2,1
STU_743,2.63,6,1,11,10-15K,0,1,1,1,0,Stable,3,2024,1,122,12500,0,0,2,0
STU_744,3.88,6,1,18,10-15K,0,1,1,2,0,Stable,1,2024,1,80,12500,0,2,3,1
STU_745,3.04,2,5,9,10-15K,1,1,1,1,0,Stable,11,2023,4,0,12500,0,1,2,1
STU_746,3.72,5,3,8,16-20K,0,1,2,2,0,Stable,2,2024,1,102,18000,0,2,4,1
STU_747,3.33,13,6,3,10-15K,1,1,1,1,0,Stable,12,2023,4,46,12500,0,1,2,1
STU_748,3.37,14,0,16,Below 10k,0,1,0,1,0,Stable,12,2023,4,58,8000,0,1,1,1
STU_749,3.3,1,4,13,Below 10k,1,1,0,1,0,Stable,1,2024,1,86,8000,0,1,1,1
STU_750,3.43,10,2,6,Below 10k,1,1,0,1,0,Stable,1,2024,1,72,8000,0,2,1,0
STU_751,2.63,3,2,6,10-15K,0,1,1,1,0,Stable,1,2024,1,62,12500,0,0,2,0
STU_752,3.89,7,3,8,16-20K,0,1,2,2,0,Stable,3,2024,1,134,18000,0,2,4,1
STU_753,3.2,4,4,13,Below 10k,1,1,0,1,0,Stable,1,2024,1,71,8000,0,1,1,1
STU_754,2.65,9,2,6,Below 10k,1,1,0,1,0,Stable,2,2024,1,101,8000,0,0,1,0
STU_755,3.33,5,3,8,Below 10k,0,1,0,1,0,Stable,1,2024,1,82,8000,0,1,1,1
STU_756,2.68,5,0,16,16-20K,0,1,2,1,0,Stable,11,2023,4,7,18000,0,0,3,0
STU_757,3.32,7,7,0,10-15K,1,1,1,1,0,Stable,2,2024,1,96,12500,0,1,2,1
STU_758,3.07,11,5,9,Below 10k,1,1,0,1,1,Stable,12,2023,4,33,8000,0,1,1,1
STU_759,2.15,10,7,0,Below 10k,0,1,0,0,0,Stable,12,2023,4,30,8000,0,0,0,1
STU_760,3.24,8,7,0,Below 10k,1,1,0,1,0,Stable,11,2023,4,17,8000,0,1,1,1
STU_761,2.26,11,5,9,Below 10k,0,1,0,0,0,Stable,12,2023,4,58,8000,0,0,0,1
STU_762,3.31,6,1,17,10-15K,1,1,1,1,0,Stable,12,2023,4,30,12500,0,1,2,1
STU_763,2.88,3,2,6,16-20K,1,1,2,1,0,Stable,1,2024,1,87,18000,0,0,3,0
STU_764,2.44,12,6,12,Below 10k,1,1,0,0,0,Stable,2,2024,1,109,8000,0,0,0,1
STU_765,3.38,5,0,5,Below 10k,0,1,0,1,0,Stable,1,2024,1,79,8000,0,1,1,1
STU_766,2.79,0,7,0,10-15K,0,1,1,1,0,Stable,1,2024,1,79,12500,0,0,2,0
STU_767,2.03,17,2,6,16-20K,0,1,2,0,0,Stable,2,2024,1,98,18000,0,0,2,1
STU_768,3.15,4,4,13,Below 10k,0,1,0,1,0,Stable,3,2024,1,144,8000,0,1,1,1
STU_769,3.33,12,6,10,16-20K,1,1,2,1,0,Stable,1,2024,1,76,18000,0,1,3,1
STU_770,3.88,0,1,17,Below 10k,0,1,0,2,0,Stable,3,2024,1,148,8000,0,2,2,1
STU_771,3.44,21,0,2,10-15K,0,1,1,1,0,Stable,2,2024,1,117,12500,0,2,2,0
STU_772,2.66,13,0,7,10-15K,1,1,1,1,1,Stable,3,2024,1,127,12500,0,0,2,0
STU_773,2.08,5,3,8,16-20K,1,1,2,0,1,Stable,2,2024,1,96,18000,0,0,2,1
STU_774,2.6,7,3,8,10-15K,0,1,1,1,0,Stable,3,2024,1,144,12500,0,0,2,0
STU_775,2.89,12,6,12,Below 10k,0,1,0,1,0,Stable,3,2024,1,126,8000,0,0,1,0
STU_776,2.88,9,2,6,Below 10k,1,1,0,1,0,Stable,1,2024,1,66,8000,0,0,1,0
STU_777,3.22,1,4,13,10-15K,1,1,1,1,0,Stable,12,2023,4,58,12500,0,1,2,1
STU_778,2.16,7,3,8,Below 10k,0,1,0,0,0,Stable,12,2023,4,35,8000,0,0,0,1
STU_779,3.64,16,6,1,10-15K,0,1,1,2,0,Stable,12,2023,4,34,12500,0,2,3,1
STU_780,2.93,14,4,13,16-20K,0,1,2,1,0,Stable,1,2024,1,69,18000,0,0,3,0
STU_781,3.95,22,3,8,16-20K,1,1,2,2,0,Stable,2,2024,1,118,18000,0,2,4,1
STU_782,3.47,5,1,11,Below 10k,1,1,0,1,0,Stable,12,2023,4,48,8000,0,2,1,0
STU_783,3.02,18,0,7,16-20K,1,1,2,1,0,Stable,2,2024,1,95,18000,0,1,3,1
STU_784,3.37,10,2,6,Below 10k,1,1,0,1,0,Stable,1,2024,1,84,8000,0,1,1,1
STU_785,3.39,8,7,0,16-20K,1,1,2,1,0,Stable,1,2024,1,63,18000,0,1,3,1
STU_786,2.26,9,0,4,Below 10k,0,1,0,0,0,Stable,2,2024,1,111,8000,0,0,0,1
STU_787,2.66,9,0,15,10-15K,0,1,1,1,0,Stable,3,2024,1,138,12500,0,0,2,0
STU_788,3.94,12,3,8,16-20K,0,1,2,2,0,Stable,3,2024,1,123,18000,0,2,4,1
STU_789,3.13,0,7,0,16-20K,0,1,2,1,0,Stable,3,2024,1,132,18000,0,1,3,1
STU_790,3.89,22,3,8,Below 10k,0,1,0,2,0,Stable,1,2024,1,85,8000,0,2,2,1
STU_791,3.22,7,1,11,Below 10k,1,1,0,1,0,Stable,1,2024,1,81,8000,0,1,1,1
STU_792,2.79,18,0,16,16-20K,1,1,2,1,0,Stable,12,2023,4,53,18000,0,0,3,0
STU_793,3.37,18,0,7,Below 10k,1,1,0,1,0,Stable,1,2024,1,66,8000,0,1,1,1
STU_794,2.07,19,6,1,10-15K,1,1,1,0,1,Stable,3,2024,1,144,12500,0,0,1,1
STU_795,3.02,11,5,9,Below 10k,1,1,0,1,0,Stable,1,2024,1,91,8000,0,1,1,1
STU_796,3.07,0,7,0,10-15K,1,1,1,1,0,Stable,1,2024,1,75,12500,0,1,2,1
STU_797,3.11,6,1,18,Below 10k,0,1,0,1,0,Stable,12,2023,4,57,8000,0,1,1,1
STU_798,2.12,13,6,3,Below 10k,1,1,0,0,0,Stable,1,2024,1,67,8000,0,0,0,1
STU_799,3.24,9,0,4,10-15K,0,1,1,1,0,Stable,2,2024,1,101,12500,0,1,2,1
STU_800,3.24,13,5,9,Below 10k,0,1,0,1,0,Stable,1,2024,1,74,8000,0,1,1,1
STU_801,3.95,15,6,10,16-20K,0,1,2,2,0,Stable,11,2023,4,5,18000,0,2,4,1
STU_802,2.87,1,4,13,10-15K,0,1,1,1,0,Stable,2,2024,1,118,12500,0,0,2,0
STU_803,2.26,22,3,8,Below 10k,0,1,0,0,0,Stable,2,2024,1,110,8000,0,0,0,1
STU_804,2.86,6,1,11,16-20K,1,1,2,1,0,Stable,12,2023,4,38,18000,0,0,3,0
STU_805,3.07,7,7,0,10-15K,0,1,1,1,0,Stable,12,2023,4,31,12500,0,1,2,1
STU_806,3.44,9,7,0,Below 10k,1,1,0,1,0,Stable,2,2024,1,108,8000,0,2,1,0
STU_807,2.15,16,4,13,Below 10k,1,1,0,0,0,Stable,2,2024,1,92,8000,0,0,0,1
STU_808,2.07,12,3,8,16-20K,0,1,2,0,0,Stable,11,2023,4,10,18000,0,0,2,1
STU_809,2.76,4,4,13,10-15K,0,1,1,1,0,Stable,2,2024,1,103,12500,0,0,2,0
STU_810,3.05,22,3,8,10-15K,0,1,1,1,0,Stable,1,2024,1,61,12500,0,1,2,1
STU_811,2.42,5,0,2,16-20K,0,1,2,0,0,Stable,2,2024,1,111,18000,0,0,2,1
STU_812,3.84,19,6,12,10-15K,1,1,1,2,0,Stable,12,2023,4,58,12500,0,2,3,1
STU_813,3.39,7,1,17,16-20K,0,1,2,1,0,Stable,2,2024,1,95,18000,0,1,3,1
STU_814,3.38,10,2,6,Below 10k,1,1,0,1,0,Stable,11,2023,4,29,8000,0,1,1,1
STU_815,2.71,15,6,14,Below 10k,0,1,0,1,0,Stable,1,2024,1,70,8000,0,0,1,0
STU_816,2.71,14,4,13,Below 10k,1,1,0,1,1,Stable,2,2024,1,107,8000,0,0,1,0
STU_817,2.9,4,4,13,16-20K,1,1,2,1,0,Stable,11,2023,4,16,18000,0,0,3,0
STU_818,3.77,13,0,7,16-20K,1,1,2,2,1,Stable,3,2024,1,146,18000,0,2,4,1
STU_819,2.94,13,5,9,10-15K,1,1,1,1,0,Stable,2,2024,1,100,12500,0,0,2,0
STU_820,3.33,1,4,13,10-15K,0,1,1,1,0,Stable,1,2024,1,79,12500,0,1,2,1
STU_821,3.63,13,6,1,16-20K,0,1,2,2,0,Stable,12,2023,4,32,18000,0,2,4,1
STU_822,2.49,11,5,9,Below 10k,1,1,0,0,1,Stable,1,2024,1,71,8000,0,0,0,1
STU_823,3.59,11,5,9,16-20K,0,1,2,2,0,Stable,3,2024,1,150,18000,0,2,4,1
STU_824,3.25,0,7,0,16-20K,1,1,2,1,0,Stable,1,2024,1,85,18000,0,1,3,1
STU_825,2.58,3,2,6,10-15K,1,1,1,1,0,Stable,3,2024,1,122,12500,0,0,2,0
STU_826,2.82,11,5,9,Below 10k,1,1,0,1,0,Stable,3,2024,1,127,8000,0,0,1,0
STU_827,2.59,6,1,11,10-15K,0,1,1,1,0,Stable,12,2023,4,37,12500,0,0,2,0
STU_828,2.83,21,0,2,Below 10k,0,1,0,1,0,Stable,2,2024,1,109,8000,0,0,1,0
STU_829,3.35,12,6,3,10-15K,0,1,1,1,0,Stable,12,2023,4,46,12500,0,1,2,1
STU_830,3.64,11,5,9,16-20K,0,1,2,2,1,Stable,1,2024,1,64,18000,0,2,4,1
STU_831,2.72,15,6,3,16-20K,0,1,2,1,0,Stable,12,2023,4,56,18000,0,0,3,0
STU_832,3.66,16,4,13,10-15K,1,1,1,2,0,Stable,12,2023,4,45,12500,0,2,3,1
STU_833,2.07,13,0,5,16-20K,1,1,2,0,1,Stable,12,2023,4,38,18000,0,0,2,1
STU_834,3.23,9,7,0,16-20K,1,1,2,1,0,Stable,3,2024,1,134,18000,0,1,3,1
STU_835,3.45,5,1,11,16-20K,1,1,2,1,0,Stable,3,2024,1,135,18000,0,2,3,0
STU_836,3.08,3,2,6,Below 10k,0,1,0,1,0,Stable,1,2024,1,69,8000,0,1,1,1
STU_837,3.35,1,4,13,16-20K,1,1,2,1,0,Stable,11,2023,4,28,18000,0,1,3,1
STU_838,3.77,4,4,13,16-20K,0,1,2,2,0,Stable,11,2023,4,7,18000,0,2,4,1
STU_839,2.57,2,5,9,10-15K,1,1,1,1,0,Stable,1,2024,1,83,12500,0,0,2,0
STU_840,2.84,12,3,8,10-15K,1,1,1,1,1,Stable,1,2024,1,77,12500,0,0,2,0
STU_841,2.9,0,1,11,10-15K,1,1,1,1,0,Stable,12,2023,4,45,12500,0,0,2,0
STU_842,2.67,11,5,9,16-20K,0,1,2,1,0,Stable,2,2024,1,97,18000,0,0,3,0
STU_843,2.86,21,0,15,10-15K,0,1,1,1,0,Stable,12,2023,4,35,12500,0,0,2,0
STU_844,2.85,0,7,0,Below 10k,0,1,0,1,0,Stable,11,2023,4,22,8000,0,0,1,0
STU_845,3.83,17,2,6,10-15K,1,1,1,2,0,Stable,3,2024,1,142,12500,0,2,3,1
STU_846,2.66,0,7,0,16-20K,1,1,2,1,0,Stable,3,2024,1,134,18000,0,0,3,0
STU_847,3.14,0,1,11,Below 10k,0,1,0,1,0,Stable,1,2024,1,89,8000,0,1,1,1
STU_848,3.4,11,5,9,16-20K,1,1,2,1,1,Stable,2,2024,1,92,18000,0,2,3,0
STU_849,3.29,3,2,6,Below 10k,0,1,0,1,0,Stable,1,2024,1,83,8000,0,1,1,1
STU_850,2.79,4,4,13,16-20K,0,1,2,1,0,Stable,1,2024,1,72,18000,0,0,3,0
STU_851,3.71,7,3,8,10-15K,1,1,1,2,1,Stable,1,2024,1,91,12500,0,2,3,1
STU_852,3.31,16,4,13,10-15K,1,1,1,1,0,Stable,2,2024,1,109,12500,0,1,2,1
STU_853,3.06,7,3,8,16-20K,0,1,2,1,0,Stable,11,2023,4,25,18000,0,1,3,1
STU_854,3.16,14,0,15,Below 10k,1,1,0,1,0,Stable,12,2023,4,31,8000,0,1,1,1
STU_855,2.22,2,5,9,Below 10k,1,1,0,0,0,Stable,12,2023,4,55,8000,0,0,0,1
STU_856,3.08,6,6,1,16-20K,1,1,2,1,1,Stable,11,2023,4,18,18000,0,1,3,1
STU_857,3.09,7,7,0,Below 10k,0,1,0,1,0,Stable,11,2023,4,19,8000,0,1,1,1
STU_858,3.56,12,3,8,Below 10k,1,1,0,2,0,Stable,2,2024,1,104,8000,0,2,2,1
STU_859,3.31,15,6,10,16-20K,1,1,2,1,1,Stable,2,2024,1,110,18000,0,1,3,1
STU_860,2.65,5,1,17,Below 10k,1,1,0,1,0,Stable,2,2024,1,120,8000,0,0,1,0
STU_861,2.61,3,2,6,10-15K,1,1,1,1,0,Stable,3,2024,1,134,12500,0,0,2,0
STU_862,2.12,5,1,17,Below 10k,1,1,0,0,0,Stable,11,2023,4,17,8000,0,0,0,1
STU_863,2.63,14,4,13,Below 10k,1,1,0,1,0,Stable,3,2024,1,140,8000,0,0,1,0
STU_864,2.66,3,2,6,10-15K,0,1,1,1,0,Stable,3,2024,1,136,12500,0,0,2,0
STU_865,2.22,6,6,12,16-20K,0,1,2,0,0,Stable,1,2024,1,68,18000,0,0,2,1
STU_866,3.23,11,5,9,Below 10k,0,1,0,1,0,Stable,1,2024,1,61,8000,0,1,1,1
STU_867,2.09,10,2,6,Below 10k,1,1,0,0,0,Stable,12,2023,4,56,8000,0,0,0,1
STU_868,2.27,10,2,6,Below 10k,1,1,0,0,1,Stable,11,2023,4,0,8000,0,0,0,1
STU_869,3.29,8,7,0,16-20K,0,1,2,1,0,Stable,11,2023,4,20,18000,0,1,3,1
STU_870,3.92,2,5,9,16-20K,0,1,2,2,0,Stable,12,2023,4,60,18000,0,2,4,1
STU_871,2.94,10,2,6,Below 10k,0,1,0,1,0,Stable,2,2024,1,111,8000,0,0,1,0
STU_872,3.04,10,2,6,16-20K,1,1,2,1,0,Stable,2,2024,1,118,18000,0,1,3,1
STU_873,2.75,0,7,0,10-15K,0,1,1,1,0,Stable,3,2024,1,129,12500,0,0,2,0
STU_874,3.89,5,1,11,Below 10k,0,1,0,2,0,Stable,11,2023,4,21,8000,0,2,2,1
STU_875,3.46,12,3,8,Below 10k,1,1,0,1,0,Stable,12,2023,4,37,8000,0,2,1,0
STU_876,2.79,0,7,0,16-20K,0,1,2,1,0,Stable,11,2023,4,6,18000,0,0,3,0
STU_877,3.79,21,0,15,16-20K,1,1,2,2,1,Stable,3,2024,1,140,18000,0,2,4,1
STU_878,3.67,4,4,13,Below 10k,1,1,0,2,0,Stable,11,2023,4,22,8000,0,2,2,1
STU_879,2.83,15,6,12,16-20K,0,1,2,1,0,Stable,12,2023,4,38,18000,0,0,3,0
STU_880,2.67,13,5,9,10-15K,0,1,1,1,0,Stable,12,2023,4,37,12500,0,0,2,0
STU_881,3.95,22,3,8,10-15K,1,1,1,2,0,Stable,2,2024,1,117,12500,0,2,3,1
STU_882,2.92,5,0,2,Below 10k,0,1,0,1,1,Stable,2,2024,1,105,8000,0,0,1,0
STU_883,3.23,22,3,8,Below 10k,1,1,0,1,0,Stable,1,2024,1,70,8000,0,1,1,1
STU_884,3.44,22,3,8,10-15K,1,1,1,1,0,Stable,1,2024,1,79,12500,0,2,2,0
STU_885,3.29,18,1,11,10-15K,0,1,1,1,0,Stable,11,2023,4,2,12500,0,1,2,1
STU_886,3.4,19,6,1,10-15K,1,1,1,1,0,Stable,3,2024,1,148,12500,0,2,2,0
STU_887,2.18,6,1,17,10-15K,1,1,1,0,1,Stable,12,2023,4,57,12500,0,0,1,1
STU_888,3.72,21,0,16,Below 10k,0,1,0,2,0,Stable,2,2024,1,106,8000,0,2,2,1
STU_889,3.1,10,2,6,Below 10k,1,1,0,1,0,Stable,2,2024,1,95,8000,0,1,1,1
STU_890,2.84,14,0,7,Below 10k,0,1,0,1,0,Stable,11,2023,4,12,8000,0,0,1,0
STU_891,2.7,12,3,8,10-15K,1,1,1,1,0,Stable,3,2024,1,127,12500,0,0,2,0
STU_892,2.77,9,2,6,Below 10k,0,1,0,1,0,Stable,2,2024,1,92,8000,0,0,1,0
STU_893,2.95,0,7,0,10-15K,0,1,1,1,0,Stable,3,2024,1,124,12500,0,0,2,0
STU_894,2.59,2,5,9,10-15K,1,1,1,1,0,Stable,1,2024,1,85,12500,0,0,2,0
STU_895,2.34,12,3,8,Below 10k,0,1,0,0,0,Stable,1,2024,1,77,8000,0,0,0,1
STU_896,3.67,7,7,0,Below 10k,0,1,0,2,0,Stable,1,2024,1,78,8000,0,2,2,1
STU_897,2.79,21,0,16,16-20K,0,1,2,1,1,Stable,12,2023,4,30,18000,0,0,3,0
STU_898,2.52,5,3,8,16-20K,1,1,2,1,1,Stable,1,2024,1,74,18000,0,0,3,0
STU_899,3.34,1,4,13,16-20K,0,1,2,1,1,Stable,11,2023,4,4,18000,0,1,3,1
STU_900,2.7,0,1,17,16-20K,0,1,2,1,0,Stable,3,2024,1,144,18000,0,0,3,0
STU_901,3.14,16,4,13,16-20K,1,1,2,1,0,Stable,11,2023,4,11,18000,0,1,3,1
STU_902,3.05,5,3,8,10-15K,1,1,1,1,0,Stable,2,2024,1,101,12500,0,1,2,1
STU_903,3.46,8,7,0,16-20K,0,1,2,1,0,Stable,2,2024,1,109,18000,0,2,3,0
STU_904,2.34,19,6,14,Below 10k,0,1,0,0,0,Stable,12,2023,4,31,8000,0,0,0,1
STU_905,2.36,16,4,13,Below 10k,1,1,0,0,0,Stable,1,2024,1,86,8000,0,0,0,1
STU_906,2.3,8,7,0,Below 10k,1,1,0,0,0,Stable,11,2023,4,5,8000,0,0,0,1
STU_907,3.91,7,3,8,16-20K,1,1,2,2,0,Stable,1,2024,1,72,18000,0,2,4,1
STU_908,2.17,5,3,8,Below 10k,1,1,0,0,0,Stable,11,2023,4,4,8000,0,0,0,1
STU_909,3.34,13,6,12,Below 10k,1,1,0,1,0,Stable,11,2023,4,13,8000,0,1,1,1
STU_910,2.82,5,1,18,10-15K,1,1,1,1,0,Stable,12,2023,4,32,12500,0,0,2,0
STU_911,2.98,3,2,6,10-15K,0,1,1,1,0,Stable,3,2024,1,124,12500,0,0,2,0
STU_912,3.22,20,1,18,10-15K,0,1,1,1,0,Stable,2,2024,1,96,12500,0,1,2,1
STU_913,2.16,12,3,8,Below 10k,0,1,0,0,0,Stable,1,2024,1,68,8000,0,0,0,1
STU_914,2.94,4,4,13,10-15K,1,1,1,1,0,Stable,12,2023,4,50,12500,0,0,2,0
STU_915,3.49,2,5,9,10-15K,1,1,1,1,0,Stable,2,2024,1,95,12500,0,2,2,0
STU_916,3.16,12,6,3,16-20K,0,1,2,1,0,Stable,1,2024,1,66,18000,0,1,3,1
STU_917,2.26,18,0,16,16-20K,1,1,2,0,1,Stable,3,2024,1,150,18000,0,0,2,1
STU_918,3.87,11,5,9,16-20K,0,1,2,2,0,Stable,1,2024,1,83,18000,0,2,4,1
STU_919,3.14,9,0,7,16-20K,0,1,2,1,0,Stable,11,2023,4,15,18000,0,1,3,1
STU_920,3.03,16,4,13,10-15K,0,1,1,1,0,Stable,1,2024,1,72,12500,0,1,2,1
STU_921,3.34,1,4,13,Below 10k,1,1,0,1,0,Stable,2,2024,1,93,8000,0,1,1,1
STU_922,2.3,7,3,8,16-20K,1,1,2,0,1,Stable,12,2023,4,51,18000,0,0,2,1
STU_923,2.84,12,6,10,10-15K,1,1,1,1,0,Stable,11,2023,4,15,12500,0,0,2,0
STU_924,3.74,12,3,8,Below 10k,1,1,0,2,0,Stable,12,2023,4,33,8000,0,2,2,1
STU_925,2.37,20,1,11,16-20K,0,1,2,0,0,Stable,2,2024,1,100,18000,0,0,2,1
STU_926,2.97,11,5,9,Below 10k,0,1,0,1,0,Stable,12,2023,4,32,8000,0,0,1,0
STU_927,2.13,9,0,7,Below 10k,0,1,0,0,0,Stable,12,2023,4,55,8000,0,0,0,1
STU_928,3.26,13,0,7,10-15K,0,1,1,1,0,Stable,3,2024,1,146,12500,0,1,2,1
STU_929,2.48,3,2,6,16-20K,1,1,2,0,0,Stable,1,2024,1,91,18000,0,0,2,1
STU_930,3.75,10,2,6,10-15K,0,1,1,2,0,Stable,11,2023,4,29,12500,0,2,3,1
STU_931,3.35,8,7,0,16-20K,1,1,2,1,0,Stable,3,2024,1,127,18000,0,1,3,1
STU_932,2.77,16,4,13,10-15K,1,1,1,1,0,Stable,3,2024,1,134,12500,0,0,2,0
STU_933,2.84,9,2,6,10-15K,1,1,1,1,0,Stable,2,2024,1,104,12500,0,0,2,0
STU_934,3.07,12,6,14,16-20K,0,1,2,1,0,Stable,2,2024,1,117,18000,0,1,3,1
STU_935,3.68,19,6,14,10-15K,1,1,1,2,1,Stable,11,2023,4,8,12500,0,2,3,1
STU_936,2.44,5,3,8,Below 10k,1,1,0,0,0,Stable,11,2023,4,0,8000,0,0,0,1
STU_937,2.96,7,7,0,Below 10k,1,1,0,1,1,Stable,12,2023,4,39,8000,0,0,1,0
STU_938,2.63,6,1,11,10-15K,1,1,1,1,1,Stable,2,2024,1,99,12500,0,0,2,0
STU_939,3.22,19,6,10,16-20K,0,1,2,1,1,Stable,3,2024,1,125,18000,0,1,3,1
STU_940,3.68,2,5,9,10-15K,1,1,1,2,1,Stable,12,2023,4,56,12500,0,2,3,1
STU_941,3.37,0,1,18,Below 10k,1,1,0,1,1,Stable,2,2024,1,109,8000,0,1,1,1
STU_942,2.36,6,6,10,16-20K,1,1,2,0,0,Stable,1,2024,1,61,18000,0,0,2,1
STU_943,2.24,7,1,18,Below 10k,1,1,0,0,0,Stable,1,2024,1,84,8000,0,0,0,1
STU_944,3.74,10,2,6,10-15K,0,1,1,2,0,Stable,1,2024,1,86,12500,0,2,3,1
STU_945,3.23,16,4,13,Below 10k,0,1,0,1,0,Stable,2,2024,1,92,8000,0,1,1,1
STU_946,2.84,18,0,4,16-20K,0,1,2,1,0,Stable,3,2024,1,133,18000,0,0,3,0
STU_947,2.44,13,5,9,10-15K,0,1,1,0,0,Stable,12,2023,4,54,12500,0,0,1,1
STU_948,2.1,11,5,9,16-20K,1,1,2,0,0,Stable,1,2024,1,77,18000,0,0,2,1
STU_949,2.25,13,0,2,16-20K,1,1,2,0,1,Stable,3,2024,1,126,18000,0,0,2,1
STU_950,2.8,6,6,10,16-20K,0,1,2,1,0,Stable,12,2023,4,32,18000,0,0,3,0
STU_951,3.06,12,6,3,Below 10k,1,1,0,1,0,Stable,1,2024,1,63,8000,0,1,1,1
STU_952,2.6,11,5,9,16-20K,0,1,2,1,1,Stable,2,2024,1,106,18000,0,0,3,0
STU_953,3.09,10,2,6,10-15K,0,1,1,1,0,Stable,1,2024,1,74,12500,0,1,2,1
STU_954,3.91,21,0,4,16-20K,0,1,2,2,1,Stable,1,2024,1,90,18000,0,2,4,1
STU_955,2.82,7,3,8,10-15K,0,1,1,1,0,Stable,12,2023,4,37,12500,0,0,2,0
STU_956,2.77,5,0,7,Below 10k,0,1,0,1,0,Stable,1,2024,1,70,8000,0,0,1,0
STU_957,3.19,10,2,6,Below 10k,1,1,0,1,0,Stable,2,2024,1,97,8000,0,1,1,1
STU_958,2.38,18,1,18,16-20K,0,1,2,0,0,Stable,1,2024,1,70,18000,0,0,2,1
STU_959,3.29,1,4,13,16-20K,0,1,2,1,0,Stable,3,2024,1,150,18000,0,1,3,1
STU_960,3.1,3,2,6,16-20K,0,1,2,1,0,Stable,2,2024,1,99,18000,0,1,3,1
STU_961,2.57,4,4,13,16-20K,0,1,2,1,0,Stable,2,2024,1,118,18000,0,0,3,0
STU_962,3.14,9,2,6,Below 10k,1,1,0,1,0,Stable,1,2024,1,64,8000,0,1,1,1
STU_963,3.34,17,2,6,16-20K,0,1,2,1,0,Stable,12,2023,4,45,18000,0,1,3,1
STU_964,2.96,2,5,9,16-20K,0,1,2,1,1,Stable,3,2024,1,151,18000,0,0,3,0
STU_965,3.68,10,2,6,16-20K,0,1,2,2,0,Stable,12,2023,4,42,18000,0,2,4,1
STU_966,3.16,13,5,9,16-20K,0,1,2,1,0,Stable,2,2024,1,96,18000,0,1,3,1
STU_967,2.21,2,5,9,10-15K,0,1,1,0,0,Stable,12,2023,4,38,12500,0,0,1,1
STU_968,3.1,6,1,11,10-15K,1,1,1,1,0,Stable,1,2024,1,85,12500,0,1,2,1
STU_969,3.04,9,7,0,Below 10k,0,1,0,1,0,Stable,2,2024,1,118,8000,0,1,1,1
STU_970,3.87,11,5,9,10-15K,1,1,1,2,0,Stable,3,2024,1,140,12500,0,2,3,1
STU_971,3.52,12,6,1,10-15K,0,1,1,2,1,Stable,12,2023,4,31,12500,0,2,3,1
STU_972,3.3,1,4,13,Below 10k,1,1,0,1,1,Stable,3,2024,1,149,8000,0,1,1,1
STU_973,3.18,18,1,18,10-15K,0,1,1,1,0,Stable,2,2024,1,97,12500,0,1,2,1
STU_974,3.03,5,1,11,16-20K,1,1,2,1,0,Stable,12,2023,4,45,18000,0,1,3,1
STU_975,2.95,0,7,0,Below 10k,0,1,0,1,0,Stable,12,2023,4,51,8000,0,0,1,0
STU_976,3.31,16,4,13,16-20K,1,1,2,1,0,Stable,3,2024,1,145,18000,0,1,3,1
STU_977,2.04,16,4,13,16-20K,1,1,2,0,0,Stable,2,2024,1,100,18000,0,0,2,1
STU_978,2.81,0,1,17,16-20K,1,1,2,1,0,Stable,2,2024,1,108,18000,0,0,3,0
STU_979,3.08,9,7,0,Below 10k,1,1,0,1,0,Stable,12,2023,4,56,8000,0,1,1,1
STU_980,2.85,8,7,0,10-15K,0,1,1,1,0,Stable,1,2024,1,76,12500,0,0,2,0
STU_981,2.82,5,0,7,10-15K,1,1,1,1,0,Stable,12,2023,4,54,12500,0,0,2,0
STU_982,2.53,14,4,13,10-15K,1,1,1,1,0,Stable,12,2023,4,56,12500,0,0,2,0
STU_983,3.06,14,4,13,Below 10k,0,1,0,1,0,Stable,3,2024,1,136,8000,0,1,1,1
STU_984,3.47,18,0,4,Below 10k,0,1,0,1,0,Stable,1,2024,1,79,8000,0,2,1,0
STU_985,2.89,19,6,14,10-15K,1,1,1,1,0,Stable,1,2024,1,83,12500,0,0,2,0
STU_986,3.35,9,0,2,Below 10k,0,1,0,1,0,Stable,11,2023,4,3,8000,0,1,1,1
STU_987,3.0,8,7,0,10-15K,0,1,1,1,0,Stable,2,2024,1,95,12500,0,1,2,1
STU_988,2.7,14,0,7,Below 10k,1,1,0,1,0,Stable,11,2023,4,4,8000,0,0,1,0
STU_989,2.6,6,6,1,Below 10k,1,1,0,1,0,Stable,12,2023,4,48,8000,0,0,1,0
STU_990,3.41,21,0,4,Below 10k,0,1,0,1,0,Stable,1,2024,1,78,8000,0,2,1,0
STU_991,2.8,12,3,8,Below 10k,0,1,0,1,0,Stable,11,2023,4,18,8000,0,0,1,0
STU_992,3.72,18,1,17,10-15K,1,1,1,2,0,Stable,12,2023,4,52,12500,0,2,3,1
STU_993,3.72,13,0,2,Below 10k,0,1,0,2,0,Stable,1,2024,1,77,8000,0,2,2,1
STU_994,3.59,9,0,7,10-15K,0,1,1,2,0,Stable,3,2024,1,150,12500,0,2,3,1
STU_995,3.54,14,4,13,16-20K,0,1,2,2,0,Stable,2,2024,1,111,18000,0,2,4,1
STU_996,3.1,4,4,13,10-15K,0,1,1,1,0,Stable,1,2024,1,70,12500,0,1,2,1
STU_997,2.71,6,6,1,10-15K,1,1,1,1,1,Stable,2,2024,1,118,12500,0,0,2,0
STU_998,2.97,4,4,13,16-20K,0,1,2,1,0,Stable,11,2023,4,10,18000,0,0,3,0
STU_999,2.7,18,1,18,10-15K,0,1,1,1,0,Stable,11,2023,4,0,12500,0,0,2,0
STU_1000,2.93,8,7,0,Below 10k,1,1,0,1,0,Stable,11,2023,4,29,8000,0,0,1,0
STU_1001,3.16,2,5,9,10-15K,1,1,1,1,0,Stable,12,2023,4,37,12500,0,1,2,1
STU_1002,2.99,22,3,8,16-20K,1,1,2,1,0,Stable,3,2024,1,139,18000,0,0,3,0
STU_1003,3.94,0,1,11,16-20K,1,1,2,2,0,Stable,2,2024,1,120,18000,0,2,4,1
STU_1004,2.83,7,3,8,16-20K,1,1,2,1,0,Stable,11,2023,4,0,18000,0,0,3,0
STU_1005,2.26,0,7,0,Below 10k,1,1,0,0,0,Stable,1,2024,1,86,8000,0,0,0,1
STU_1006,3.23,9,2,6,16-20K,1,1,2,1,0,Stable,11,2023,4,13,18000,0,1,3,1
STU_1007,2.27,5,3,8,16-20K,1,1,2,0,0,Stable,12,2023,4,46,18000,0,0,2,1
STU_1008,3.42,14,4,13,Below 10k,1,1,0,1,0,Stable,12,2023,4,36,8000,0,2,1,0
STU_1009,3.96,3,2,6,Below 10k,1,1,0,2,0,Stable,1,2024,1,61,8000,0,2,2,1
STU_1010,2.34,18,1,18,10-15K,1,1,1,0,1,Stable,11,2023,4,19,12500,0,0,1,1
STU_1011,2.93,6,6,12,Below 10k,0,1,0,1,0,Stable,3,2024,1,151,8000,0,0,1,0
STU_1012,3.83,3,2,6,Below 10k,1,1,0,2,0,Stable,1,2024,1,70,8000,0,2,2,1
STU_1013,3.54,9,0,2,Below 10k,0,1,0,2,0,Stable,2,2024,1,119,8000,0,2,2,1
STU_1014,2.84,7,7,0,16-20K,1,1,2,1,0,Stable,3,2024,1,136,18000,0,0,3,0
STU_1015,3.39,19,6,10,16-20K,1,1,2,1,0,Stable,11,2023,4,13,18000,0,1,3,1
STU_1016,2.26,11,5,9,Below 10k,1,1,0,0,0,Stable,3,2024,1,140,8000,0,0,0,1
STU_1017,2.51,10,2,6,16-20K,1,1,2,1,0,Stable,3,2024,1,147,18000,0,0,3,0
STU_1018,3.91,9,7,0,16-20K,0,1,2,2,0,Stable,1,2024,1,66,18000,0,2,4,1
STU_1019,3.32,22,3,8,10-15K,1,1,1,1,0,Stable,3,2024,1,136,12500,0,1,2,1
STU_1020,3.73,13,6,3,Below 10k,1,1,0,2,0,Stable,1,2024,1,72,8000,0,2,2,1
STU_1021,3.0,5,3,8,16-20K,0,1,2,1,0,Stable,1,2024,1,71,18000,0,1,3,1
STU_1022,3.55,19,6,12,10-15K,1,1,1,2,0,Stable,11,2023,4,23,12500,0,2,3,1
STU_1023,3.56,7,7,0,10-15K,0,1,1,2,0,Stable,11,2023,4,1,12500,0,2,3,1
STU_1024,3.03,13,5,9,Below 10k,1,1,0,1,0,Stable,11,2023,4,25,8000,0,1,1,1
STU_1025,2.07,16,4,13,Below 10k,1,1,0,0,0,Stable,11,2023,4,3,8000,0,0,0,1
STU_1026,2.11,13,0,7,16-20K,1,1,2,0,1,Stable,11,2023,4,18,18000,0,0,2,1
STU_1027,2.91,12,3,8,Below 10k,0,1,0,1,0,Stable,2,2024,1,99,8000,0,0,1,0
STU_1028,2.24,21,0,7,Below 10k,0,1,0,0,0,Stable,3,2024,1,126,8000,0,0,0,1
STU_1029,3.37,10,2,6,10-15K,0,1,1,1,0,Stable,3,2024,1,141,12500,0,1,2,1
STU_1030,3.84,3,2,6,10-15K,1,1,1,2,1,Stable,3,2024,1,122,12500,0,2,3,1
STU_1031,2.71,13,5,9,Below 10k,0,1,0,1,0,Stable,12,2023,4,50,8000,0,0,1,0
STU_1032,2.28,16,6,3,16-20K,0,1,2,0,1,Stable,2,2024,1,120,18000,0,0,2,1
STU_1033,2.61,11,5,9,16-20K,1,1,2,1,0,Stable,11,2023,4,14,18000,0,0,3,0
STU_1034,2.41,2,5,9,10-15K,1,1,1,0,1,Stable,11,2023,4,1,12500,0,0,1,1
STU_1035,3.67,7,1,17,10-15K,1,1,1,2,0,Stable,3,2024,1,144,12500,0,2,3,1
STU_1036,2.07,9,2,6,Below 10k,0,1,0,0,0,Stable,12,2023,4,39,8000,0,0,0,1
STU_1037,2.7,4,4,13,10-15K,1,1,1,1,0,Stable,12,2023,4,44,12500,0,0,2,0
STU_1038,3.24,7,3,8,Below 10k,0,1,0,1,0,Stable,3,2024,1,125,8000,0,1,1,1
STU_1039,3.02,15,6,3,10-15K,0,1,1,1,0,Stable,3,2024,1,141,12500,0,1,2,1
STU_1040,3.11,6,1,11,Below 10k,0,1,0,1,0,Stable,11,2023,4,2,8000,0,1,1,1
STU_1041,3.62,16,4,13,Below 10k,0,1,0,2,1,Stable,1,2024,1,82,8000,0,2,2,1
STU_1042,3.84,10,7,0,10-15K,0,1,1,2,0,Stable,3,2024,1,147,12500,0,2,3,1
STU_1043,2.92,18,1,18,10-15K,1,1,1,1,0,Stable,11,2023,4,13,12500,0,0,2,0
STU_1044,3.55,0,1,11,10-15K,0,1,1,2,0,Stable,11,2023,4,5,12500,0,2,3,1
STU_1045,3.6,0,7,0,Below 10k,1,1,0,2,0,Stable,2,2024,1,118,8000,0,2,2,1
STU_1046,3.03,5,0,5,16-20K,0,1,2,1,0,Stable,12,2023,4,39,18000,0,1,3,1
STU_1047,2.27,14,4,13,10-15K,1,1,1,0,0,Stable,11,2023,4,12,12500,0,0,1,1
STU_1048,2.75,9,2,6,16-20K,0,1,2,1,0,Stable,11,2023,4,16,18000,0,0,3,0
STU_1049,3.27,15,6,1,16-20K,0,1,2,1,0,Stable,11,2023,4,13,18000,0,1,3,1
STU_1050,2.43,10,2,6,16-20K,1,1,2,0,0,Stable,11,2023,4,3,18000,0,0,2,1
STU_1051,3.44,4,4,13,10-15K,0,1,1,1,0,Stable,3,2024,1,144,12500,0,2,2,0
STU_1052,2.01,15,6,3,16-20K,1,1,2,0,1,Stable,11,2023,4,8,18000,0,0,2,1
STU_1053,3.05,16,4,13,Below 10k,1,1,0,1,0,Stable,1,2024,1,79,8000,0,1,1,1
STU_1054,2.21,11,5,9,16-20K,1,1,2,0,0,Stable,2,2024,1,98,18000,0,0,2,1
STU_1055,2.69,22,3,8,Below 10k,0,1,0,1,0,Stable,11,2023,4,11,8000,0,0,1,0
STU_1056,3.51,17,2,6,10-15K,0,1,1,2,0,Stable,1,2024,1,81,12500,0,2,3,1
STU_1057,3.41,21,0,4,Below 10k,0,1,0,1,1,Stable,3,2024,1,143,8000,0,2,1,0
STU_1058,3.56,5,3,8,10-15K,1,1,1,2,0,Stable,1,2024,1,86,12500,0,2,3,1
STU_1059,2.69,6,1,18,16-20K,0,1,2,1,0,Stable,1,2024,1,69,18000,0,0,3,0
STU_1060,2.54,11,5,9,10-15K,0,1,1,1,0,Stable,1,2024,1,69,12500,0,0,2,0
STU_1061,2.98,17,2,6,Below 10k,1,1,0,1,0,Stable,1,2024,1,66,8000,0,0,1,0
STU_1062,3.03,20,1,18,10-15K,0,1,1,1,1,Stable,3,2024,1,137,12500,0,1,2,1
STU_1063,3.2,2,5,9,10-15K,0,1,1,1,0,Stable,11,2023,4,8,12500,0,1,2,1
STU_1064,2.81,14,0,2,10-15K,1,1,1,1,0,Stable,3,2024,1,138,12500,0,0,2,0
STU_1065,3.51,8,7,0,Below 10k,0,1,0,2,0,Stable,2,2024,1,103,8000,0,2,2,1
STU_1066,2.56,8,7,0,10-15K,0,1,1,1,0,Stable,2,2024,1,114,12500,0,0,2,0
STU_1067,3.25,7,7,0,Below 10k,0,1,0,1,0,Stable,11,2023,4,17,8000,0,1,1,1
STU_1068,3.39,6,1,17,16-20K,0,1,2,1,0,Stable,2,2024,1,107,18000,0,1,3,1
STU_1069,2.55,7,3,8,10-15K,1,1,1,1,0,Stable,11,2023,4,24,12500,0,0,2,0
STU_1070,3.4,20,1,17,16-20K,1,1,2,1,0,Stable,3,2024,1,148,18000,0,2,3,0
STU_1071,2.94,9,0,4,16-20K,1,1,2,1,0,Stable,2,2024,1,107,18000,0,0,3,0
STU_1072,2.73,21,0,15,16-20K,0,1,2,1,0,Stable,12,2023,4,43,18000,0,0,3,0
STU_1073,2.89,7,3,8,Below 10k,0,1,0,1,0,Stable,12,2023,4,43,8000,0,0,1,0
STU_1074,2.9,11,5,9,16-20K,1,1,2,1,0,Stable,2,2024,1,107,18000,0,0,3,0
STU_1075,2.53,0,7,0,Below 10k,0,1,0,1,0,Stable,2,2024,1,93,8000,0,0,1,0
STU_1076,2.34,12,3,8,10-15K,1,1,1,0,0,Stable,11,2023,4,21,12500,0,0,1,1
STU_1077,2.96,14,0,7,16-20K,0,1,2,1,0,Stable,3,2024,1,134,18000,0,0,3,0
STU_1078,3.9,6,6,10,10-15K,0,1,1,2,0,Stable,2,2024,1,116,12500,0,2,3,1
STU_1079,3.48,6,1,18,10-15K,1,1,1,1,0,Stable,3,2024,1,135,12500,0,2,2,0
STU_1080,2.01,13,6,12,16-20K,0,1,2,0,0,Stable,12,2023,4,47,18000,0,0,2,1
STU_1081,3.39,17,2,6,10-15K,1,1,1,1,0,Stable,12,2023,4,41,12500,0,1,2,1
STU_1082,3.34,2,5,9,10-15K,1,1,1,1,0,Stable,1,2024,1,66,12500,0,1,2,1
STU_1083,2.91,6,6,10,Below 10k,1,1,0,1,0,Stable,2,2024,1,104,8000,0,0,1,0
STU_1084,2.68,7,3,8,10-15K,1,1,1,1,0,Stable,12,2023,4,45,12500,0,0,2,0
STU_1085,3.22,14,4,13,Below 10k,1,1,0,1,0,Stable,1,2024,1,63,8000,0,1,1,1
STU_1086,2.88,13,5,9,16-20K,1,1,2,1,1,Stable,3,2024,1,123,18000,0,0,3,0
STU_1087,2.14,6,1,18,10-15K,1,1,1,0,0,Stable,2,2024,1,112,12500,0,0,1,1
STU_1088,2.74,14,4,13,16-20K,0,1,2,1,0,Stable,12,2023,4,32,18000,0,0,3,0
STU_1089,2.37,6,1,18,10-15K,0,1,1,0,0,Stable,1,2024,1,70,12500,0,0,1,1
STU_1090,3.73,1,4,13,16-20K,1,1,2,2,0,Stable,11,2023,4,1,18000,0,2,4,1
STU_1091,2.78,14,4,13,10-15K,0,1,1,1,0,Stable,3,2024,1,142,12500,0,0,2,0
STU_1092,2.77,17,2,6,Below 10k,0,1,0,1,1,Stable,3,2024,1,131,8000,0,0,1,0
STU_1093,2.61,15,6,1,10-15K,1,1,1,1,0,Stable,1,2024,1,87,12500,0,0,2,0
STU_1094,2.38,22,3,8,Below 10k,0,1,0,0,0,Stable,11,2023,4,2,8000,0,0,0,1
STU_1095,2.52,11,5,9,Below 10k,1,1,0,1,0,Stable,11,2023,4,24,8000,0,0,1,0
STU_1096,3.42,22,3,8,Below 10k,1,1,0,1,1,Stable,3,2024,1,133,8000,0,2,1,0
STU_1097,2.71,18,0,15,10-15K,0,1,1,1,0,Stable,1,2024,1,78,12500,0,0,2,0
STU_1098,3.3,5,1,18,Below 10k,1,1,0,1,0,Stable,3,2024,1,124,8000,0,1,1,1
STU_1099,2.69,3,2,6,16-20K,0,1,2,1,0,Stable,12,2023,4,54,18000,0,0,3,0
STU_1100,2.89,11,5,9,10-15K,1,1,1,1,0,Stable,12,2023,4,36,12500,0,0,2,0
STU_1101,2.61,0,7,0,16-20K,0,1,2,1,0,Stable,11,2023,4,2,18000,0,0,3,0
STU_1102,2.83,13,0,5,Below 10k,1,1,0,1,0,Stable,2,2024,1,111,8000,0,0,1,0
STU_1103,2.85,7,3,8,10-15K,0,1,1,1,0,Stable,2,2024,1,101,12500,0,0,2,0
STU_1104,2.0,14,0,4,Below 10k,0,1,0,0,0,Stable,1,2024,1,70,8000,0,0,0,1
STU_1105,2.23,1,4,13,16-20K,0,1,2,0,0,Stable,12,2023,4,59,18000,0,0,2,1
STU_1106,2.08,4,4,13,Below 10k,1,1,0,0,0,Stable,12,2023,4,50,8000,0,0,0,1
STU_1107,2.84,16,4,13,16-20K,1,1,2,1,0,Stable,3,2024,1,137,18000,0,0,3,0
STU_1108,2.56,13,0,2,10-15K,0,1,1,1,0,Stable,2,2024,1,94,12500,0,0,2,0
STU_1109,2.8,10,7,0,16-20K,0,1,2,1,0,Stable,2,2024,1,101,18000,0,0,3,0
STU_1110,3.0,18,1,17,16-20K,0,1,2,1,0,Stable,2,2024,1,99,18000,0,1,3,1
STU_1111,2.57,5,1,18,Below 10k,0,1,0,1,0,Stable,11,2023,4,15,8000,0,0,1,0
STU_1112,3.01,2,5,9,10-15K,0,1,1,1,0,Stable,12,2023,4,40,12500,0,1,2,1
STU_1113,2.77,12,3,8,10-15K,0,1,1,1,0,Stable,11,2023,4,1,12500,0,0,2,0
STU_1114,3.98,10,7,0,16-20K,0,1,2,2,0,Stable,12,2023,4,55,18000,0,2,4,1
STU_1115,3.69,5,0,4,Below 10k,1,1,0,2,0,Stable,12,2023,4,53,8000,0,2,2,1
STU_1116,3.24,11,5,9,Below 10k,1,1,0,1,0,Stable,1,2024,1,76,8000,0,1,1,1
STU_1117,2.43,1,4,13,16-20K,1,1,2,0,1,Stable,11,2023,4,20,18000,0,0,2,1
STU_1118,3.0,14,4,13,16-20K,1,1,2,1,0,Stable,3,2024,1,142,18000,0,1,3,1
STU_1119,2.98,6,1,18,10-15K,1,1,1,1,1,Stable,11,2023,4,17,12500,0,0,2,0
STU_1120,3.11,9,0,2,10-15K,0,1,1,1,0,Stable,11,2023,4,4,12500,0,1,2,1
STU_1121,2.23,13,5,9,16-20K,0,1,2,0,0,Stable,2,2024,1,107,18000,0,0,2,1
STU_1122,2.44,13,5,9,Below 10k,1,1,0,0,0,Stable,3,2024,1,146,8000,0,0,0,1
STU_1123,3.26,7,3,8,16-20K,0,1,2,1,0,Stable,3,2024,1,121,18000,0,1,3,1
STU_1124,3.36,18,1,11,Below 10k,0,1,0,1,0,Stable,11,2023,4,4,8000,0,1,1,1
STU_1125,3.22,19,6,3,10-15K,0,1,1,1,0,Stable,2,2024,1,101,12500,0,1,2,1
STU_1126,2.29,13,5,9,Below 10k,0,1,0,0,0,Stable,1,2024,1,91,8000,0,0,0,1
STU_1127,2.99,20,1,11,Below 10k,1,1,0,1,1,Stable,12,2023,4,33,8000,0,0,1,0
STU_1128,3.23,17,2,6,10-15K,1,1,1,1,0,Stable,12,2023,4,31,12500,0,1,2,1
STU_1129,3.57,5,0,7,16-20K,0,1,2,2,0,Stable,1,2024,1,88,18000,0,2,4,1
STU_1130,3.43,2,5,9,Below 10k,0,1,0,1,0,Stable,11,2023,4,2,8000,0,2,1,0
STU_1131,2.97,7,1,18,16-20K,0,1,2,1,1,Stable,11,2023,4,18,18000,0,0,3,0
STU_1132,2.66,7,7,0,10-15K,1,1,1,1,1,Stable,11,2023,4,14,12500,0,0,2,0
STU_1133,3.07,2,5,9,10-15K,0,1,1,1,0,Stable,11,2023,4,3,12500,0,1,2,1
STU_1134,3.42,18,1,11,Below 10k,1,1,0,1,0,Stable,11,2023,4,13,8000,0,2,1,0
STU_1135,3.24,7,1,18,Below 10k,1,1,0,1,1,Stable,12,2023,4,53,8000,0,1,1,1
STU_1136,2.87,16,4,13,16-20K,1,1,2,1,0,Stable,1,2024,1,91,18000,0,0,3,0
STU_1137,2.89,5,1,18,16-20K,0,1,2,1,0,Stable,12,2023,4,51,18000,0,0,3,0
STU_1138,3.73,13,5,9,10-15K,1,1,1,2,0,Stable,12,2023,4,55,12500,0,2,3,1
STU_1139,2.2,0,1,17,10-15K,0,1,1,0,0,Stable,3,2024,1,124,12500,0,0,1,1
STU_1140,2.47,16,4,13,Below 10k,0,1,0,0,0,Stable,3,2024,1,142,8000,0,0,0,1
STU_1141,2.81,20,1,11,16-20K,1,1,2,1,0,Stable,1,2024,1,66,18000,0,0,3,0
STU_1142,2.86,13,0,15,16-20K,0,1,2,1,0,Stable,12,2023,4,32,18000,0,0,3,0
STU_1143,3.48,9,7,0,16-20K,0,1,2,1,0,Stable,1,2024,1,68,18000,0,2,3,0
STU_1144,2.67,18,0,2,16-20K,0,1,2,1,0,Stable,12,2023,4,57,18000,0,0,3,0
STU_1145,3.01,9,2,6,Below 10k,1,1,0,1,0,Stable,2,2024,1,104,8000,0,1,1,1
STU_1146,3.19,9,7,0,Below 10k,1,1,0,1,0,Stable,1,2024,1,61,8000,0,1,1,1
STU_1147,2.39,4,4,13,16-20K,1,1,2,0,1,Stable,1,2024,1,69,18000,0,0,2,1
STU_1148,3.33,16,6,12,16-20K,0,1,2,1,0,Stable,1,2024,1,75,18000,0,1,3,1
STU_1149,2.62,3,2,6,16-20K,1,1,2,1,0,Stable,1,2024,1,69,18000,0,0,3,0
STU_1150,2.99,15,6,12,10-15K,0,1,1,1,0,Stable,2,2024,1,96,12500,0,0,2,0
STU_1151,2.62,2,5,9,16-20K,1,1,2,1,0,Stable,11,2023,4,27,18000,0,0,3,0
STU_1152,2.37,21,0,7,10-15K,1,1,1,0,0,Stable,11,2023,4,19,12500,0,0,1,1
STU_1153,3.35,6,1,18,10-15K,1,1,1,1,0,Stable,2,2024,1,113,12500,0,1,2,1
STU_1154,2.04,8,7,0,Below 10k,0,1,0,0,0,Stable,1,2024,1,74,8000,0,0,0,1
STU_1155,2.24,3,2,6,16-20K,0,1,2,0,0,Stable,1,2024,1,80,18000,0,0,2,1
STU_1156,3.01,7,3,8,Below 10k,1,1,0,1,0,Stable,3,2024,1,145,8000,0,1,1,1
STU_1157,3.46,9,2,6,Below 10k,0,1,0,1,0,Stable,11,2023,4,19,8000,0,2,1,0
STU_1158,2.84,1,4,13,10-15K,0,1,1,1,0,Stable,3,2024,1,150,12500,0,0,2,0
STU_1159,2.19,13,5,9,Below 10k,1,1,0,0,0,Stable,3,2024,1,132,8000,0,0,0,1
STU_1160,3.62,17,2,6,10-15K,0,1,1,2,0,Stable,12,2023,4,31,12500,0,2,3,1
STU_1161,3.87,2,5,9,10-15K,1,1,1,2,0,Stable,1,2024,1,65,12500,0,2,3,1
STU_1162,2.54,6,6,1,10-15K,0,1,1,1,0,Stable,12,2023,4,54,12500,0,0,2,0
STU_1163,3.25,4,4,13,10-15K,1,1,1,1,0,Stable,1,2024,1,85,12500,0,1,2,1
STU_1164,2.56,11,5,9,Below 10k,1,1,0,1,0,Stable,1,2024,1,84,8000,0,0,1,0
STU_1165,3.29,7,1,18,Below 10k,0,1,0,1,0,Stable,1,2024,1,74,8000,0,1,1,1
STU_1166,2.95,10,7,0,10-15K,1,1,1,1,0,Stable,1,2024,1,87,12500,0,0,2,0
STU_1167,2.55,7,3,8,Below 10k,1,1,0,1,0,Stable,1,2024,1,86,8000,0,0,1,0
STU_1168,3.31,14,0,15,Below 10k,0,1,0,1,0,Stable,12,2023,4,39,8000,0,1,1,1
STU_1169,2.27,7,1,18,16-20K,0,1,2,0,0,Stable,3,2024,1,146,18000,0,0,2,1
STU_1170,2.85,14,4,13,10-15K,1,1,1,1,0,Stable,1,2024,1,83,12500,0,0,2,0
STU_1171,2.96,22,3,8,Below 10k,0,1,0,1,0,Stable,11,2023,4,0,8000,0,0,1,0
STU_1172,3.55,13,0,5,Below 10k,1,1,0,2,0,Stable,3,2024,1,147,8000,0,2,2,1
STU_1173,2.55,18,0,16,Below 10k,1,1,0,1,0,Stable,11,2023,4,5,8000,0,0,1,0
STU_1174,3.74,18,1,17,10-15K,0,1,1,2,0,Stable,2,2024,1,101,12500,0,2,3,1
STU_1175,2.68,21,0,2,Below 10k,1,1,0,1,0,Stable,2,2024,1,93,8000,0,0,1,0
STU_1176,2.39,7,7,0,Below 10k,0,1,0,0,0,Stable,2,2024,1,115,8000,0,0,0,1
STU_1177,2.58,13,6,1,16-20K,1,1,2,1,0,Stable,1,2024,1,62,18000,0,0,3,0
STU_1178,2.89,19,6,1,10-15K,0,1,1,1,0,Stable,2,2024,1,99,12500,0,0,2,0
STU_1179,3.19,9,0,2,Below 10k,0,1,0,1,0,Stable,2,2024,1,99,8000,0,1,1,1
STU_1180,3.11,22,3,8,10-15K,1,1,1,1,0,Stable,2,2024,1,109,12500,0,1,2,1
STU_1181,3.04,13,5,9,10-15K,1,1,1,1,0,Stable,2,2024,1,120,12500,0,1,2,1
STU_1182,2.59,2,5,9,Below 10k,0,1,0,1,0,Stable,11,2023,4,27,8000,0,0,1,0
STU_1183,3.88,19,6,14,10-15K,0,1,1,2,0,Stable,3,2024,1,123,12500,0,2,3,1
STU_1184,3.55,11,5,9,16-20K,1,1,2,2,0,Stable,2,2024,1,116,18000,0,2,4,1
STU_1185,2.82,22,3,8,16-20K,0,1,2,1,0,Stable,3,2024,1,145,18000,0,0,3,0
STU_1186,3.53,8,7,0,10-15K,1,1,1,2,0,Stable,12,2023,4,46,12500,0,2,3,1
STU_1187,3.48,17,2,6,Below 10k,0,1,0,1,0,Stable,1,2024,1,78,8000,0,2,1,0
STU_1188,3.17,7,1,11,16-20K,0,1,2,1,0,Stable,12,2023,4,56,18000,0,1,3,1
STU_1189,3.45,13,5,9,10-15K,0,1,1,1,0,Stable,1,2024,1,89,12500,0,2,2,0
STU_1190,2.9,7,1,18,10-15K,1,1,1,1,0,Stable,3,2024,1,151,12500,0,0,2,0
STU_1191,2.36,0,7,0,16-20K,0,1,2,0,0,Stable,3,2024,1,144,18000,0,0,2,1
STU_1192,3.29,10,2,6,Below 10k,1,1,0,1,1,Stable,12,2023,4,36,8000,0,1,1,1
STU_1193,2.64,18,1,18,16-20K,0,1,2,1,0,Stable,11,2023,4,8,18000,0,0,3,0
STU_1194,2.27,16,6,3,Below 10k,0,1,0,0,0,Stable,3,2024,1,150,8000,0,0,0,1
STU_1195,3.9,6,1,18,16-20K,0,1,2,2,0,Stable,12,2023,4,34,18000,0,2,4,1
STU_1196,3.07,13,5,9,10-15K,0,1,1,1,0,Stable,1,2024,1,65,12500,0,1,2,1
STU_1197,2.39,17,2,6,Below 10k,1,1,0,0,0,Stable,11,2023,4,1,8000,0,0,0,1
STU_1198,2.92,1,4,13,16-20K,0,1,2,1,0,Stable,12,2023,4,58,18000,0,0,3,0
STU_1199,2.92,13,0,4,10-15K,0,1,1,1,0,Stable,3,2024,1,134,12500,0,0,2,0
STU_1200,3.18,16,4,13,10-15K,0,1,1,1,0,Stable,2,2024,1,97,12500,0,1,2,1
STU_1201,2.11,13,0,15,Below 10k,1,4,0,0,0,Unstable,4,2024,2,153,8000,4,0,0,1
STU_1202,2.54,5,3,8,10-15K,1,4,1,1,0,Unstable,7,2024,3,246,12500,4,0,2,0
STU_1203,3.23,7,3,8,10-15K,0,4,1,1,1,Unstable,6,2024,2,230,12500,4,1,2,1
STU_1204,3.28,12,6,3,16-20K,0,4,2,1,0,Unstable,4,2024,2,159,18000,4,1,3,1
STU_1205,3.24,0,7,0,10-15K,0,4,1,1,0,Unstable,6,2024,2,220,12500,4,1,2,1
STU_1206,2.19,18,0,4,16-20K,1,4,2,0,1,Unstable,6,2024,2,224,18000,4,0,2,1
STU_1207,3.27,0,1,11,10-15K,1,4,1,1,1,Unstable,7,2024,3,271,12500,4,1,2,1
STU_1208,3.14,9,7,0,Below 10k,0,4,0,1,0,Unstable,4,2024,2,176,8000,4,1,1,1
STU_1209,2.09,18,0,15,Below 10k,1,4,0,0,0,Unstable,5,2024,2,212,8000,4,0,0,1
STU_1210,3.31,14,4,13,Below 10k,1,4,0,1,0,Unstable,7,2024,3,257,8000,4,1,1,1
STU_1211,3.24,17,2,6,16-20K,1,4,2,1,1,Unstable,7,2024,3,272,18000,4,1,3,1
STU_1212,3.19,7,1,18,Below 10k,0,4,0,1,0,Unstable,4,2024,2,162,8000,4,1,1,1
STU_1213,3.24,5,1,11,10-15K,0,4,1,1,0,Unstable,6,2024,2,227,12500,4,1,2,1
STU_1214,3.16,7,7,0,Below 10k,1,4,0,1,0,Unstable,5,2024,2,195,8000,4,1,1,1
STU_1215,3.22,0,1,17,10-15K,1,4,1,1,1,Unstable,4,2024,2,175,12500,4,1,2,1
STU_1216,2.93,21,0,16,16-20K,0,4,2,1,0,Unstable,5,2024,2,199,18000,4,0,3,0
STU_1217,3.26,16,4,13,Below 10k,1,4,0,1,0,Unstable,5,2024,2,207,8000,4,1,1,1
STU_1218,2.76,11,5,9,16-20K,1,4,2,1,0,Unstable,7,2024,3,252,18000,4,0,3,0
STU_1219,3.32,16,6,14,16-20K,0,4,2,1,0,Unstable,7,2024,3,259,18000,4,1,3,1
STU_1220,3.36,13,5,9,16-20K,0,4,2,1,0,Unstable,5,2024,2,210,18000,4,1,3,1
STU_1221,3.34,10,2,6,Below 10k,1,4,0,1,1,Unstable,4,2024,2,173,8000,4,1,1,1
STU_1222,3.57,10,7,0,Below 10k,1,4,0,2,0,Unstable,7,2024,3,257,8000,4,2,2,1
STU_1223,3.35,13,5,9,Below 10k,0,4,0,1,0,Unstable,6,2024,2,220,8000,4,1,1,1
STU_1224,3.4,12,3,8,Below 10k,1,4,0,1,0,Unstable,5,2024,2,211,8000,4,2,1,0
STU_1225,3.15,11,5,9,Below 10k,0,4,0,1,0,Unstable,4,2024,2,158,8000,4,1,1,1
STU_1226,3.25,22,3,8,16-20K,0,4,2,1,0,Unstable,6,2024,2,227,18000,4,1,3,1
STU_1227,3.3,4,4,13,10-15K,0,4,1,1,0,Unstable,7,2024,3,251,12500,4,1,2,1
STU_1228,2.78,6,6,1,Below 10k,0,4,0,1,0,Unstable,6,2024,2,237,8000,4,0,1,0
STU_1229,3.15,5,3,8,10-15K,1,4,1,1,1,Unstable,4,2024,2,168,12500,4,1,2,1
STU_1230,3.13,10,2,6,Below 10k,1,4,0,1,0,Unstable,7,2024,3,268,8000,4,1,1,1
STU_1231,3.35,9,2,6,Below 10k,1,4,0,1,0,Unstable,4,2024,2,180,8000,4,1,1,1
STU_1232,3.35,7,7,0,10-15K,0,4,1,1,0,Unstable,7,2024,3,244,12500,4,1,2,1
STU_1233,3.17,2,5,9,Below 10k,0,4,0,1,0,Unstable,7,2024,3,271,8000,4,1,1,1
STU_1234,3.23,5,3,8,16-20K,0,4,2,1,0,Unstable,4,2024,2,162,18000,4,1,3,1
STU_1235,3.9,15,6,3,Below 10k,0,4,0,2,0,Unstable,6,2024,2,218,8000,4,2,2,1
STU_1236,3.24,10,7,0,16-20K,1,4,2,1,1,Unstable,6,2024,2,241,18000,4,1,3,1
STU_1237,2.52,13,0,4,16-20K,1,4,2,1,1,Unstable,4,2024,2,173,18000,4,0,3,0
STU_1238,3.61,19,6,14,10-15K,0,4,1,2,0,Unstable,4,2024,2,160,12500,4,2,3,1
STU_1239,2.58,7,3,8,16-20K,1,4,2,1,0,Unstable,7,2024,3,267,18000,4,0,3,0
STU_1240,3.17,17,2,6,Below 10k,0,4,0,1,0,Unstable,5,2024,2,184,8000,4,1,1,1
STU_1241,2.98,14,4,13,16-20K,0,4,2,1,0,Unstable,7,2024,3,256,18000,4,0,3,0
STU_1242,3.26,9,2,6,10-15K,1,4,1,1,1,Unstable,8,2024,3,277,12500,4,1,2,1
STU_1243,3.29,16,4,13,16-20K,1,4,2,1,1,Unstable,4,2024,2,152,18000,4,1,3,1
STU_1244,2.56,5,3,8,16-20K,0,4,2,1,0,Unstable,6,2024,2,233,18000,4,0,3,0
STU_1245,3.24,12,6,14,10-15K,0,4,1,1,0,Unstable,4,2024,2,163,12500,4,1,2,1
STU_1246,3.3,6,6,10,Below 10k,0,4,0,1,0,Unstable,5,2024,2,184,8000,4,1,1,1
STU_1247,3.32,16,4,13,Below 10k,0,4,0,1,0,Unstable,5,2024,2,192,8000,4,1,1,1
STU_1248,2.39,7,1,11,Below 10k,0,4,0,0,0,Unstable,6,2024,2,221,8000,4,0,0,1
STU_1249,3.3,11,5,9,Below 10k,1,4,0,1,0,Unstable,8,2024,3,276,8000,4,1,1,1
STU_1250,2.59,13,5,9,16-20K,1,4,2,1,1,Unstable,6,2024,2,218,18000,4,0,3,0
STU_1251,2.6,22,3,8,16-20K,1,4,2,1,1,Unstable,4,2024,2,152,18000,4,0,3,0
STU_1252,3.85,21,0,15,10-15K,1,4,1,2,1,Unstable,7,2024,3,247,12500,4,2,3,1
STU_1253,3.23,12,3,8,Below 10k,1,4,0,1,0,Unstable,6,2024,2,234,8000,4,1,1,1
STU_1254,2.58,2,5,9,10-15K,0,4,1,1,0,Unstable,7,2024,3,258,12500,4,0,2,0
STU_1255,3.03,9,2,6,10-15K,1,4,1,1,1,Unstable,4,2024,2,158,12500,4,1,2,1
STU_1256,3.13,6,1,11,10-15K,1,4,1,1,1,Unstable,7,2024,3,272,12500,4,1,2,1
STU_1257,3.17,6,6,14,10-15K,1,4,1,1,1,Unstable,6,2024,2,238,12500,4,1,2,1
STU_1258,3.1,2,5,9,Below 10k,0,4,0,1,0,Unstable,6,2024,2,214,8000,4,1,1,1
STU_1259,2.77,12,3,8,Below 10k,0,4,0,1,0,Unstable,7,2024,3,255,8000,4,0,1,0
STU_1260,2.34,9,7,0,Below 10k,1,4,0,0,0,Unstable,4,2024,2,152,8000,4,0,0,1
STU_1261,3.3,5,3,8,16-20K,0,4,2,1,0,Unstable,6,2024,2,242,18000,4,1,3,1
STU_1262,3.31,16,6,3,10-15K,0,4,1,1,0,Unstable,4,2024,2,155,12500,4,1,2,1
STU_1263,3.31,11,5,9,16-20K,1,4,2,1,1,Unstable,4,2024,2,161,18000,4,1,3,1
STU_1264,3.22,21,0,2,16-20K,1,4,2,1,1,Unstable,6,2024,2,229,18000,4,1,3,1
STU_1265,3.71,12,6,14,16-20K,0,4,2,2,0,Unstable,5,2024,2,195,18000,4,2,4,1
STU_1266,3.3,10,2,6,16-20K,1,4,2,1,1,Unstable,6,2024,2,240,18000,4,1,3,1
STU_1267,3.38,2,5,9,16-20K,0,4,2,1,0,Unstable,6,2024,2,218,18000,4,1,3,1
STU_1268,3.07,9,7,0,10-15K,1,4,1,1,1,Unstable,6,2024,2,233,12500,4,1,2,1
STU_1269,2.01,2,5,9,Below 10k,0,4,0,0,0,Unstable,5,2024,2,212,8000,4,0,0,1
STU_1270,3.56,11,5,9,Below 10k,1,4,0,2,0,Unstable,6,2024,2,217,8000,4,2,2,1
STU_1271,3.11,3,2,6,10-15K,1,4,1,1,1,Unstable,6,2024,2,214,12500,4,1,2,1
STU_1272,3.32,13,0,16,16-20K,1,4,2,1,1,Unstable,8,2024,3,274,18000,4,1,3,1
STU_1273,3.19,7,7,0,Below 10k,1,4,0,1,0,Unstable,5,2024,2,194,8000,4,1,1,1
STU_1274,3.38,6,6,3,10-15K,1,4,1,1,1,Unstable,6,2024,2,228,12500,4,1,2,1
STU_1275,3.23,6,6,1,16-20K,0,4,2,1,0,Unstable,6,2024,2,228,18000,4,1,3,1
STU_1276,3.39,15,6,3,10-15K,1,4,1,1,1,Unstable,5,2024,2,184,12500,4,1,2,1
STU_1277,2.74,7,1,18,16-20K,1,4,2,1,1,Unstable,5,2024,2,188,18000,4,0,3,0
STU_1278,3.25,2,5,9,10-15K,0,4,1,1,1,Unstable,7,2024,3,248,12500,4,1,2,1
STU_1279,3.24,0,7,0,16-20K,1,4,2,1,0,Unstable,6,2024,2,240,18000,4,1,3,1
STU_1280,3.3,12,3,8,16-20K,1,4,2,1,1,Unstable,4,2024,2,156,18000,4,1,3,1
STU_1281,2.67,10,7,0,Below 10k,0,4,0,1,0,Unstable,5,2024,2,182,8000,4,0,1,0
STU_1282,3.29,16,4,13,10-15K,1,4,1,1,1,Unstable,6,2024,2,236,12500,4,1,2,1
STU_1283,3.4,0,7,0,10-15K,0,4,1,1,0,Unstable,4,2024,2,179,12500,4,2,2,0
STU_1284,3.16,3,2,6,10-15K,0,4,1,1,0,Unstable,4,2024,2,163,12500,4,1,2,1
STU_1285,3.26,7,7,0,16-20K,1,4,2,1,1,Unstable,4,2024,2,177,18000,4,1,3,1
STU_1286,3.25,22,3,8,16-20K,0,4,2,1,0,Unstable,5,2024,2,190,18000,4,1,3,1
STU_1287,3.38,1,4,13,10-15K,1,4,1,1,0,Unstable,4,2024,2,159,12500,4,1,2,1
STU_1288,3.23,16,6,14,Below 10k,1,4,0,1,0,Unstable,5,2024,2,185,8000,4,1,1,1
STU_1289,3.22,6,6,1,16-20K,0,4,2,1,0,Unstable,7,2024,3,257,18000,4,1,3,1
STU_1290,3.27,3,2,6,Below 10k,0,4,0,1,0,Unstable,7,2024,3,263,8000,4,1,1,1
STU_1291,2.74,16,6,12,Below 10k,1,4,0,1,0,Unstable,5,2024,2,206,8000,4,0,1,0
STU_1292,3.05,5,1,17,Below 10k,0,4,0,1,1,Unstable,6,2024,2,234,8000,4,1,1,1
STU_1293,3.38,10,2,6,Below 10k,0,4,0,1,0,Unstable,6,2024,2,222,8000,4,1,1,1
STU_1294,3.21,12,6,14,10-15K,0,4,1,1,0,Unstable,6,2024,2,214,12500,4,1,2,1
STU_1295,3.16,0,7,0,16-20K,0,4,2,1,0,Unstable,7,2024,3,243,18000,4,1,3,1
STU_1296,3.26,5,3,8,10-15K,0,4,1,1,0,Unstable,7,2024,3,252,12500,4,1,2,1
STU_1297,3.18,9,0,15,10-15K,0,4,1,1,0,Unstable,8,2024,3,279,12500,4,1,2,1
STU_1298,3.33,22,3,8,Below 10k,1,4,0,1,0,Unstable,6,2024,2,215,8000,4,1,1,1
STU_1299,3.02,0,1,18,Below 10k,1,4,0,1,0,Unstable,4,2024,2,153,8000,4,1,1,1
STU_1300,3.21,5,3,8,16-20K,0,4,2,1,0,Unstable,7,2024,3,257,18000,4,1,3,1
STU_1301,3.27,19,6,12,10-15K,1,4,1,1,1,Unstable,4,2024,2,171,12500,4,1,2,1
STU_1302,2.83,10,2,6,10-15K,0,4,1,1,0,Unstable,7,2024,3,252,12500,4,0,2,0
STU_1303,3.93,7,1,18,10-15K,0,4,1,2,0,Unstable,5,2024,2,183,12500,4,2,3,1
STU_1304,3.16,20,1,18,10-15K,0,4,1,1,0,Unstable,4,2024,2,155,12500,4,1,2,1
STU_1305,3.37,1,4,13,10-15K,1,4,1,1,1,Unstable,5,2024,2,188,12500,4,1,2,1
STU_1306,3.14,2,5,9,16-20K,0,4,2,1,0,Unstable,5,2024,2,182,18000,4,1,3,1
STU_1307,3.32,7,7,0,10-15K,0,4,1,1,1,Unstable,6,2024,2,213,12500,4,1,2,1
STU_1308,3.24,15,6,3,16-20K,1,4,2,1,0,Unstable,6,2024,2,231,18000,4,1,3,1
STU_1309,3.37,5,3,8,16-20K,1,4,2,1,1,Unstable,4,2024,2,161,18000,4,1,3,1
STU_1310,3.36,10,7,0,10-15K,0,4,1,1,0,Unstable,5,2024,2,194,12500,4,1,2,1
STU_1311,3.33,16,6,1,16-20K,1,4,2,1,1,Unstable,5,2024,2,204,18000,4,1,3,1
STU_1312,3.15,0,7,0,10-15K,0,4,1,1,0,Unstable,6,2024,2,240,12500,4,1,2,1
STU_1313,3.16,21,0,16,16-20K,0,4,2,1,0,Unstable,7,2024,3,264,18000,4,1,3,1
STU_1314,3.33,2,5,9,Below 10k,1,4,0,1,0,Unstable,6,2024,2,224,8000,4,1,1,1
STU_1315,3.15,18,0,5,10-15K,1,4,1,1,1,Unstable,5,2024,2,204,12500,4,1,2,1
STU_1316,3.39,9,2,6,10-15K,0,4,1,1,0,Unstable,7,2024,3,257,12500,4,1,2,1
STU_1317,2.25,5,1,18,Below 10k,0,4,0,0,0,Unstable,7,2024,3,272,8000,4,0,0,1
STU_1318,3.4,6,1,17,10-15K,1,4,1,1,1,Unstable,5,2024,2,204,12500,4,2,2,0
STU_1319,2.71,5,1,18,16-20K,1,4,2,1,1,Unstable,8,2024,3,275,18000,4,0,3,0
STU_1320,2.54,20,1,17,Below 10k,1,4,0,1,0,Unstable,4,2024,2,179,8000,4,0,1,0
STU_1321,3.38,6,1,18,Below 10k,0,4,0,1,0,Unstable,4,2024,2,170,8000,4,1,1,1
STU_1322,3.24,9,7,0,Below 10k,0,4,0,1,0,Unstable,4,2024,2,173,8000,4,1,1,1
STU_1323,3.18,5,0,2,16-20K,0,4,2,1,0,Unstable,7,2024,3,243,18000,4,1,3,1
STU_1324,3.36,7,7,0,10-15K,1,4,1,1,1,Unstable,7,2024,3,264,12500,4,1,2,1
STU_1325,2.65,6,1,17,Below 10k,1,4,0,1,0,Unstable,4,2024,2,171,8000,4,0,1,0
STU_1326,3.13,5,0,4,Below 10k,0,4,0,1,0,Unstable,4,2024,2,163,8000,4,1,1,1
STU_1327,3.34,4,4,13,Below 10k,0,4,0,1,0,Unstable,8,2024,3,276,8000,4,1,1,1
STU_1328,3.26,17,2,6,16-20K,0,4,2,1,0,Unstable,4,2024,2,152,18000,4,1,3,1
STU_1329,3.18,0,7,0,10-15K,0,4,1,1,0,Unstable,5,2024,2,212,12500,4,1,2,1
STU_1330,3.37,6,1,17,16-20K,0,4,2,1,0,Unstable,8,2024,3,274,18000,4,1,3,1
STU_1331,3.11,19,6,3,10-15K,0,4,1,1,0,Unstable,5,2024,2,205,12500,4,1,2,1
STU_1332,3.23,1,4,13,Below 10k,1,4,0,1,0,Unstable,5,2024,2,192,8000,4,1,1,1
STU_1333,2.83,4,4,13,10-15K,0,4,1,1,0,Unstable,7,2024,3,246,12500,4,0,2,0
STU_1334,3.27,21,0,5,Below 10k,0,4,0,1,0,Unstable,5,2024,2,197,8000,4,1,1,1
STU_1335,2.67,13,0,4,16-20K,0,4,2,1,0,Unstable,8,2024,3,277,18000,4,0,3,0
STU_1336,3.37,6,1,17,Below 10k,0,4,0,1,0,Unstable,7,2024,3,253,8000,4,1,1,1
STU_1337,3.16,11,5,9,10-15K,1,4,1,1,0,Unstable,5,2024,2,204,12500,4,1,2,1
STU_1338,3.2,9,2,6,Below 10k,1,4,0,1,0,Unstable,7,2024,3,251,8000,4,1,1,1
STU_1339,3.33,11,5,9,Below 10k,1,4,0,1,0,Unstable,7,2024,3,273,8000,4,1,1,1
STU_1340,3.33,13,0,5,10-15K,0,4,1,1,0,Unstable,7,2024,3,272,12500,4,1,2,1
STU_1341,3.29,13,0,5,10-15K,0,4,1,1,0,Unstable,6,2024,2,233,12500,4,1,2,1
STU_1342,3.39,1,4,13,10-15K,0,4,1,1,0,Unstable,5,2024,2,210,12500,4,1,2,1
STU_1343,3.24,7,1,17,10-15K,1,4,1,1,1,Unstable,6,2024,2,241,12500,4,1,2,1
STU_1344,3.29,14,4,13,Below 10k,0,4,0,1,0,Unstable,5,2024,2,185,8000,4,1,1,1
STU_1345,3.21,7,3,8,Below 10k,1,4,0,1,0,Unstable,4,2024,2,165,8000,4,1,1,1
STU_1346,3.16,2,5,9,16-20K,0,4,2,1,0,Unstable,5,2024,2,212,18000,4,1,3,1
STU_1347,2.85,19,6,14,Below 10k,0,4,0,1,0,Unstable,4,2024,2,162,8000,4,0,1,0
STU_1348,3.19,11,5,9,10-15K,0,4,1,1,0,Unstable,5,2024,2,206,12500,4,1,2,1
STU_1349,3.36,0,1,17,Below 10k,0,4,0,1,0,Unstable,5,2024,2,186,8000,4,1,1,1
STU_1350,2.61,4,4,13,16-20K,0,4,2,1,0,Unstable,6,2024,2,221,18000,4,0,3,0
STU_1351,3.27,10,7,0,16-20K,0,4,2,1,0,Unstable,8,2024,3,279,18000,4,1,3,1
STU_1352,2.76,11,5,9,16-20K,1,4,2,1,1,Unstable,6,2024,2,226,18000,4,0,3,0
STU_1353,3.37,8,7,0,Below 10k,0,4,0,1,0,Unstable,6,2024,2,235,8000,4,1,1,1
STU_1354,2.98,0,7,0,10-15K,0,4,1,1,0,Unstable,6,2024,2,233,12500,4,0,2,0
STU_1355,2.97,13,5,9,10-15K,1,4,1,1,1,Unstable,5,2024,2,193,12500,4,0,2,0
STU_1356,3.2,8,7,0,Below 10k,1,4,0,1,0,Unstable,5,2024,2,190,8000,4,1,1,1
STU_1357,3.14,5,0,4,Below 10k,0,4,0,1,0,Unstable,6,2024,2,231,8000,4,1,1,1
STU_1358,3.29,21,0,5,Below 10k,1,4,0,1,0,Unstable,4,2024,2,164,8000,4,1,1,1
STU_1359,3.3,16,4,13,16-20K,0,4,2,1,0,Unstable,4,2024,2,171,18000,4,1,3,1
STU_1360,3.31,6,1,11,16-20K,0,4,2,1,0,Unstable,7,2024,3,244,18000,4,1,3,1
STU_1361,3.32,16,4,13,10-15K,1,4,1,1,1,Unstable,6,2024,2,223,12500,4,1,2,1
STU_1362,3.26,1,4,13,10-15K,1,4,1,1,1,Unstable,6,2024,2,219,12500,4,1,2,1
STU_1363,3.16,13,0,5,10-15K,0,4,1,1,0,Unstable,4,2024,2,172,12500,4,1,2,1
STU_1364,3.16,11,5,9,10-15K,1,4,1,1,1,Unstable,5,2024,2,211,12500,4,1,2,1
STU_1365,3.3,15,6,3,Below 10k,1,4,0,1,0,Unstable,6,2024,2,241,8000,4,1,1,1
STU_1366,3.12,13,5,9,10-15K,1,4,1,1,1,Unstable,6,2024,2,234,12500,4,1,2,1
STU_1367,2.67,22,3,8,16-20K,1,4,2,1,1,Unstable,6,2024,2,217,18000,4,0,3,0
STU_1368,3.11,5,0,2,16-20K,0,4,2,1,0,Unstable,7,2024,3,271,18000,4,1,3,1
STU_1369,3.14,8,7,0,10-15K,1,4,1,1,0,Unstable,4,2024,2,170,12500,4,1,2,1
STU_1370,3.36,7,3,8,Below 10k,1,4,0,1,0,Unstable,4,2024,2,164,8000,4,1,1,1
STU_1371,3.25,13,0,5,Below 10k,1,4,0,1,0,Unstable,4,2024,2,174,8000,4,1,1,1
STU_1372,3.15,2,5,9,16-20K,0,4,2,1,1,Unstable,7,2024,3,268,18000,4,1,3,1
STU_1373,3.4,21,0,16,10-15K,0,4,1,1,0,Unstable,5,2024,2,197,12500,4,2,2,0
STU_1374,3.18,21,0,2,16-20K,1,4,2,1,1,Unstable,5,2024,2,197,18000,4,1,3,1
STU_1375,3.14,7,7,0,Below 10k,0,4,0,1,0,Unstable,5,2024,2,194,8000,4,1,1,1
STU_1376,3.11,12,3,8,16-20K,1,4,2,1,1,Unstable,6,2024,2,227,18000,4,1,3,1
STU_1377,3.26,15,6,14,10-15K,0,4,1,1,0,Unstable,7,2024,3,265,12500,4,1,2,1
STU_1378,2.86,5,0,15,10-15K,1,4,1,1,0,Unstable,7,2024,3,269,12500,4,0,2,0
STU_1379,3.84,17,2,6,10-15K,0,4,1,2,0,Unstable,4,2024,2,162,12500,4,2,3,1
STU_1380,3.37,9,7,0,Below 10k,0,4,0,1,0,Unstable,7,2024,3,258,8000,4,1,1,1
STU_1381,3.31,20,1,17,10-15K,1,4,1,1,1,Unstable,8,2024,3,274,12500,4,1,2,1
STU_1382,2.64,5,1,17,10-15K,0,4,1,1,0,Unstable,5,2024,2,194,12500,4,0,2,0
STU_1383,2.61,3,2,6,Below 10k,1,4,0,1,0,Unstable,6,2024,2,222,8000,4,0,1,0
STU_1384,3.13,14,4,13,10-15K,1,4,1,1,1,Unstable,5,2024,2,198,12500,4,1,2,1
STU_1385,3.25,8,7,0,Below 10k,1,4,0,1,0,Unstable,5,2024,2,195,8000,4,1,1,1
STU_1386,2.57,3,2,6,10-15K,0,4,1,1,0,Unstable,6,2024,2,239,12500,4,0,2,0
STU_1387,3.82,13,5,9,Below 10k,1,4,0,2,0,Unstable,7,2024,3,262,8000,4,2,2,1
STU_1388,3.16,9,0,15,Below 10k,1,4,0,1,0,Unstable,6,2024,2,214,8000,4,1,1,1
STU_1389,3.23,13,5,9,Below 10k,0,4,0,1,0,Unstable,6,2024,2,240,8000,4,1,1,1
STU_1390,3.15,2,5,9,10-15K,0,4,1,1,0,Unstable,5,2024,2,193,12500,4,1,2,1
STU_1391,3.15,22,3,8,Below 10k,0,4,0,1,0,Unstable,5,2024,2,189,8000,4,1,1,1
STU_1392,3.35,16,4,13,Below 10k,1,4,0,1,0,Unstable,5,2024,2,198,8000,4,1,1,1
STU_1393,3.31,5,1,18,10-15K,0,4,1,1,0,Unstable,6,2024,2,233,12500,4,1,2,1
STU_1394,3.83,6,6,1,10-15K,0,4,1,2,0,Unstable,5,2024,2,203,12500,4,2,3,1
STU_1395,2.89,5,1,18,10-15K,1,4,1,1,1,Unstable,7,2024,3,266,12500,4,0,2,0
STU_1396,3.36,9,7,0,10-15K,0,4,1,1,0,Unstable,7,2024,3,258,12500,4,1,2,1
STU_1397,3.11,2,5,9,10-15K,1,4,1,1,0,Unstable,7,2024,3,264,12500,4,1,2,1
STU_1398,3.38,6,6,12,16-20K,1,4,2,1,1,Unstable,5,2024,2,201,18000,4,1,3,1
STU_1399,3.38,5,1,18,10-15K,1,4,1,1,1,Unstable,6,2024,2,223,12500,4,1,2,1
STU_1400,2.96,7,1,11,Below 10k,1,4,0,1,0,Unstable,4,2024,2,162,8000,4,0,1,0
STU_1401,3.23,0,1,11,10-15K,0,4,1,1,0,Unstable,5,2024,2,186,12500,4,1,2,1
STU_1402,2.59,1,4,13,10-15K,0,4,1,1,0,Unstable,6,2024,2,234,12500,4,0,2,0
STU_1403,2.79,13,5,9,10-15K,1,4,1,1,1,Unstable,6,2024,2,222,12500,4,0,2,0
STU_1404,3.35,16,6,1,10-15K,1,4,1,1,1,Unstable,5,2024,2,191,12500,4,1,2,1
STU_1405,3.14,12,6,10,Below 10k,0,4,0,1,0,Unstable,4,2024,2,167,8000,4,1,1,1
STU_1406,3.23,14,4,13,16-20K,1,4,2,1,1,Unstable,4,2024,2,154,18000,4,1,3,1
STU_1407,3.11,7,3,8,16-20K,1,4,2,1,1,Unstable,5,2024,2,191,18000,4,1,3,1
STU_1408,3.32,7,1,17,16-20K,0,4,2,1,0,Unstable,7,2024,3,263,18000,4,1,3,1
STU_1409,3.28,6,1,18,10-15K,0,4,1,1,0,Unstable,7,2024,3,270,12500,4,1,2,1
STU_1410,3.25,10,7,0,10-15K,1,4,1,1,1,Unstable,4,2024,2,162,12500,4,1,2,1
STU_1411,3.14,5,0,16,Below 10k,0,4,0,1,0,Unstable,8,2024,3,278,8000,4,1,1,1
STU_1412,2.92,5,3,8,16-20K,1,4,2,1,1,Unstable,7,2024,3,243,18000,4,0,3,0
STU_1413,3.39,12,6,14,10-15K,0,4,1,1,0,Unstable,7,2024,3,258,12500,4,1,2,1
STU_1414,3.16,20,1,11,10-15K,0,4,1,1,0,Unstable,6,2024,2,228,12500,4,1,2,1
STU_1415,3.12,10,7,0,10-15K,1,4,1,1,1,Unstable,8,2024,3,276,12500,4,1,2,1
STU_1416,3.12,17,2,6,10-15K,1,4,1,1,1,Unstable,4,2024,2,154,12500,4,1,2,1
STU_1417,2.73,5,3,8,10-15K,1,4,1,1,1,Unstable,5,2024,2,189,12500,4,0,2,0
STU_1418,3.27,7,1,17,Below 10k,0,4,0,1,0,Unstable,8,2024,3,276,8000,4,1,1,1
STU_1419,3.33,8,7,0,10-15K,1,4,1,1,1,Unstable,5,2024,2,196,12500,4,1,2,1
STU_1420,3.27,13,0,4,16-20K,1,4,2,1,1,Unstable,8,2024,3,278,18000,4,1,3,1
STU_1421,3.18,2,5,9,16-20K,1,4,2,1,1,Unstable,7,2024,3,261,18000,4,1,3,1
STU_1422,3.23,9,2,6,16-20K,1,4,2,1,1,Unstable,7,2024,3,272,18000,4,1,3,1
STU_1423,3.69,16,6,12,10-15K,0,4,1,2,0,Unstable,6,2024,2,225,12500,4,2,3,1
STU_1424,3.38,13,0,5,10-15K,1,4,1,1,1,Unstable,7,2024,3,244,12500,4,1,2,1
STU_1425,2.57,22,3,8,Below 10k,1,4,0,1,0,Unstable,7,2024,3,258,8000,4,0,1,0
STU_1426,2.93,12,3,8,16-20K,0,4,2,1,0,Unstable,7,2024,3,266,18000,4,0,3,0
STU_1427,3.74,7,3,8,Below 10k,0,4,0,2,0,Unstable,6,2024,2,221,8000,4,2,2,1
STU_1428,3.36,5,3,8,16-20K,1,4,2,1,1,Unstable,6,2024,2,214,18000,4,1,3,1
STU_1429,3.3,19,6,10,Below 10k,0,4,0,1,0,Unstable,5,2024,2,191,8000,4,1,1,1
STU_1430,2.66,11,5,9,Below 10k,0,4,0,1,0,Unstable,4,2024,2,179,8000,4,0,1,0
STU_1431,3.39,10,2,6,Below 10k,0,4,0,1,0,Unstable,7,2024,3,264,8000,4,1,1,1
STU_1432,3.12,13,5,9,16-20K,0,4,2,1,0,Unstable,5,2024,2,207,18000,4,1,3,1
STU_1433,3.32,0,1,11,10-15K,1,4,1,1,1,Unstable,8,2024,3,276,12500,4,1,2,1
STU_1434,3.29,3,2,6,16-20K,0,4,2,1,0,Unstable,4,2024,2,152,18000,4,1,3,1
STU_1435,3.16,9,7,0,10-15K,1,4,1,1,1,Unstable,5,2024,2,186,12500,4,1,2,1
STU_1436,3.11,7,3,8,Below 10k,0,4,0,1,0,Unstable,4,2024,2,170,8000,4,1,1,1
STU_1437,3.15,7,7,0,Below 10k,1,4,0,1,0,Unstable,7,2024,3,273,8000,4,1,1,1
STU_1438,3.12,10,2,6,16-20K,1,4,2,1,1,Unstable,7,2024,3,244,18000,4,1,3,1
STU_1439,3.17,14,4,13,16-20K,1,4,2,1,1,Unstable,7,2024,3,259,18000,4,1,3,1
STU_1440,2.95,16,4,13,10-15K,1,4,1,1,1,Unstable,4,2024,2,177,12500,4,0,2,0
STU_1441,3.27,18,0,2,10-15K,1,4,1,1,1,Unstable,6,2024,2,227,12500,4,1,2,1
STU_1442,3.24,7,7,0,10-15K,1,4,1,1,1,Unstable,7,2024,3,252,12500,4,1,2,1
STU_1443,2.58,14,4,13,10-15K,0,4,1,1,0,Unstable,5,2024,2,206,12500,4,0,2,0
STU_1444,3.28,14,4,13,10-15K,1,4,1,1,0,Unstable,4,2024,2,172,12500,4,1,2,1
STU_1445,3.33,19,6,10,10-15K,1,4,1,1,1,Unstable,7,2024,3,243,12500,4,1,2,1
STU_1446,3.12,7,7,0,10-15K,0,4,1,1,0,Unstable,5,2024,2,205,12500,4,1,2,1
STU_1447,3.77,7,3,8,10-15K,0,4,1,2,0,Unstable,6,2024,2,216,12500,4,2,3,1
STU_1448,3.23,9,2,6,16-20K,1,4,2,1,1,Unstable,4,2024,2,161,18000,4,1,3,1
STU_1449,2.05,5,3,8,Below 10k,1,4,0,0,0,Unstable,6,2024,2,236,8000,4,0,0,1
STU_1450,3.16,12,6,3,Below 10k,0,4,0,1,0,Unstable,5,2024,2,200,8000,4,1,1,1
STU_1451,3.32,13,5,9,Below 10k,0,4,0,1,0,Unstable,6,2024,2,223,8000,4,1,1,1
STU_1452,3.31,13,0,16,10-15K,1,4,1,1,1,Unstable,4,2024,2,170,12500,4,1,2,1
STU_1453,3.22,16,6,3,16-20K,0,4,2,1,0,Unstable,5,2024,2,183,18000,4,1,3,1
STU_1454,3.08,10,2,6,10-15K,1,4,1,1,1,Unstable,7,2024,3,245,12500,4,1,2,1
STU_1455,3.58,13,5,9,16-20K,1,4,2,2,1,Unstable,6,2024,2,221,18000,4,2,4,1
STU_1456,3.37,9,2,6,16-20K,1,4,2,1,1,Unstable,4,2024,2,171,18000,4,1,3,1
STU_1457,3.2,5,0,4,10-15K,1,4,1,1,1,Unstable,4,2024,2,175,12500,4,1,2,1
STU_1458,3.35,9,0,4,Below 10k,1,4,0,1,0,Unstable,7,2024,3,265,8000,4,1,1,1
STU_1459,3.32,11,5,9,Below 10k,0,4,0,1,0,Unstable,6,2024,2,224,8000,4,1,1,1
STU_1460,3.26,19,6,14,16-20K,0,4,2,1,1,Unstable,4,2024,2,171,18000,4,1,3,1
STU_1461,3.27,13,0,16,10-15K,0,4,1,1,0,Unstable,7,2024,3,249,12500,4,1,2,1
STU_1462,3.31,5,3,8,Below 10k,0,4,0,1,0,Unstable,4,2024,2,181,8000,4,1,1,1
STU_1463,3.34,7,3,8,Below 10k,0,4,0,1,0,Unstable,7,2024,3,264,8000,4,1,1,1
STU_1464,3.3,5,0,5,10-15K,0,4,1,1,0,Unstable,4,2024,2,175,12500,4,1,2,1
STU_1465,3.27,19,6,1,Below 10k,1,4,0,1,0,Unstable,7,2024,3,253,8000,4,1,1,1
STU_1466,3.94,12,6,14,Below 10k,0,4,0,2,0,Unstable,6,2024,2,229,8000,4,2,2,1
STU_1467,3.22,0,7,0,Below 10k,0,4,0,1,0,Unstable,7,2024,3,247,8000,4,1,1,1
STU_1468,3.2,7,1,18,Below 10k,1,4,0,1,0,Unstable,6,2024,2,238,8000,4,1,1,1
STU_1469,3.21,20,1,11,Below 10k,0,4,0,1,0,Unstable,5,2024,2,209,8000,4,1,1,1
STU_1470,3.22,2,5,9,16-20K,1,4,2,1,1,Unstable,8,2024,3,280,18000,4,1,3,1
STU_1471,3.32,8,7,0,16-20K,0,4,2,1,0,Unstable,4,2024,2,159,18000,4,1,3,1
STU_1472,3.32,4,4,13,10-15K,0,4,1,1,0,Unstable,5,2024,2,209,12500,4,1,2,1
STU_1473,3.21,21,0,4,10-15K,1,4,1,1,1,Unstable,4,2024,2,181,12500,4,1,2,1
STU_1474,2.64,5,3,8,Below 10k,0,4,0,1,0,Unstable,5,2024,2,185,8000,4,0,1,0
STU_1475,3.21,9,0,15,16-20K,1,4,2,1,0,Unstable,5,2024,2,182,18000,4,1,3,1
STU_1476,3.12,4,4,13,16-20K,1,4,2,1,1,Unstable,5,2024,2,200,18000,4,1,3,1
STU_1477,3.22,13,0,15,Below 10k,1,4,0,1,0,Unstable,5,2024,2,183,8000,4,1,1,1
STU_1478,3.12,2,5,9,16-20K,0,4,2,1,0,Unstable,6,2024,2,220,18000,4,1,3,1
STU_1479,3.23,16,6,12,16-20K,0,4,2,1,0,Unstable,6,2024,2,229,18000,4,1,3,1
STU_1480,3.3,5,1,11,16-20K,0,4,2,1,0,Unstable,7,2024,3,253,18000,4,1,3,1
STU_1481,3.16,3,2,6,10-15K,1,4,1,1,1,Unstable,4,2024,2,166,12500,4,1,2,1
STU_1482,3.38,10,7,0,10-15K,1,4,1,1,1,Unstable,7,2024,3,266,12500,4,1,2,1
STU_1483,3.03,9,2,6,Below 10k,1,4,0,1,0,Unstable,7,2024,3,251,8000,4,1,1,1
STU_1484,3.24,17,2,6,Below 10k,0,4,0,1,0,Unstable,5,2024,2,209,8000,4,1,1,1
STU_1485,3.78,13,5,9,Below 10k,1,4,0,2,0,Unstable,5,2024,2,188,8000,4,2,2,1
STU_1486,3.14,7,1,18,10-15K,1,4,1,1,0,Unstable,6,2024,2,234,12500,4,1,2,1
STU_1487,2.77,0,1,11,16-20K,0,4,2,1,0,Unstable,6,2024,2,217,18000,4,0,3,0
STU_1488,3.36,5,0,2,Below 10k,0,4,0,1,0,Unstable,7,2024,3,269,8000,4,1,1,1
STU_1489,3.37,12,6,12,Below 10k,1,4,0,1,0,Unstable,7,2024,3,266,8000,4,1,1,1
STU_1490,2.64,1,4,13,16-20K,1,4,2,1,1,Unstable,5,2024,2,195,18000,4,0,3,0
STU_1491,3.69,19,6,1,16-20K,1,4,2,2,1,Unstable,7,2024,3,248,18000,4,2,4,1
STU_1492,3.38,11,5,9,16-20K,0,4,2,1,0,Unstable,6,2024,2,237,18000,4,1,3,1
STU_1493,3.25,13,5,9,Below 10k,1,4,0,1,0,Unstable,6,2024,2,217,8000,4,1,1,1
STU_1494,3.33,13,5,9,10-15K,0,4,1,1,0,Unstable,4,2024,2,153,12500,4,1,2,1
STU_1495,3.23,17,2,6,Below 10k,0,4,0,1,0,Unstable,4,2024,2,177,8000,4,1,1,1
STU_1496,2.57,7,1,11,16-20K,0,4,2,1,0,Unstable,7,2024,3,257,18000,4,0,3,0
STU_1497,3.13,7,1,17,16-20K,0,4,2,1,0,Unstable,5,2024,2,188,18000,4,1,3,1
STU_1498,2.8,5,0,5,10-15K,0,4,1,1,0,Unstable,6,2024,2,240,12500,4,0,2,0
STU_1499,3.2,7,1,18,Below 10k,1,4,0,1,0,Unstable,4,2024,2,176,8000,4,1,1,1
STU_1500,3.79,11,5,9,Below 10k,1,4,0,2,0,Unstable,5,2024,2,196,8000,4,2,2,1
STU_1501,3.36,1,4,13,16-20K,0,4,2,1,0,Unstable,4,2024,2,163,18000,4,1,3,1
STU_1502,3.15,7,3,8,Below 10k,0,4,0,1,0,Unstable,4,2024,2,174,8000,4,1,1,1
STU_1503,3.16,22,3,8,Below 10k,0,4,0,1,0,Unstable,7,2024,3,255,8000,4,1,1,1
STU_1504,3.27,16,4,13,10-15K,1,4,1,1,1,Unstable,6,2024,2,215,12500,4,1,2,1
STU_1505,3.81,4,4,13,16-20K,0,4,2,2,0,Unstable,7,2024,3,267,18000,4,2,4,1
STU_1506,3.12,17,2,6,Below 10k,1,4,0,1,0,Unstable,8,2024,3,278,8000,4,1,1,1
STU_1507,3.8,5,0,15,10-15K,1,4,1,2,1,Unstable,6,2024,2,238,12500,4,2,3,1
STU_1508,2.98,18,0,4,Below 10k,1,4,0,1,0,Unstable,5,2024,2,191,8000,4,0,1,0
STU_1509,3.18,9,7,0,10-15K,0,4,1,1,0,Unstable,6,2024,2,215,12500,4,1,2,1
STU_1510,3.19,22,3,8,16-20K,0,4,2,1,0,Unstable,7,2024,3,256,18000,4,1,3,1
STU_1511,3.39,0,1,11,10-15K,0,4,1,1,0,Unstable,4,2024,2,152,12500,4,1,2,1
STU_1512,3.31,7,7,0,16-20K,1,4,2,1,1,Unstable,5,2024,2,205,18000,4,1,3,1
STU_1513,2.53,9,2,6,16-20K,0,4,2,1,0,Unstable,7,2024,3,269,18000,4,0,3,0
STU_1514,3.2,5,0,15,Below 10k,1,4,0,1,0,Unstable,7,2024,3,259,8000,4,1,1,1
STU_1515,3.23,13,0,4,16-20K,0,4,2,1,0,Unstable,6,2024,2,229,18000,4,1,3,1
STU_1516,3.35,16,4,13,Below 10k,1,4,0,1,0,Unstable,5,2024,2,204,8000,4,1,1,1
STU_1517,3.28,13,0,15,16-20K,1,4,2,1,1,Unstable,6,2024,2,222,18000,4,1,3,1
STU_1518,3.18,1,4,13,16-20K,0,4,2,1,0,Unstable,7,2024,3,269,18000,4,1,3,1
STU_1519,2.73,12,6,1,16-20K,0,4,2,1,0,Unstable,5,2024,2,185,18000,4,0,3,0
STU_1520,3.67,0,7,0,10-15K,1,4,1,2,1,Unstable,6,2024,2,214,12500,4,2,3,1
STU_1521,3.51,9,2,6,Below 10k,0,4,0,2,0,Unstable,6,2024,2,242,8000,4,2,2,1
STU_1522,3.4,22,3,8,Below 10k,1,4,0,1,0,Unstable,7,2024,3,248,8000,4,2,1,0
STU_1523,3.32,7,7,0,16-20K,1,4,2,1,1,Unstable,7,2024,3,249,18000,4,1,3,1
STU_1524,3.12,5,1,18,10-15K,1,4,1,1,1,Unstable,7,2024,3,244,12500,4,1,2,1
STU_1525,3.25,22,3,8,16-20K,0,4,2,1,0,Unstable,5,2024,2,200,18000,4,1,3,1
STU_1526,3.21,0,1,18,10-15K,0,4,1,1,0,Unstable,7,2024,3,252,12500,4,1,2,1
STU_1527,3.78,7,1,11,Below 10k,1,4,0,2,0,Unstable,6,2024,2,213,8000,4,2,2,1
STU_1528,3.35,9,0,16,16-20K,1,4,2,1,1,Unstable,5,2024,2,204,18000,4,1,3,1
STU_1529,3.19,10,7,0,10-15K,1,4,1,1,1,Unstable,5,2024,2,190,12500,4,1,2,1
STU_1530,3.27,5,0,16,Below 10k,0,4,0,1,0,Unstable,7,2024,3,255,8000,4,1,1,1
STU_1531,3.11,9,2,6,16-20K,0,4,2,1,0,Unstable,4,2024,2,155,18000,4,1,3,1
STU_1532,3.15,13,5,9,16-20K,0,4,2,1,1,Unstable,6,2024,2,231,18000,4,1,3,1
STU_1533,3.17,15,6,12,16-20K,1,4,2,1,1,Unstable,5,2024,2,197,18000,4,1,3,1
STU_1534,3.37,9,7,0,Below 10k,1,4,0,1,0,Unstable,6,2024,2,233,8000,4,1,1,1
STU_1535,3.29,19,6,12,10-15K,0,4,1,1,0,Unstable,4,2024,2,152,12500,4,1,2,1
STU_1536,3.17,14,4,13,10-15K,1,4,1,1,1,Unstable,4,2024,2,156,12500,4,1,2,1
STU_1537,3.24,13,5,9,16-20K,1,4,2,1,1,Unstable,5,2024,2,192,18000,4,1,3,1
STU_1538,3.12,5,1,18,16-20K,0,4,2,1,0,Unstable,6,2024,2,225,18000,4,1,3,1
STU_1539,3.3,12,6,3,Below 10k,0,4,0,1,0,Unstable,4,2024,2,156,8000,4,1,1,1
STU_1540,3.13,21,0,5,16-20K,0,4,2,1,0,Unstable,6,2024,2,218,18000,4,1,3,1
STU_1541,3.5,13,5,9,16-20K,1,4,2,2,1,Unstable,7,2024,3,255,18000,4,2,4,1
STU_1542,3.35,7,3,8,16-20K,0,4,2,1,0,Unstable,6,2024,2,236,18000,4,1,3,1
STU_1543,2.01,6,1,17,16-20K,1,4,2,0,0,Unstable,7,2024,3,267,18000,4,0,2,1
STU_1544,3.35,13,5,9,Below 10k,1,4,0,1,0,Unstable,7,2024,3,269,8000,4,1,1,1
STU_1545,2.96,2,5,9,16-20K,1,4,2,1,1,Unstable,4,2024,2,164,18000,4,0,3,0
STU_1546,3.34,3,2,6,16-20K,0,4,2,1,0,Unstable,4,2024,2,171,18000,4,1,3,1
STU_1547,3.19,16,6,12,Below 10k,1,4,0,1,0,Unstable,6,2024,2,228,8000,4,1,1,1
STU_1548,3.07,5,0,16,16-20K,1,4,2,1,1,Unstable,7,2024,3,267,18000,4,1,3,1
STU_1549,3.17,9,7,0,10-15K,1,4,1,1,1,Unstable,4,2024,2,160,12500,4,1,2,1
STU_1550,3.22,10,2,6,10-15K,0,4,1,1,0,Unstable,7,2024,3,246,12500,4,1,2,1
STU_1551,2.83,12,3,8,10-15K,0,4,1,1,0,Unstable,6,2024,2,235,12500,4,0,2,0
STU_1552,3.32,1,4,13,10-15K,1,4,1,1,0,Unstable,4,2024,2,171,12500,4,1,2,1
STU_1553,3.37,14,4,13,10-15K,1,4,1,1,1,Unstable,7,2024,3,254,12500,4,1,2,1
STU_1554,3.16,4,4,13,10-15K,1,4,1,1,1,Unstable,7,2024,3,243,12500,4,1,2,1
STU_1555,3.24,1,4,13,Below 10k,1,4,0,1,0,Unstable,7,2024,3,247,8000,4,1,1,1
STU_1556,3.11,3,2,6,10-15K,0,4,1,1,0,Unstable,6,2024,2,216,12500,4,1,2,1
STU_1557,3.29,4,4,13,Below 10k,0,4,0,1,0,Unstable,4,2024,2,164,8000,4,1,1,1
STU_1558,3.17,6,1,17,16-20K,1,4,2,1,1,Unstable,4,2024,2,181,18000,4,1,3,1
STU_1559,3.29,14,4,13,Below 10k,0,4,0,1,0,Unstable,7,2024,3,261,8000,4,1,1,1
STU_1560,3.28,6,6,3,10-15K,0,4,1,1,0,Unstable,5,2024,2,184,12500,4,1,2,1
STU_1561,3.26,7,1,17,10-15K,0,4,1,1,0,Unstable,7,2024,3,268,12500,4,1,2,1
STU_1562,3.02,11,5,9,16-20K,1,4,2,1,1,Unstable,7,2024,3,264,18000,4,1,3,1
STU_1563,3.2,0,1,17,10-15K,0,4,1,1,0,Unstable,6,2024,2,220,12500,4,1,2,1
STU_1564,3.21,6,1,11,Below 10k,1,4,0,1,0,Unstable,4,2024,2,181,8000,4,1,1,1
STU_1565,3.25,4,4,13,10-15K,1,4,1,1,1,Unstable,5,2024,2,203,12500,4,1,2,1
STU_1566,3.13,5,1,17,16-20K,1,4,2,1,1,Unstable,5,2024,2,184,18000,4,1,3,1
STU_1567,3.32,10,2,6,Below 10k,1,4,0,1,0,Unstable,5,2024,2,194,8000,4,1,1,1
STU_1568,3.51,12,3,8,Below 10k,1,4,0,2,0,Unstable,6,2024,2,226,8000,4,2,2,1
STU_1569,3.11,10,2,6,10-15K,0,4,1,1,0,Unstable,6,2024,2,213,12500,4,1,2,1
STU_1570,2.92,9,7,0,Below 10k,0,4,0,1,0,Unstable,6,2024,2,239,8000,4,0,1,0
STU_1571,3.16,12,6,3,10-15K,0,4,1,1,0,Unstable,6,2024,2,238,12500,4,1,2,1
STU_1572,3.35,14,4,13,16-20K,0,4,2,1,0,Unstable,7,2024,3,272,18000,4,1,3,1
STU_1573,2.87,19,6,3,Below 10k,0,4,0,1,0,Unstable,7,2024,3,263,8000,4,0,1,0
STU_1574,3.26,4,4,13,16-20K,1,4,2,1,1,Unstable,7,2024,3,256,18000,4,1,3,1
STU_1575,3.26,0,1,18,16-20K,1,4,2,1,1,Unstable,8,2024,3,277,18000,4,1,3,1
STU_1576,3.13,18,0,16,16-20K,1,4,2,1,1,Unstable,8,2024,3,276,18000,4,1,3,1
STU_1577,3.25,17,2,6,10-15K,0,4,1,1,0,Unstable,5,2024,2,188,12500,4,1,2,1
STU_1578,3.02,0,1,17,Below 10k,1,4,0,1,0,Unstable,5,2024,2,210,8000,4,1,1,1
STU_1579,2.75,19,6,10,16-20K,0,4,2,1,0,Unstable,5,2024,2,212,18000,4,0,3,0
STU_1580,3.13,4,4,13,Below 10k,0,4,0,1,0,Unstable,7,2024,3,256,8000,4,1,1,1
STU_1581,2.61,10,7,0,10-15K,1,4,1,1,0,Unstable,4,2024,2,169,12500,4,0,2,0
STU_1582,3.32,13,0,5,Below 10k,1,4,0,1,0,Unstable,5,2024,2,194,8000,4,1,1,1
STU_1583,3.21,6,1,18,16-20K,1,4,2,1,1,Unstable,4,2024,2,166,18000,4,1,3,1
STU_1584,3.18,5,1,11,16-20K,0,4,2,1,0,Unstable,5,2024,2,188,18000,4,1,3,1
STU_1585,3.27,5,1,18,16-20K,1,4,2,1,1,Unstable,7,2024,3,261,18000,4,1,3,1
STU_1586,3.35,1,4,13,16-20K,0,4,2,1,0,Unstable,5,2024,2,187,18000,4,1,3,1
STU_1587,3.24,9,0,5,10-15K,0,4,1,1,0,Unstable,4,2024,2,164,12500,4,1,2,1
STU_1588,3.31,13,5,9,Below 10k,1,4,0,1,0,Unstable,5,2024,2,185,8000,4,1,1,1
STU_1589,3.35,20,1,11,10-15K,1,4,1,1,1,Unstable,7,2024,3,263,12500,4,1,2,1
STU_1590,3.11,13,5,9,Below 10k,0,4,0,1,0,Unstable,7,2024,3,250,8000,4,1,1,1
STU_1591,3.3,14,4,13,Below 10k,1,4,0,1,0,Unstable,4,2024,2,172,8000,4,1,1,1
STU_1592,3.33,13,5,9,10-15K,0,4,1,1,0,Unstable,4,2024,2,159,12500,4,1,2,1
STU_1593,3.3,1,4,13,16-20K,1,4,2,1,1,Unstable,6,2024,2,241,18000,4,1,3,1
STU_1594,3.17,7,1,11,Below 10k,0,4,0,1,0,Unstable,4,2024,2,175,8000,4,1,1,1
STU_1595,3.15,9,2,6,16-20K,1,4,2,1,1,Unstable,6,2024,2,235,18000,4,1,3,1
STU_1596,3.34,2,5,9,16-20K,1,4,2,1,1,Unstable,5,2024,2,208,18000,4,1,3,1
STU_1597,3.14,16,6,10,Below 10k,1,4,0,1,0,Unstable,4,2024,2,163,8000,4,1,1,1
STU_1598,3.23,1,4,13,10-15K,1,4,1,1,1,Unstable,7,2024,3,266,12500,4,1,2,1
STU_1599,3.14,6,1,18,10-15K,1,4,1,1,1,Unstable,5,2024,2,184,12500,4,1,2,1
STU_1600,3.4,12,6,12,10-15K,0,4,1,1,0,Unstable,5,2024,2,188,12500,4,2,2,0
STU_1601,3.12,7,7,0,Below 10k,1,4,0,1,0,Unstable,4,2024,2,181,8000,4,1,1,1
STU_1602,3.23,22,3,8,10-15K,1,4,1,1,1,Unstable,6,2024,2,230,12500,4,1,2,1
STU_1603,3.37,10,7,0,Below 10k,0,4,0,1,0,Unstable,5,2024,2,207,8000,4,1,1,1
STU_1604,2.59,16,4,13,10-15K,0,4,1,1,0,Unstable,5,2024,2,201,12500,4,0,2,0
STU_1605,2.25,7,3,8,Below 10k,0,4,0,0,0,Unstable,6,2024,2,218,8000,4,0,0,1
STU_1606,3.21,0,1,11,Below 10k,0,4,0,1,0,Unstable,8,2024,3,278,8000,4,1,1,1
STU_1607,3.19,1,4,13,16-20K,1,4,2,1,1,Unstable,6,2024,2,229,18000,4,1,3,1
STU_1608,3.25,5,1,18,10-15K,0,4,1,1,0,Unstable,7,2024,3,270,12500,4,1,2,1
STU_1609,3.15,7,1,18,10-15K,0,4,1,1,0,Unstable,7,2024,3,249,12500,4,1,2,1
STU_1610,3.25,6,6,3,10-15K,1,4,1,1,1,Unstable,5,2024,2,189,12500,4,1,2,1
STU_1611,3.33,19,6,3,10-15K,1,4,1,1,1,Unstable,6,2024,2,242,12500,4,1,2,1
STU_1612,3.26,22,3,8,Below 10k,1,4,0,1,0,Unstable,5,2024,2,202,8000,4,1,1,1
STU_1613,3.37,15,6,12,16-20K,1,4,2,1,1,Unstable,5,2024,2,203,18000,4,1,3,1
STU_1614,3.29,6,6,14,10-15K,1,4,1,1,1,Unstable,4,2024,2,152,12500,4,1,2,1
STU_1615,3.37,20,1,18,10-15K,1,4,1,1,1,Unstable,4,2024,2,167,12500,4,1,2,1
STU_1616,3.27,9,0,4,Below 10k,0,4,0,1,0,Unstable,7,2024,3,248,8000,4,1,1,1
STU_1617,3.38,1,4,13,10-15K,1,4,1,1,0,Unstable,6,2024,2,240,12500,4,1,2,1
STU_1618,3.2,15,6,10,10-15K,1,4,1,1,1,Unstable,4,2024,2,174,12500,4,1,2,1
STU_1619,3.17,5,1,11,16-20K,1,4,2,1,1,Unstable,5,2024,2,187,18000,4,1,3,1
STU_1620,3.57,11,5,9,Below 10k,1,4,0,2,0,Unstable,6,2024,2,223,8000,4,2,2,1
STU_1621,3.37,17,2,6,Below 10k,1,4,0,1,0,Unstable,4,2024,2,180,8000,4,1,1,1
STU_1622,2.73,9,0,15,Below 10k,1,4,0,1,0,Unstable,6,2024,2,231,8000,4,0,1,0
STU_1623,3.23,11,5,9,16-20K,0,4,2,1,0,Unstable,4,2024,2,169,18000,4,1,3,1
STU_1624,3.16,10,2,6,10-15K,0,4,1,1,0,Unstable,4,2024,2,168,12500,4,1,2,1
STU_1625,3.26,16,4,13,16-20K,1,4,2,1,1,Unstable,8,2024,3,277,18000,4,1,3,1
STU_1626,2.88,8,7,0,10-15K,1,4,1,1,0,Unstable,5,2024,2,195,12500,4,0,2,0
STU_1627,3.36,9,2,6,Below 10k,0,4,0,1,0,Unstable,6,2024,2,223,8000,4,1,1,1
STU_1628,3.13,2,5,9,16-20K,0,4,2,1,0,Unstable,7,2024,3,260,18000,4,1,3,1
STU_1629,3.2,8,7,0,10-15K,1,4,1,1,1,Unstable,8,2024,3,275,12500,4,1,2,1
STU_1630,3.36,2,5,9,16-20K,1,4,2,1,1,Unstable,4,2024,2,172,18000,4,1,3,1
STU_1631,3.35,1,4,13,16-20K,0,4,2,1,0,Unstable,4,2024,2,162,18000,4,1,3,1
STU_1632,3.32,10,2,6,16-20K,1,4,2,1,1,Unstable,5,2024,2,198,18000,4,1,3,1
STU_1633,3.28,6,1,17,16-20K,0,4,2,1,0,Unstable,8,2024,3,280,18000,4,1,3,1
STU_1634,3.3,8,7,0,16-20K,0,4,2,1,0,Unstable,7,2024,3,271,18000,4,1,3,1
STU_1635,3.56,11,5,9,Below 10k,1,4,0,2,0,Unstable,4,2024,2,178,8000,4,2,2,1
STU_1636,3.91,3,2,6,Below 10k,0,4,0,2,0,Unstable,4,2024,2,176,8000,4,2,2,1
STU_1637,3.28,18,0,16,Below 10k,0,4,0,1,0,Unstable,8,2024,3,277,8000,4,1,1,1
STU_1638,2.76,11,5,9,16-20K,0,4,2,1,0,Unstable,7,2024,3,266,18000,4,0,3,0
STU_1639,2.38,14,4,13,16-20K,0,4,2,0,0,Unstable,6,2024,2,216,18000,4,0,2,1
STU_1640,3.11,16,6,3,10-15K,0,4,1,1,0,Unstable,6,2024,2,230,12500,4,1,2,1
STU_1641,2.89,6,6,1,Below 10k,0,4,0,1,0,Unstable,7,2024,3,269,8000,4,0,1,0
STU_1642,3.37,14,4,13,Below 10k,0,4,0,1,0,Unstable,7,2024,3,254,8000,4,1,1,1
STU_1643,3.1,6,6,3,Below 10k,1,4,0,1,0,Unstable,6,2024,2,213,8000,4,1,1,1
STU_1644,3.23,6,1,17,Below 10k,1,4,0,1,0,Unstable,7,2024,3,247,8000,4,1,1,1
STU_1645,3.3,8,7,0,Below 10k,1,4,0,1,0,Unstable,4,2024,2,157,8000,4,1,1,1
STU_1646,3.37,16,4,13,Below 10k,1,4,0,1,0,Unstable,4,2024,2,155,8000,4,1,1,1
STU_1647,2.66,2,5,9,Below 10k,0,4,0,1,0,Unstable,6,2024,2,225,8000,4,0,1,0
STU_1648,2.82,9,7,0,16-20K,0,4,2,1,0,Unstable,6,2024,2,228,18000,4,0,3,0
STU_1649,3.92,6,1,18,10-15K,0,4,1,2,0,Unstable,4,2024,2,159,12500,4,2,3,1
STU_1650,3.33,13,5,9,10-15K,1,4,1,1,1,Unstable,6,2024,2,233,12500,4,1,2,1
STU_1651,3.11,7,3,8,16-20K,1,4,2,1,1,Unstable,5,2024,2,212,18000,4,1,3,1
STU_1652,3.4,2,5,9,Below 10k,1,4,0,1,0,Unstable,7,2024,3,257,8000,4,2,1,0
STU_1653,2.01,17,2,6,Below 10k,0,4,0,0,0,Unstable,4,2024,2,179,8000,4,0,0,1
STU_1654,2.29,9,7,0,Below 10k,1,4,0,0,0,Unstable,5,2024,2,183,8000,4,0,0,1
STU_1655,3.91,10,2,6,Below 10k,1,4,0,2,0,Unstable,6,2024,2,213,8000,4,2,2,1
STU_1656,3.22,10,2,6,10-15K,0,4,1,1,0,Unstable,5,2024,2,202,12500,4,1,2,1
STU_1657,3.31,3,2,6,16-20K,1,4,2,1,1,Unstable,7,2024,3,249,18000,4,1,3,1
STU_1658,3.21,13,0,4,16-20K,0,4,2,1,0,Unstable,6,2024,2,228,18000,4,1,3,1
STU_1659,2.56,2,5,9,16-20K,1,4,2,1,1,Unstable,7,2024,3,272,18000,4,0,3,0
STU_1660,3.2,22,3,8,Below 10k,1,4,0,1,0,Unstable,5,2024,2,182,8000,4,1,1,1
STU_1661,3.14,17,2,6,10-15K,1,4,1,1,1,Unstable,4,2024,2,158,12500,4,1,2,1
STU_1662,3.32,16,6,12,Below 10k,1,4,0,1,0,Unstable,5,2024,2,192,8000,4,1,1,1
STU_1663,3.3,6,6,10,10-15K,1,4,1,1,1,Unstable,5,2024,2,209,12500,4,1,2,1
STU_1664,3.1,15,6,12,16-20K,1,4,2,1,1,Unstable,7,2024,3,251,18000,4,1,3,1
STU_1665,3.11,10,2,6,10-15K,1,4,1,1,1,Unstable,5,2024,2,194,12500,4,1,2,1
STU_1666,3.23,1,4,13,10-15K,1,4,1,1,0,Unstable,7,2024,3,254,12500,4,1,2,1
STU_1667,3.25,7,1,18,16-20K,0,4,2,1,0,Unstable,7,2024,3,244,18000,4,1,3,1
STU_1668,3.33,16,6,3,10-15K,1,4,1,1,1,Unstable,5,2024,2,203,12500,4,1,2,1
STU_1669,3.3,13,5,9,Below 10k,1,4,0,1,0,Unstable,6,2024,2,238,8000,4,1,1,1
STU_1670,3.16,20,1,17,10-15K,1,4,1,1,1,Unstable,7,2024,3,273,12500,4,1,2,1
STU_1671,3.17,19,6,10,16-20K,0,4,2,1,0,Unstable,6,2024,2,227,18000,4,1,3,1
STU_1672,3.13,0,7,0,16-20K,0,4,2,1,0,Unstable,6,2024,2,220,18000,4,1,3,1
STU_1673,3.29,9,2,6,16-20K,0,4,2,1,0,Unstable,6,2024,2,229,18000,4,1,3,1
STU_1674,3.13,16,4,13,Below 10k,1,4,0,1,0,Unstable,6,2024,2,217,8000,4,1,1,1
STU_1675,3.34,10,2,6,Below 10k,1,4,0,1,0,Unstable,7,2024,3,252,8000,4,1,1,1
STU_1676,3.28,16,6,10,10-15K,1,4,1,1,1,Unstable,5,2024,2,186,12500,4,1,2,1
STU_1677,3.15,6,6,10,Below 10k,0,4,0,1,0,Unstable,5,2024,2,191,8000,4,1,1,1
STU_1678,3.22,12,3,8,16-20K,0,4,2,1,0,Unstable,7,2024,3,249,18000,4,1,3,1
STU_1679,3.4,9,2,6,Below 10k,1,4,0,1,0,Unstable,7,2024,3,248,8000,4,2,1,0
STU_1680,3.1,1,4,13,16-20K,0,4,2,1,0,Unstable,4,2024,2,162,18000,4,1,3,1
STU_1681,3.11,5,1,11,10-15K,1,4,1,1,1,Unstable,6,2024,2,223,12500,4,1,2,1
STU_1682,3.28,4,4,13,10-15K,1,4,1,1,1,Unstable,6,2024,2,216,12500,4,1,2,1
STU_1683,3.24,5,1,17,10-15K,0,4,1,1,0,Unstable,8,2024,3,279,12500,4,1,2,1
STU_1684,3.23,11,5,9,16-20K,1,4,2,1,1,Unstable,4,2024,2,180,18000,4,1,3,1
STU_1685,3.28,10,7,0,10-15K,1,4,1,1,1,Unstable,6,2024,2,231,12500,4,1,2,1
STU_1686,3.14,22,3,8,Below 10k,0,4,0,1,1,Unstable,7,2024,3,269,8000,4,1,1,1
STU_1687,2.8,9,0,2,Below 10k,0,4,0,1,0,Unstable,6,2024,2,218,8000,4,0,1,0
STU_1688,2.85,16,4,13,Below 10k,0,4,0,1,0,Unstable,6,2024,2,220,8000,4,0,1,0
STU_1689,3.17,5,3,8,10-15K,1,4,1,1,1,Unstable,6,2024,2,240,12500,4,1,2,1
STU_1690,3.19,1,4,13,10-15K,1,4,1,1,1,Unstable,7,2024,3,257,12500,4,1,2,1
STU_1691,2.36,2,5,9,16-20K,0,4,2,0,0,Unstable,7,2024,3,271,18000,4,0,2,1
STU_1692,3.15,7,3,8,Below 10k,1,4,0,1,0,Unstable,6,2024,2,214,8000,4,1,1,1
STU_1693,3.28,12,3,8,Below 10k,0,4,0,1,0,Unstable,4,2024,2,177,8000,4,1,1,1
STU_1694,3.16,19,6,12,Below 10k,1,4,0,1,0,Unstable,4,2024,2,161,8000,4,1,1,1
STU_1695,2.64,10,2,6,Below 10k,1,4,0,1,0,Unstable,5,2024,2,206,8000,4,0,1,0
STU_1696,2.87,22,3,8,16-20K,1,4,2,1,1,Unstable,6,2024,2,237,18000,4,0,3,0
STU_1697,3.22,9,2,6,10-15K,0,4,1,1,0,Unstable,8,2024,3,276,12500,4,1,2,1
STU_1698,3.11,2,5,9,16-20K,0,4,2,1,0,Unstable,7,2024,3,250,18000,4,1,3,1
STU_1699,3.94,11,5,9,16-20K,1,4,2,2,1,Unstable,5,2024,2,211,18000,4,2,4,1
STU_1700,3.33,9,2,6,Below 10k,0,4,0,1,0,Unstable,7,2024,3,264,8000,4,1,1,1
STU_1701,3.29,9,2,6,10-15K,1,4,1,1,0,Unstable,8,2024,3,277,12500,4,1,2,1
STU_1702,3.25,21,0,15,Below 10k,1,4,0,1,0,Unstable,6,2024,2,229,8000,4,1,1,1
STU_1703,2.62,7,1,18,Below 10k,1,4,0,1,0,Unstable,4,2024,2,165,8000,4,0,1,0
STU_1704,3.33,7,7,0,16-20K,0,4,2,1,0,Unstable,4,2024,2,163,18000,4,1,3,1
STU_1705,3.13,14,4,13,Below 10k,1,4,0,1,0,Unstable,6,2024,2,225,8000,4,1,1,1
STU_1706,3.22,1,4,13,Below 10k,1,4,0,1,0,Unstable,4,2024,2,156,8000,4,1,1,1
STU_1707,2.6,3,2,6,Below 10k,0,4,0,1,0,Unstable,8,2024,3,275,8000,4,0,1,0
STU_1708,3.14,20,1,18,10-15K,1,4,1,1,1,Unstable,6,2024,2,232,12500,4,1,2,1
STU_1709,3.29,15,6,10,10-15K,0,4,1,1,0,Unstable,6,2024,2,230,12500,4,1,2,1
STU_1710,3.28,12,6,12,10-15K,0,4,1,1,0,Unstable,6,2024,2,220,12500,4,1,2,1
STU_1711,3.26,21,0,5,Below 10k,1,4,0,1,0,Unstable,7,2024,3,249,8000,4,1,1,1
STU_1712,3.25,13,0,5,Below 10k,1,4,0,1,0,Unstable,5,2024,2,200,8000,4,1,1,1
STU_1713,2.79,5,1,17,16-20K,0,4,2,1,0,Unstable,7,2024,3,265,18000,4,0,3,0
STU_1714,3.15,6,6,1,16-20K,0,4,2,1,0,Unstable,7,2024,3,249,18000,4,1,3,1
STU_1715,3.16,13,0,15,16-20K,1,4,2,1,1,Unstable,7,2024,3,258,18000,4,1,3,1
STU_1716,2.99,9,7,0,16-20K,1,4,2,1,1,Unstable,5,2024,2,184,18000,4,0,3,0
STU_1717,3.29,6,6,10,Below 10k,1,4,0,1,0,Unstable,4,2024,2,158,8000,4,1,1,1
STU_1718,3.33,2,5,9,16-20K,0,4,2,1,0,Unstable,6,2024,2,238,18000,4,1,3,1
STU_1719,3.07,17,2,6,10-15K,1,4,1,1,1,Unstable,5,2024,2,207,12500,4,1,2,1
STU_1720,3.23,2,5,9,10-15K,1,4,1,1,1,Unstable,7,2024,3,272,12500,4,1,2,1
STU_1721,2.64,14,4,13,16-20K,0,4,2,1,0,Unstable,5,2024,2,210,18000,4,0,3,0
STU_1722,3.34,5,0,15,16-20K,1,4,2,1,1,Unstable,4,2024,2,156,18000,4,1,3,1
STU_1723,2.74,8,7,0,Below 10k,1,4,0,1,0,Unstable,4,2024,2,170,8000,4,0,1,0
STU_1724,3.34,6,1,17,16-20K,0,4,2,1,0,Unstable,6,2024,2,229,18000,4,1,3,1
STU_1725,2.27,10,2,6,Below 10k,1,4,0,0,0,Unstable,4,2024,2,167,8000,4,0,0,1
STU_1726,3.1,16,6,1,Below 10k,0,4,0,1,0,Unstable,7,2024,3,263,8000,4,1,1,1
STU_1727,3.35,20,1,11,Below 10k,0,4,0,1,0,Unstable,6,2024,2,226,8000,4,1,1,1
STU_1728,3.23,1,4,13,10-15K,1,4,1,1,1,Unstable,8,2024,3,279,12500,4,1,2,1
STU_1729,3.05,5,3,8,10-15K,0,4,1,1,0,Unstable,4,2024,2,155,12500,4,1,2,1
STU_1730,3.26,9,0,4,Below 10k,0,4,0,1,0,Unstable,4,2024,2,159,8000,4,1,1,1
STU_1731,3.21,16,4,13,Below 10k,0,4,0,1,0,Unstable,7,2024,3,245,8000,4,1,1,1
STU_1732,3.21,5,0,4,Below 10k,0,4,0,1,0,Unstable,6,2024,2,232,8000,4,1,1,1
STU_1733,3.17,9,0,16,Below 10k,0,4,0,1,0,Unstable,7,2024,3,262,8000,4,1,1,1
STU_1734,2.68,10,7,0,16-20K,0,4,2,1,0,Unstable,6,2024,2,232,18000,4,0,3,0
STU_1735,2.19,3,2,6,Below 10k,0,4,0,0,0,Unstable,4,2024,2,152,8000,4,0,0,1
STU_1736,3.26,3,2,6,10-15K,0,4,1,1,0,Unstable,4,2024,2,162,12500,4,1,2,1
STU_1737,3.36,5,1,17,16-20K,1,4,2,1,1,Unstable,5,2024,2,203,18000,4,1,3,1
STU_1738,3.82,12,6,12,Below 10k,0,4,0,2,0,Unstable,8,2024,3,275,8000,4,2,2,1
STU_1739,2.52,13,0,16,16-20K,0,4,2,1,0,Unstable,5,2024,2,196,18000,4,0,3,0
STU_1740,2.75,12,6,12,Below 10k,0,4,0,1,0,Unstable,6,2024,2,227,8000,4,0,1,0
STU_1741,3.33,17,2,6,10-15K,0,4,1,1,0,Unstable,7,2024,3,260,12500,4,1,2,1
STU_1742,3.55,16,4,13,Below 10k,1,4,0,2,0,Unstable,7,2024,3,265,8000,4,2,2,1
STU_1743,3.38,2,5,9,10-15K,0,4,1,1,0,Unstable,7,2024,3,266,12500,4,1,2,1
STU_1744,2.99,15,6,10,16-20K,1,4,2,1,1,Unstable,6,2024,2,241,18000,4,0,3,0
STU_1745,3.24,10,2,6,10-15K,0,4,1,1,0,Unstable,5,2024,2,183,12500,4,1,2,1
STU_1746,3.39,18,0,15,Below 10k,0,4,0,1,0,Unstable,6,2024,2,227,8000,4,1,1,1
STU_1747,3.11,18,0,15,16-20K,0,4,2,1,0,Unstable,5,2024,2,208,18000,4,1,3,1
STU_1748,3.19,0,7,0,10-15K,1,4,1,1,0,Unstable,6,2024,2,230,12500,4,1,2,1
STU_1749,3.18,14,4,13,16-20K,1,4,2,1,1,Unstable,7,2024,3,260,18000,4,1,3,1
STU_1750,3.35,13,5,9,16-20K,0,4,2,1,0,Unstable,7,2024,3,264,18000,4,1,3,1
STU_1751,3.29,13,0,15,10-15K,0,4,1,1,0,Unstable,4,2024,2,168,12500,4,1,2,1
STU_1752,3.35,17,2,6,16-20K,0,4,2,1,0,Unstable,5,2024,2,183,18000,4,1,3,1
STU_1753,3.22,0,1,11,Below 10k,0,4,0,1,0,Unstable,6,2024,2,234,8000,4,1,1,1
STU_1754,3.12,14,4,13,Below 10k,1,4,0,1,0,Unstable,5,2024,2,209,8000,4,1,1,1
STU_1755,3.2,11,5,9,16-20K,1,4,2,1,1,Unstable,5,2024,2,194,18000,4,1,3,1
STU_1756,3.86,8,7,0,10-15K,1,4,1,2,1,Unstable,7,2024,3,273,12500,4,2,3,1
STU_1757,3.24,5,0,16,16-20K,0,4,2,1,0,Unstable,6,2024,2,229,18000,4,1,3,1
STU_1758,3.09,9,7,0,16-20K,0,4,2,1,0,Unstable,7,2024,3,267,18000,4,1,3,1
STU_1759,3.27,3,2,6,Below 10k,0,4,0,1,0,Unstable,7,2024,3,266,8000,4,1,1,1
STU_1760,3.34,9,2,6,10-15K,1,4,1,1,1,Unstable,7,2024,3,264,12500,4,1,2,1
STU_1761,3.25,19,6,3,Below 10k,1,4,0,1,0,Unstable,4,2024,2,156,8000,4,1,1,1
STU_1762,3.23,13,5,9,Below 10k,1,4,0,1,0,Unstable,7,2024,3,249,8000,4,1,1,1
STU_1763,3.11,6,6,1,Below 10k,0,4,0,1,0,Unstable,6,2024,2,224,8000,4,1,1,1
STU_1764,3.25,7,1,11,10-15K,1,4,1,1,1,Unstable,7,2024,3,246,12500,4,1,2,1
STU_1765,2.56,16,4,13,10-15K,0,4,1,1,0,Unstable,7,2024,3,264,12500,4,0,2,0
STU_1766,3.16,3,2,6,Below 10k,1,4,0,1,0,Unstable,6,2024,2,230,8000,4,1,1,1
STU_1767,3.38,13,5,9,16-20K,0,4,2,1,0,Unstable,4,2024,2,169,18000,4,1,3,1
STU_1768,2.99,9,0,15,10-15K,0,4,1,1,0,Unstable,7,2024,3,253,12500,4,0,2,0
STU_1769,3.33,20,1,11,10-15K,1,4,1,1,0,Unstable,5,2024,2,192,12500,4,1,2,1
STU_1770,2.87,2,5,9,10-15K,0,4,1,1,0,Unstable,6,2024,2,213,12500,4,0,2,0
STU_1771,3.28,0,7,0,16-20K,1,4,2,1,1,Unstable,6,2024,2,217,18000,4,1,3,1
STU_1772,3.07,0,1,17,16-20K,0,4,2,1,0,Unstable,5,2024,2,203,18000,4,1,3,1
STU_1773,3.62,9,2,6,10-15K,1,4,1,2,1,Unstable,7,2024,3,271,12500,4,2,3,1
STU_1774,3.3,17,2,6,10-15K,0,4,1,1,0,Unstable,6,2024,2,222,12500,4,1,2,1
STU_1775,3.18,11,5,9,10-15K,0,4,1,1,0,Unstable,4,2024,2,180,12500,4,1,2,1
STU_1776,2.75,19,6,10,16-20K,1,4,2,1,1,Unstable,6,2024,2,224,18000,4,0,3,0
STU_1777,3.35,13,0,5,10-15K,1,4,1,1,1,Unstable,6,2024,2,213,12500,4,1,2,1
STU_1778,3.2,5,1,18,10-15K,0,4,1,1,0,Unstable,6,2024,2,213,12500,4,1,2,1
STU_1779,3.21,12,6,12,16-20K,1,4,2,1,1,Unstable,6,2024,2,241,18000,4,1,3,1
STU_1780,2.96,14,4,13,10-15K,1,4,1,1,1,Unstable,8,2024,3,279,12500,4,0,2,0
STU_1781,3.23,22,3,8,Below 10k,1,4,0,1,0,Unstable,7,2024,3,260,8000,4,1,1,1
STU_1782,2.33,10,7,0,16-20K,0,4,2,0,0,Unstable,5,2024,2,191,18000,4,0,2,1
STU_1783,3.18,5,3,8,16-20K,1,4,2,1,1,Unstable,8,2024,3,276,18000,4,1,3,1
STU_1784,3.21,2,5,9,16-20K,1,4,2,1,1,Unstable,4,2024,2,177,18000,4,1,3,1
STU_1785,3.13,1,4,13,Below 10k,0,4,0,1,0,Unstable,7,2024,3,258,8000,4,1,1,1
STU_1786,3.2,5,1,17,16-20K,0,4,2,1,0,Unstable,4,2024,2,167,18000,4,1,3,1
STU_1787,3.35,0,7,0,10-15K,1,4,1,1,1,Unstable,4,2024,2,164,12500,4,1,2,1
STU_1788,2.52,6,1,17,10-15K,0,4,1,1,0,Unstable,6,2024,2,224,12500,4,0,2,0
STU_1789,2.68,18,0,4,16-20K,1,4,2,1,1,Unstable,7,2024,3,247,18000,4,0,3,0
STU_1790,3.17,0,7,0,10-15K,1,4,1,1,1,Unstable,4,2024,2,153,12500,4,1,2,1
STU_1791,3.75,7,1,17,Below 10k,0,4,0,2,0,Unstable,4,2024,2,152,8000,4,2,2,1
STU_1792,3.24,4,4,13,16-20K,1,4,2,1,1,Unstable,7,2024,3,262,18000,4,1,3,1
STU_1793,3.02,8,7,0,16-20K,1,4,2,1,1,Unstable,7,2024,3,270,18000,4,1,3,1
STU_1794,3.65,9,2,6,10-15K,1,4,1,2,1,Unstable,7,2024,3,270,12500,4,2,3,1
STU_1795,2.64,16,4,13,Below 10k,1,4,0,1,0,Unstable,6,2024,2,215,8000,4,0,1,0
STU_1796,3.4,2,5,9,10-15K,1,4,1,1,1,Unstable,6,2024,2,233,12500,4,2,2,0
STU_1797,3.18,1,4,13,10-15K,1,4,1,1,1,Unstable,4,2024,2,181,12500,4,1,2,1
STU_1798,2.62,17,2,6,16-20K,1,4,2,1,1,Unstable,5,2024,2,186,18000,4,0,3,0
STU_1799,3.16,9,0,2,10-15K,1,4,1,1,1,Unstable,4,2024,2,158,12500,4,1,2,1
STU_1800,3.16,2,5,9,Below 10k,1,4,0,1,0,Unstable,4,2024,2,173,8000,4,1,1,1
STU_1801,3.34,9,2,6,Below 10k,1,4,0,1,0,Unstable,7,2024,3,271,8000,4,1,1,1
STU_1802,2.56,7,3,8,16-20K,0,4,2,1,0,Unstable,5,2024,2,211,18000,4,0,3,0
STU_1803,3.36,7,1,17,10-15K,0,4,1,1,0,Unstable,7,2024,3,265,12500,4,1,2,1
STU_1804,3.14,10,2,6,10-15K,1,4,1,1,0,Unstable,6,2024,2,235,12500,4,1,2,1
STU_1805,2.56,12,3,8,16-20K,0,4,2,1,0,Unstable,7,2024,3,272,18000,4,0,3,0
STU_1806,3.25,17,2,6,Below 10k,0,4,0,1,0,Unstable,6,2024,2,237,8000,4,1,1,1
STU_1807,3.24,2,5,9,Below 10k,1,4,0,1,0,Unstable,4,2024,2,157,8000,4,1,1,1
STU_1808,3.34,10,2,6,Below 10k,1,4,0,1,0,Unstable,7,2024,3,259,8000,4,1,1,1
STU_1809,2.58,5,0,2,Below 10k,0,4,0,1,0,Unstable,5,2024,2,192,8000,4,0,1,0
STU_1810,3.18,0,7,0,10-15K,0,4,1,1,0,Unstable,5,2024,2,194,12500,4,1,2,1
STU_1811,3.06,14,4,13,Below 10k,0,4,0,1,0,Unstable,6,2024,2,229,8000,4,1,1,1
STU_1812,3.22,3,2,6,10-15K,0,4,1,1,0,Unstable,7,2024,3,244,12500,4,1,2,1
STU_1813,3.36,11,5,9,Below 10k,0,4,0,1,0,Unstable,6,2024,2,230,8000,4,1,1,1
STU_1814,3.12,6,1,18,10-15K,0,4,1,1,0,Unstable,5,2024,2,193,12500,4,1,2,1
STU_1815,3.23,0,7,0,Below 10k,1,4,0,1,0,Unstable,7,2024,3,259,8000,4,1,1,1
STU_1816,2.67,9,0,16,Below 10k,0,4,0,1,0,Unstable,6,2024,2,234,8000,4,0,1,0
STU_1817,2.79,22,3,8,16-20K,1,4,2,1,1,Unstable,6,2024,2,237,18000,4,0,3,0
STU_1818,3.13,8,7,0,Below 10k,0,4,0,1,0,Unstable,7,2024,3,271,8000,4,1,1,1
STU_1819,3.73,11,5,9,10-15K,1,4,1,2,1,Unstable,5,2024,2,203,12500,4,2,3,1
STU_1820,3.18,21,0,2,10-15K,0,4,1,1,0,Unstable,4,2024,2,162,12500,4,1,2,1
STU_1821,3.24,5,1,11,10-15K,0,4,1,1,0,Unstable,4,2024,2,165,12500,4,1,2,1
STU_1822,3.18,7,3,8,Below 10k,1,4,0,1,0,Unstable,5,2024,2,197,8000,4,1,1,1
STU_1823,3.68,10,2,6,Below 10k,0,4,0,2,0,Unstable,5,2024,2,187,8000,4,2,2,1
STU_1824,3.3,2,5,9,10-15K,1,4,1,1,1,Unstable,8,2024,3,280,12500,4,1,2,1
STU_1825,3.26,12,3,8,Below 10k,1,4,0,1,0,Unstable,5,2024,2,209,8000,4,1,1,1
STU_1826,3.34,7,7,0,Below 10k,1,4,0,1,0,Unstable,5,2024,2,182,8000,4,1,1,1
STU_1827,2.3,5,1,17,10-15K,1,4,1,0,1,Unstable,6,2024,2,216,12500,4,0,1,1
STU_1828,3.13,9,7,0,Below 10k,0,4,0,1,0,Unstable,6,2024,2,220,8000,4,1,1,1
STU_1829,3.24,14,4,13,10-15K,0,4,1,1,0,Unstable,7,2024,3,263,12500,4,1,2,1
STU_1830,2.75,9,2,6,16-20K,1,4,2,1,1,Unstable,6,2024,2,233,18000,4,0,3,0
STU_1831,3.52,10,2,6,16-20K,0,4,2,2,0,Unstable,5,2024,2,193,18000,4,2,4,1
STU_1832,2.71,0,7,0,Below 10k,1,4,0,1,0,Unstable,6,2024,2,216,8000,4,0,1,0
STU_1833,3.34,5,0,15,16-20K,0,4,2,1,0,Unstable,4,2024,2,181,18000,4,1,3,1
STU_1834,3.17,2,5,9,10-15K,0,4,1,1,0,Unstable,5,2024,2,212,12500,4,1,2,1
STU_1835,3.39,6,6,3,16-20K,0,4,2,1,0,Unstable,4,2024,2,153,18000,4,1,3,1
STU_1836,3.35,1,4,13,Below 10k,1,4,0,1,0,Unstable,4,2024,2,165,8000,4,1,1,1
STU_1837,3.87,6,6,10,16-20K,1,4,2,2,1,Unstable,7,2024,3,272,18000,4,2,4,1
STU_1838,2.79,18,0,15,10-15K,1,4,1,1,1,Unstable,4,2024,2,159,12500,4,0,2,0
STU_1839,2.63,22,3,8,16-20K,1,4,2,1,1,Unstable,4,2024,2,160,18000,4,0,3,0
STU_1840,3.19,12,6,3,Below 10k,0,4,0,1,0,Unstable,8,2024,3,275,8000,4,1,1,1
STU_1841,3.39,3,2,6,Below 10k,0,4,0,1,0,Unstable,4,2024,2,153,8000,4,1,1,1
STU_1842,2.63,21,0,5,Below 10k,1,4,0,1,0,Unstable,7,2024,3,257,8000,4,0,1,0
STU_1843,3.39,4,4,13,Below 10k,0,4,0,1,0,Unstable,6,2024,2,232,8000,4,1,1,1
STU_1844,3.37,1,4,13,Below 10k,0,4,0,1,0,Unstable,5,2024,2,212,8000,4,1,1,1
STU_1845,3.35,21,0,4,10-15K,0,4,1,1,0,Unstable,6,2024,2,215,12500,4,1,2,1
STU_1846,2.99,17,2,6,Below 10k,1,4,0,1,0,Unstable,5,2024,2,197,8000,4,0,1,0
STU_1847,3.23,6,1,11,10-15K,1,4,1,1,1,Unstable,6,2024,2,216,12500,4,1,2,1
STU_1848,3.13,4,4,13,10-15K,0,4,1,1,0,Unstable,8,2024,3,279,12500,4,1,2,1
STU_1849,3.16,16,4,13,10-15K,0,4,1,1,0,Unstable,7,2024,3,243,12500,4,1,2,1
STU_1850,3.17,4,4,13,16-20K,1,4,2,1,1,Unstable,6,2024,2,217,18000,4,1,3,1
STU_1851,3.37,0,1,17,10-15K,1,4,1,1,1,Unstable,4,2024,2,168,12500,4,1,2,1
STU_1852,3.31,1,4,13,10-15K,1,4,1,1,0,Unstable,7,2024,3,246,12500,4,1,2,1
STU_1853,2.68,16,4,13,10-15K,0,4,1,1,0,Unstable,4,2024,2,157,12500,4,0,2,0
STU_1854,3.56,1,4,13,10-15K,1,4,1,2,1,Unstable,7,2024,3,245,12500,4,2,3,1
STU_1855,3.36,9,2,6,Below 10k,1,4,0,1,0,Unstable,5,2024,2,200,8000,4,1,1,1
STU_1856,3.35,1,4,13,16-20K,1,4,2,1,1,Unstable,5,2024,2,209,18000,4,1,3,1
STU_1857,3.19,0,1,18,10-15K,1,4,1,1,1,Unstable,7,2024,3,264,12500,4,1,2,1
STU_1858,3.3,1,4,13,Below 10k,0,4,0,1,0,Unstable,4,2024,2,157,8000,4,1,1,1
STU_1859,2.86,4,4,13,10-15K,0,4,1,1,0,Unstable,5,2024,2,198,12500,4,0,2,0
STU_1860,3.4,16,4,13,10-15K,0,4,1,1,0,Unstable,4,2024,2,177,12500,4,2,2,0
STU_1861,3.4,9,7,0,Below 10k,1,4,0,1,0,Unstable,8,2024,3,275,8000,4,2,1,0
STU_1862,3.27,15,6,10,10-15K,1,4,1,1,1,Unstable,5,2024,2,196,12500,4,1,2,1
STU_1863,3.38,3,2,6,10-15K,1,4,1,1,1,Unstable,5,2024,2,190,12500,4,1,2,1
STU_1864,2.61,13,0,2,Below 10k,1,4,0,1,0,Unstable,4,2024,2,181,8000,4,0,1,0
STU_1865,3.4,9,7,0,10-15K,0,4,1,1,0,Unstable,5,2024,2,207,12500,4,2,2,0
STU_1866,2.8,10,7,0,16-20K,1,4,2,1,1,Unstable,7,2024,3,253,18000,4,0,3,0
STU_1867,3.21,9,7,0,Below 10k,1,4,0,1,0,Unstable,5,2024,2,186,8000,4,1,1,1
STU_1868,2.88,11,5,9,16-20K,0,4,2,1,0,Unstable,7,2024,3,266,18000,4,0,3,0
STU_1869,3.92,17,2,6,10-15K,0,4,1,2,0,Unstable,7,2024,3,248,12500,4,2,3,1
STU_1870,3.37,17,2,6,16-20K,0,4,2,1,0,Unstable,5,2024,2,198,18000,4,1,3,1
STU_1871,3.29,16,4,13,16-20K,0,4,2,1,0,Unstable,5,2024,2,206,18000,4,1,3,1
STU_1872,3.13,2,5,9,10-15K,0,4,1,1,0,Unstable,6,2024,2,221,12500,4,1,2,1
STU_1873,3.39,15,6,10,16-20K,1,4,2,1,1,Unstable,5,2024,2,187,18000,4,1,3,1
STU_1874,3.18,3,2,6,Below 10k,1,4,0,1,0,Unstable,6,2024,2,235,8000,4,1,1,1
STU_1875,2.86,0,7,0,10-15K,0,4,1,1,0,Unstable,4,2024,2,162,12500,4,0,2,0
STU_1876,3.27,3,2,6,Below 10k,1,4,0,1,0,Unstable,7,2024,3,251,8000,4,1,1,1
STU_1877,3.31,21,0,2,10-15K,0,4,1,1,0,Unstable,6,2024,2,218,12500,4,1,2,1
STU_1878,3.87,8,7,0,16-20K,0,4,2,2,0,Unstable,4,2024,2,163,18000,4,2,4,1
STU_1879,3.3,19,6,3,10-15K,0,4,1,1,0,Unstable,7,2024,3,266,12500,4,1,2,1
STU_1880,3.3,13,5,9,Below 10k,0,4,0,1,0,Unstable,4,2024,2,165,8000,4,1,1,1
STU_1881,2.63,15,6,14,16-20K,1,4,2,1,1,Unstable,4,2024,2,181,18000,4,0,3,0
STU_1882,2.82,11,5,9,16-20K,1,4,2,1,1,Unstable,7,2024,3,259,18000,4,0,3,0
STU_1883,3.28,2,5,9,16-20K,1,4,2,1,1,Unstable,7,2024,3,244,18000,4,1,3,1
STU_1884,3.13,6,1,18,Below 10k,0,4,0,1,0,Unstable,5,2024,2,198,8000,4,1,1,1
STU_1885,3.25,5,0,5,10-15K,1,4,1,1,1,Unstable,6,2024,2,232,12500,4,1,2,1
STU_1886,3.69,13,5,9,10-15K,0,4,1,2,0,Unstable,6,2024,2,218,12500,4,2,3,1
STU_1887,3.38,7,3,8,Below 10k,1,4,0,1,0,Unstable,7,2024,3,273,8000,4,1,1,1
STU_1888,3.32,20,1,11,Below 10k,1,4,0,1,0,Unstable,5,2024,2,190,8000,4,1,1,1
STU_1889,3.29,5,3,8,16-20K,0,4,2,1,0,Unstable,5,2024,2,197,18000,4,1,3,1
STU_1890,3.22,12,3,8,Below 10k,1,4,0,1,0,Unstable,5,2024,2,187,8000,4,1,1,1
STU_1891,2.56,1,4,13,Below 10k,0,4,0,1,0,Unstable,6,2024,2,233,8000,4,0,1,0
STU_1892,3.01,0,7,0,10-15K,1,4,1,1,1,Unstable,6,2024,2,224,12500,4,1,2,1
STU_1893,3.16,7,3,8,16-20K,1,4,2,1,1,Unstable,6,2024,2,232,18000,4,1,3,1
STU_1894,3.7,5,0,15,16-20K,1,4,2,2,1,Unstable,7,2024,3,257,18000,4,2,4,1
STU_1895,3.29,12,3,8,Below 10k,1,4,0,1,0,Unstable,5,2024,2,203,8000,4,1,1,1
STU_1896,2.65,9,2,6,16-20K,1,4,2,1,1,Unstable,4,2024,2,163,18000,4,0,3,0
STU_1897,3.33,14,4,13,Below 10k,1,4,0,1,0,Unstable,5,2024,2,183,8000,4,1,1,1
STU_1898,3.34,12,3,8,Below 10k,0,4,0,1,0,Unstable,8,2024,3,279,8000,4,1,1,1
STU_1899,3.26,10,2,6,10-15K,1,4,1,1,1,Unstable,6,2024,2,242,12500,4,1,2,1
STU_1900,3.39,1,4,13,Below 10k,0,4,0,1,0,Unstable,6,2024,2,228,8000,4,1,1,1
STU_1901,3.34,5,3,8,16-20K,1,4,2,1,1,Unstable,7,2024,3,249,18000,4,1,3,1
STU_1902,3.56,19,6,12,16-20K,1,4,2,2,1,Unstable,6,2024,2,214,18000,4,2,4,1
STU_1903,3.31,7,1,17,16-20K,0,4,2,1,0,Unstable,7,2024,3,245,18000,4,1,3,1
STU_1904,3.32,16,6,3,Below 10k,1,4,0,1,0,Unstable,4,2024,2,152,8000,4,1,1,1
STU_1905,2.58,14,4,13,Below 10k,0,4,0,1,0,Unstable,4,2024,2,175,8000,4,0,1,0
STU_1906,3.18,8,7,0,Below 10k,0,4,0,1,0,Unstable,7,2024,3,248,8000,4,1,1,1
STU_1907,3.2,11,5,9,16-20K,1,4,2,1,1,Unstable,5,2024,2,196,18000,4,1,3,1
STU_1908,3.3,7,3,8,16-20K,0,4,2,1,0,Unstable,4,2024,2,181,18000,4,1,3,1
STU_1909,3.08,16,6,1,16-20K,0,4,2,1,1,Unstable,6,2024,2,237,18000,4,1,3,1
STU_1910,3.28,5,0,16,Below 10k,0,4,0,1,0,Unstable,4,2024,2,171,8000,4,1,1,1
STU_1911,3.23,2,5,9,16-20K,0,4,2,1,0,Unstable,7,2024,3,256,18000,4,1,3,1
STU_1912,3.05,12,3,8,10-15K,1,4,1,1,0,Unstable,6,2024,2,213,12500,4,1,2,1
STU_1913,3.21,5,1,17,Below 10k,0,4,0,1,0,Unstable,4,2024,2,157,8000,4,1,1,1
STU_1914,3.11,10,2,6,Below 10k,1,4,0,1,0,Unstable,7,2024,3,264,8000,4,1,1,1
STU_1915,3.15,16,6,12,10-15K,0,4,1,1,0,Unstable,4,2024,2,153,12500,4,1,2,1
STU_1916,2.89,18,0,15,10-15K,0,4,1,1,0,Unstable,8,2024,3,278,12500,4,0,2,0
STU_1917,3.78,7,7,0,10-15K,1,4,1,2,1,Unstable,8,2024,3,276,12500,4,2,3,1
STU_1918,3.6,14,4,13,16-20K,1,4,2,2,1,Unstable,8,2024,3,279,18000,4,2,4,1
STU_1919,3.6,11,5,9,16-20K,1,4,2,2,1,Unstable,6,2024,2,238,18000,4,2,4,1
STU_1920,3.33,9,0,16,10-15K,0,4,1,1,0,Unstable,4,2024,2,156,12500,4,1,2,1
STU_1921,3.3,11,5,9,Below 10k,1,4,0,1,0,Unstable,6,2024,2,218,8000,4,1,1,1
STU_1922,3.31,9,2,6,10-15K,0,4,1,1,0,Unstable,6,2024,2,232,12500,4,1,2,1
STU_1923,3.38,15,6,1,16-20K,1,4,2,1,0,Unstable,7,2024,3,251,18000,4,1,3,1
STU_1924,3.4,13,5,9,10-15K,1,4,1,1,1,Unstable,7,2024,3,248,12500,4,2,2,0
STU_1925,3.92,18,0,2,16-20K,0,4,2,2,0,Unstable,6,2024,2,219,18000,4,2,4,1
STU_1926,3.27,2,5,9,10-15K,1,4,1,1,1,Unstable,7,2024,3,259,12500,4,1,2,1
STU_1927,3.29,0,1,17,16-20K,1,4,2,1,1,Unstable,5,2024,2,198,18000,4,1,3,1
STU_1928,3.33,5,0,16,10-15K,1,4,1,1,0,Unstable,4,2024,2,156,12500,4,1,2,1
STU_1929,3.38,12,6,12,16-20K,0,4,2,1,0,Unstable,6,2024,2,234,18000,4,1,3,1
STU_1930,3.61,11,5,9,Below 10k,1,4,0,2,0,Unstable,6,2024,2,236,8000,4,2,2,1
STU_1931,3.2,18,0,5,10-15K,1,4,1,1,1,Unstable,6,2024,2,216,12500,4,1,2,1
STU_1932,3.19,0,7,0,Below 10k,1,4,0,1,0,Unstable,5,2024,2,185,8000,4,1,1,1
STU_1933,3.4,12,3,8,16-20K,0,4,2,1,0,Unstable,4,2024,2,160,18000,4,2,3,0
STU_1934,2.84,7,7,0,Below 10k,0,4,0,1,0,Unstable,6,2024,2,239,8000,4,0,1,0
STU_1935,3.24,13,5,9,Below 10k,1,4,0,1,0,Unstable,4,2024,2,156,8000,4,1,1,1
STU_1936,3.11,5,0,4,16-20K,1,4,2,1,1,Unstable,7,2024,3,264,18000,4,1,3,1
STU_1937,3.18,11,5,9,10-15K,0,4,1,1,0,Unstable,6,2024,2,240,12500,4,1,2,1
STU_1938,3.36,22,3,8,Below 10k,0,4,0,1,0,Unstable,4,2024,2,167,8000,4,1,1,1
STU_1939,3.24,16,4,13,16-20K,1,4,2,1,1,Unstable,5,2024,2,196,18000,4,1,3,1
STU_1940,3.17,18,0,15,16-20K,0,4,2,1,0,Unstable,6,2024,2,233,18000,4,1,3,1
STU_1941,3.32,22,3,8,10-15K,0,4,1,1,0,Unstable,7,2024,3,245,12500,4,1,2,1
STU_1942,3.2,2,5,9,10-15K,0,4,1,1,0,Unstable,5,2024,2,200,12500,4,1,2,1
STU_1943,3.21,3,2,6,16-20K,0,4,2,1,0,Unstable,5,2024,2,183,18000,4,1,3,1
STU_1944,3.35,9,2,6,16-20K,1,4,2,1,1,Unstable,7,2024,3,273,18000,4,1,3,1
STU_1945,3.22,12,6,12,Below 10k,1,4,0,1,0,Unstable,7,2024,3,254,8000,4,1,1,1
STU_1946,2.68,22,3,8,Below 10k,0,4,0,1,0,Unstable,5,2024,2,186,8000,4,0,1,0
STU_1947,3.33,9,2,6,10-15K,0,4,1,1,0,Unstable,7,2024,3,247,12500,4,1,2,1
STU_1948,3.19,19,6,3,Below 10k,0,4,0,1,0,Unstable,6,2024,2,217,8000,4,1,1,1
STU_1949,3.11,11,5,9,Below 10k,0,4,0,1,0,Unstable,5,2024,2,186,8000,4,1,1,1
STU_1950,3.26,17,2,6,16-20K,1,4,2,1,1,Unstable,5,2024,2,205,18000,4,1,3,1
STU_1951,3.39,13,5,9,Below 10k,1,4,0,1,0,Unstable,5,2024,2,184,8000,4,1,1,1
STU_1952,3.32,4,4,13,Below 10k,0,4,0,1,0,Unstable,5,2024,2,197,8000,4,1,1,1
STU_1953,3.07,1,4,13,10-15K,1,4,1,1,1,Unstable,4,2024,2,174,12500,4,1,2,1
STU_1954,3.18,6,6,12,10-15K,1,4,1,1,1,Unstable,5,2024,2,203,12500,4,1,2,1
STU_1955,3.26,5,1,11,Below 10k,0,4,0,1,0,Unstable,5,2024,2,188,8000,4,1,1,1
STU_1956,3.26,5,3,8,Below 10k,1,4,0,1,0,Unstable,7,2024,3,245,8000,4,1,1,1
STU_1957,3.28,12,6,3,16-20K,0,4,2,1,0,Unstable,5,2024,2,191,18000,4,1,3,1
STU_1958,3.13,7,7,0,16-20K,0,4,2,1,0,Unstable,5,2024,2,183,18000,4,1,3,1
STU_1959,2.2,2,5,9,10-15K,1,4,1,0,1,Unstable,5,2024,2,201,12500,4,0,1,1
STU_1960,3.13,4,4,13,16-20K,1,4,2,1,1,Unstable,6,2024,2,228,18000,4,1,3,1
STU_1961,3.28,15,6,3,16-20K,1,4,2,1,1,Unstable,7,2024,3,262,18000,4,1,3,1
STU_1962,3.33,22,3,8,Below 10k,0,4,0,1,0,Unstable,7,2024,3,252,8000,4,1,1,1
STU_1963,3.11,10,2,6,Below 10k,0,4,0,1,0,Unstable,7,2024,3,273,8000,4,1,1,1
STU_1964,3.01,1,4,13,Below 10k,0,4,0,1,0,Unstable,7,2024,3,249,8000,4,1,1,1
STU_1965,2.69,7,3,8,10-15K,0,4,1,1,0,Unstable,7,2024,3,256,12500,4,0,2,0
STU_1966,2.97,10,7,0,Below 10k,0,4,0,1,0,Unstable,8,2024,3,279,8000,4,0,1,0
STU_1967,3.2,14,4,13,16-20K,1,4,2,1,1,Unstable,4,2024,2,161,18000,4,1,3,1
STU_1968,3.29,10,2,6,16-20K,0,4,2,1,0,Unstable,7,2024,3,269,18000,4,1,3,1
STU_1969,3.3,15,6,3,10-15K,1,4,1,1,1,Unstable,5,2024,2,194,12500,4,1,2,1
STU_1970,3.12,22,3,8,Below 10k,1,4,0,1,0,Unstable,7,2024,3,273,8000,4,1,1,1
STU_1971,3.36,7,7,0,16-20K,0,4,2,1,0,Unstable,6,2024,2,214,18000,4,1,3,1
STU_1972,3.28,7,7,0,Below 10k,1,4,0,1,0,Unstable,7,2024,3,248,8000,4,1,1,1
STU_1973,3.27,4,4,13,Below 10k,1,4,0,1,0,Unstable,4,2024,2,178,8000,4,1,1,1
STU_1974,2.98,6,6,1,16-20K,0,4,2,1,0,Unstable,7,2024,3,249,18000,4,0,3,0
STU_1975,3.12,0,1,18,16-20K,1,4,2,1,1,Unstable,7,2024,3,266,18000,4,1,3,1
STU_1976,3.26,19,6,1,Below 10k,1,4,0,1,0,Unstable,4,2024,2,177,8000,4,1,1,1
STU_1977,3.39,11,5,9,10-15K,0,4,1,1,0,Unstable,5,2024,2,186,12500,4,1,2,1
STU_1978,3.14,13,0,4,16-20K,1,4,2,1,1,Unstable,6,2024,2,234,18000,4,1,3,1
STU_1979,3.33,6,1,11,16-20K,0,4,2,1,0,Unstable,5,2024,2,183,18000,4,1,3,1
STU_1980,3.05,14,4,13,10-15K,0,4,1,1,0,Unstable,5,2024,2,191,12500,4,1,2,1
STU_1981,3.84,22,3,8,10-15K,1,4,1,2,1,Unstable,4,2024,2,173,12500,4,2,3,1
STU_1982,3.22,18,0,15,Below 10k,0,4,0,1,0,Unstable,6,2024,2,213,8000,4,1,1,1
STU_1983,3.36,7,7,0,10-15K,1,4,1,1,1,Unstable,7,2024,3,247,12500,4,1,2,1
STU_1984,3.18,2,5,9,Below 10k,1,4,0,1,0,Unstable,4,2024,2,160,8000,4,1,1,1
STU_1985,3.33,7,7,0,16-20K,1,4,2,1,1,Unstable,8,2024,3,274,18000,4,1,3,1
STU_1986,3.17,22,3,8,Below 10k,0,4,0,1,0,Unstable,4,2024,2,165,8000,4,1,1,1
STU_1987,3.31,19,6,1,Below 10k,0,4,0,1,0,Unstable,7,2024,3,269,8000,4,1,1,1
STU_1988,2.15,4,4,13,10-15K,0,4,1,0,0,Unstable,4,2024,2,152,12500,4,0,1,1
STU_1989,3.39,5,1,18,10-15K,1,4,1,1,1,Unstable,4,2024,2,173,12500,4,1,2,1
STU_1990,2.77,21,0,16,10-15K,1,4,1,1,1,Unstable,6,2024,2,219,12500,4,0,2,0
STU_1991,3.21,18,0,2,10-15K,1,4,1,1,0,Unstable,5,2024,2,209,12500,4,1,2,1
STU_1992,3.13,15,6,3,16-20K,1,4,2,1,1,Unstable,5,2024,2,207,18000,4,1,3,1
STU_1993,3.12,15,6,1,Below 10k,1,4,0,1,0,Unstable,5,2024,2,190,8000,4,1,1,1
STU_1994,3.21,16,6,10,Below 10k,0,4,0,1,0,Unstable,7,2024,3,251,8000,4,1,1,1
STU_1995,2.95,6,6,3,Below 10k,1,4,0,1,0,Unstable,4,2024,2,159,8000,4,0,1,0
STU_1996,3.32,18,0,2,16-20K,1,4,2,1,1,Unstable,4,2024,2,153,18000,4,1,3,1
STU_1997,3.08,11,5,9,16-20K,0,4,2,1,0,Unstable,5,2024,2,194,18000,4,1,3,1
STU_1998,3.16,6,1,17,10-15K,1,4,1,1,1,Unstable,7,2024,3,267,12500,4,1,2,1
STU_1999,2.64,9,0,2,Below 10k,1,4,0,1,0,Unstable,8,2024,3,279,8000,4,0,1,0
STU_2000,3.14,10,7,0,Below 10k,1,4,0,1,0,Unstable,4,2024,2,172,8000,4,1,1,1
STU_2001,3.32,5,3,8,16-20K,0,4,2,1,0,Unstable,6,2024,2,215,18000,4,1,3,1
STU_2002,3.22,16,4,13,Below 10k,0,4,0,1,0,Unstable,5,2024,2,182,8000,4,1,1,1
STU_2003,3.27,5,3,8,16-20K,1,4,2,1,1,Unstable,7,2024,3,246,18000,4,1,3,1
STU_2004,3.14,3,2,6,10-15K,0,4,1,1,0,Unstable,6,2024,2,234,12500,4,1,2,1
STU_2005,3.39,4,4,13,10-15K,1,4,1,1,0,Unstable,6,2024,2,217,12500,4,1,2,1
STU_2006,3.38,16,4,13,10-15K,1,4,1,1,1,Unstable,4,2024,2,164,12500,4,1,2,1
STU_2007,2.64,16,4,13,10-15K,0,4,1,1,0,Unstable,7,2024,3,270,12500,4,0,2,0
STU_2008,3.67,11,5,9,Below 10k,1,4,0,2,0,Unstable,4,2024,2,168,8000,4,2,2,1
STU_2009,3.23,6,6,14,16-20K,1,4,2,1,1,Unstable,6,2024,2,233,18000,4,1,3,1
STU_2010,3.06,19,6,3,10-15K,1,4,1,1,1,Unstable,4,2024,2,154,12500,4,1,2,1
STU_2011,3.35,16,4,13,10-15K,0,4,1,1,0,Unstable,8,2024,3,274,12500,4,1,2,1
STU_2012,3.27,13,5,9,10-15K,1,4,1,1,1,Unstable,5,2024,2,191,12500,4,1,2,1
STU_2013,3.4,13,0,15,10-15K,1,4,1,1,1,Unstable,5,2024,2,194,12500,4,2,2,0
STU_2014,3.25,0,7,0,10-15K,0,4,1,1,0,Unstable,6,2024,2,215,12500,4,1,2,1
STU_2015,3.2,4,4,13,10-15K,1,4,1,1,1,Unstable,7,2024,3,254,12500,4,1,2,1
STU_2016,3.61,11,5,9,10-15K,1,4,1,2,1,Unstable,7,2024,3,265,12500,4,2,3,1
STU_2017,3.13,6,6,10,16-20K,1,4,2,1,1,Unstable,5,2024,2,209,18000,4,1,3,1
STU_2018,2.34,16,6,3,Below 10k,1,4,0,0,0,Unstable,8,2024,3,277,8000,4,0,0,1
STU_2019,3.21,15,6,1,10-15K,1,4,1,1,1,Unstable,4,2024,2,175,12500,4,1,2,1
STU_2020,2.7,12,6,1,Below 10k,0,4,0,1,0,Unstable,5,2024,2,187,8000,4,0,1,0
STU_2021,3.28,11,5,9,10-15K,1,4,1,1,1,Unstable,7,2024,3,258,12500,4,1,2,1
STU_2022,3.63,9,2,6,Below 10k,1,4,0,2,0,Unstable,5,2024,2,186,8000,4,2,2,1
STU_2023,3.19,5,1,17,Below 10k,0,4,0,1,0,Unstable,7,2024,3,252,8000,4,1,1,1
STU_2024,2.28,3,2,6,10-15K,1,4,1,0,1,Unstable,4,2024,2,155,12500,4,0,1,1
STU_2025,3.32,5,0,16,Below 10k,1,4,0,1,0,Unstable,5,2024,2,206,8000,4,1,1,1
STU_2026,3.14,5,1,18,16-20K,1,4,2,1,1,Unstable,6,2024,2,225,18000,4,1,3,1
STU_2027,3.7,16,6,12,10-15K,0,4,1,2,0,Unstable,5,2024,2,212,12500,4,2,3,1
STU_2028,3.23,14,4,13,10-15K,1,4,1,1,1,Unstable,5,2024,2,190,12500,4,1,2,1
STU_2029,3.26,10,2,6,10-15K,0,4,1,1,0,Unstable,6,2024,2,217,12500,4,1,2,1
STU_2030,3.21,11,5,9,16-20K,1,4,2,1,1,Unstable,7,2024,3,251,18000,4,1,3,1
STU_2031,3.3,0,1,18,10-15K,0,4,1,1,0,Unstable,4,2024,2,172,12500,4,1,2,1
STU_2032,3.18,2,5,9,10-15K,0,4,1,1,0,Unstable,7,2024,3,259,12500,4,1,2,1
STU_2033,3.33,14,4,13,16-20K,0,4,2,1,0,Unstable,7,2024,3,261,18000,4,1,3,1
STU_2034,2.22,15,6,12,Below 10k,0,4,0,0,0,Unstable,7,2024,3,250,8000,4,0,0,1
STU_2035,3.19,7,7,0,Below 10k,0,4,0,1,0,Unstable,5,2024,2,205,8000,4,1,1,1
STU_2036,3.36,20,1,11,Below 10k,0,4,0,1,0,Unstable,5,2024,2,188,8000,4,1,1,1
STU_2037,3.15,9,0,2,Below 10k,0,4,0,1,0,Unstable,6,2024,2,238,8000,4,1,1,1
STU_2038,3.75,0,7,0,Below 10k,1,4,0,2,0,Unstable,5,2024,2,200,8000,4,2,2,1
STU_2039,3.12,22,3,8,16-20K,1,4,2,1,1,Unstable,5,2024,2,182,18000,4,1,3,1
STU_2040,3.38,14,4,13,10-15K,0,4,1,1,0,Unstable,8,2024,3,280,12500,4,1,2,1
STU_2041,2.5,3,2,6,16-20K,0,4,2,1,0,Unstable,6,2024,2,234,18000,4,0,3,0
STU_2042,3.14,4,4,13,16-20K,1,4,2,1,1,Unstable,7,2024,3,246,18000,4,1,3,1
STU_2043,3.36,6,1,18,16-20K,1,4,2,1,1,Unstable,7,2024,3,249,18000,4,1,3,1
STU_2044,3.35,22,3,8,Below 10k,1,4,0,1,0,Unstable,6,2024,2,240,8000,4,1,1,1
STU_2045,2.53,10,2,6,10-15K,0,4,1,1,0,Unstable,7,2024,3,271,12500,4,0,2,0
STU_2046,2.88,10,7,0,Below 10k,0,4,0,1,0,Unstable,6,2024,2,214,8000,4,0,1,0
STU_2047,3.34,12,6,10,10-15K,1,4,1,1,0,Unstable,6,2024,2,224,12500,4,1,2,1
STU_2048,3.33,11,5,9,16-20K,0,4,2,1,0,Unstable,6,2024,2,224,18000,4,1,3,1
STU_2049,3.5,13,5,9,16-20K,1,4,2,2,1,Unstable,7,2024,3,255,18000,4,2,4,1
STU_2050,3.91,11,5,9,10-15K,1,4,1,2,1,Unstable,8,2024,3,277,12500,4,2,3,1
STU_2051,3.39,21,0,4,10-15K,1,4,1,1,1,Unstable,5,2024,2,204,12500,4,1,2,1
STU_2052,3.32,7,1,11,16-20K,1,4,2,1,1,Unstable,5,2024,2,186,18000,4,1,3,1
STU_2053,3.1,0,7,0,Below 10k,0,4,0,1,0,Unstable,4,2024,2,166,8000,4,1,1,1
STU_2054,3.13,12,6,10,10-15K,0,4,1,1,0,Unstable,8,2024,3,274,12500,4,1,2,1
STU_2055,3.4,19,6,3,10-15K,1,4,1,1,1,Unstable,6,2024,2,235,12500,4,2,2,0
STU_2056,3.23,4,4,13,16-20K,1,4,2,1,1,Unstable,4,2024,2,155,18000,4,1,3,1
STU_2057,3.2,20,1,11,16-20K,1,4,2,1,1,Unstable,5,2024,2,207,18000,4,1,3,1
STU_2058,3.37,9,2,6,16-20K,1,4,2,1,1,Unstable,5,2024,2,196,18000,4,1,3,1
STU_2059,3.17,16,6,12,10-15K,0,4,1,1,0,Unstable,6,2024,2,234,12500,4,1,2,1
STU_2060,3.19,5,3,8,16-20K,0,4,2,1,0,Unstable,5,2024,2,206,18000,4,1,3,1
STU_2061,3.22,17,2,6,Below 10k,1,4,0,1,0,Unstable,5,2024,2,194,8000,4,1,1,1
STU_2062,3.28,15,6,1,10-15K,0,4,1,1,0,Unstable,7,2024,3,263,12500,4,1,2,1
STU_2063,2.87,13,5,9,Below 10k,0,4,0,1,0,Unstable,5,2024,2,209,8000,4,0,1,0
STU_2064,3.04,13,0,16,Below 10k,0,4,0,1,0,Unstable,4,2024,2,163,8000,4,1,1,1
STU_2065,3.34,13,0,15,16-20K,1,4,2,1,1,Unstable,4,2024,2,163,18000,4,1,3,1
STU_2066,3.24,5,3,8,10-15K,1,4,1,1,1,Unstable,4,2024,2,161,12500,4,1,2,1
STU_2067,3.39,17,2,6,10-15K,0,4,1,1,0,Unstable,4,2024,2,167,12500,4,1,2,1
STU_2068,3.17,19,6,1,16-20K,0,4,2,1,0,Unstable,7,2024,3,265,18000,4,1,3,1
STU_2069,3.23,3,2,6,Below 10k,0,4,0,1,0,Unstable,4,2024,2,169,8000,4,1,1,1
STU_2070,3.1,8,7,0,16-20K,0,4,2,1,0,Unstable,5,2024,2,198,18000,4,1,3,1
STU_2071,3.93,13,0,4,16-20K,1,4,2,2,1,Unstable,4,2024,2,176,18000,4,2,4,1
STU_2072,3.25,10,2,6,10-15K,1,4,1,1,1,Unstable,4,2024,2,161,12500,4,1,2,1
STU_2073,3.28,9,7,0,16-20K,0,4,2,1,0,Unstable,7,2024,3,257,18000,4,1,3,1
STU_2074,3.66,13,5,9,16-20K,0,4,2,2,0,Unstable,7,2024,3,261,18000,4,2,4,1
STU_2075,3.39,10,2,6,10-15K,1,4,1,1,1,Unstable,5,2024,2,185,12500,4,1,2,1
STU_2076,3.23,15,6,14,10-15K,0,4,1,1,0,Unstable,5,2024,2,206,12500,4,1,2,1
STU_2077,3.13,2,5,9,16-20K,1,4,2,1,1,Unstable,7,2024,3,254,18000,4,1,3,1
STU_2078,3.03,7,7,0,16-20K,0,4,2,1,0,Unstable,5,2024,2,196,18000,4,1,3,1
STU_2079,3.33,4,4,13,16-20K,1,4,2,1,1,Unstable,4,2024,2,178,18000,4,1,3,1
STU_2080,3.01,22,3,8,16-20K,1,4,2,1,1,Unstable,6,2024,2,226,18000,4,1,3,1
STU_2081,3.32,3,2,6,16-20K,0,4,2,1,0,Unstable,6,2024,2,227,18000,4,1,3,1
STU_2082,3.29,12,6,14,Below 10k,1,4,0,1,0,Unstable,6,2024,2,216,8000,4,1,1,1
STU_2083,3.25,5,0,5,Below 10k,1,4,0,1,0,Unstable,7,2024,3,268,8000,4,1,1,1
STU_2084,2.2,9,7,0,10-15K,1,4,1,0,1,Unstable,5,2024,2,182,12500,4,0,1,1
STU_2085,2.87,19,6,3,16-20K,0,4,2,1,0,Unstable,5,2024,2,212,18000,4,0,3,0
STU_2086,3.39,6,1,11,10-15K,1,4,1,1,1,Unstable,7,2024,3,273,12500,4,1,2,1
STU_2087,3.51,21,0,4,Below 10k,0,4,0,2,0,Unstable,5,2024,2,206,8000,4,2,2,1
STU_2088,2.63,21,0,15,Below 10k,0,4,0,1,0,Unstable,6,2024,2,237,8000,4,0,1,0
STU_2089,3.28,2,5,9,10-15K,1,4,1,1,1,Unstable,6,2024,2,242,12500,4,1,2,1
STU_2090,3.33,22,3,8,16-20K,1,4,2,1,1,Unstable,7,2024,3,257,18000,4,1,3,1
STU_2091,3.13,9,0,15,16-20K,1,4,2,1,1,Unstable,7,2024,3,256,18000,4,1,3,1
STU_2092,3.21,7,1,11,16-20K,0,4,2,1,0,Unstable,7,2024,3,254,18000,4,1,3,1
STU_2093,3.14,21,0,2,Below 10k,0,4,0,1,0,Unstable,5,2024,2,189,8000,4,1,1,1
STU_2094,3.23,9,2,6,10-15K,1,4,1,1,1,Unstable,5,2024,2,190,12500,4,1,2,1
STU_2095,2.47,5,0,5,Below 10k,0,4,0,0,0,Unstable,4,2024,2,164,8000,4,0,0,1
STU_2096,3.34,8,7,0,16-20K,1,4,2,1,1,Unstable,5,2024,2,193,18000,4,1,3,1
STU_2097,3.17,11,5,9,Below 10k,0,4,0,1,0,Unstable,5,2024,2,183,8000,4,1,1,1
STU_2098,2.99,19,6,12,10-15K,1,4,1,1,1,Unstable,7,2024,3,243,12500,4,0,2,0
STU_2099,3.14,6,1,11,16-20K,0,4,2,1,1,Unstable,4,2024,2,176,18000,4,1,3,1
STU_2100,3.39,7,1,11,16-20K,1,4,2,1,0,Unstable,4,2024,2,172,18000,4,1,3,1
STU_2101,3.33,2,5,9,10-15K,1,4,1,1,0,Unstable,5,2024,2,190,12500,4,1,2,1
STU_2102,3.31,20,1,18,16-20K,0,4,2,1,0,Unstable,7,2024,3,243,18000,4,1,3,1
STU_2103,3.28,9,7,0,Below 10k,1,4,0,1,0,Unstable,7,2024,3,265,8000,4,1,1,1
STU_2104,3.26,11,5,9,Below 10k,1,4,0,1,0,Unstable,6,2024,2,224,8000,4,1,1,1
STU_2105,2.7,0,7,0,16-20K,0,4,2,1,0,Unstable,6,2024,2,215,18000,4,0,3,0
STU_2106,3.4,9,2,6,10-15K,1,4,1,1,0,Unstable,6,2024,2,228,12500,4,2,2,0
STU_2107,3.22,19,6,3,10-15K,1,4,1,1,1,Unstable,4,2024,2,177,12500,4,1,2,1
STU_2108,3.93,18,0,16,10-15K,0,4,1,2,0,Unstable,6,2024,2,229,12500,4,2,3,1
STU_2109,2.73,16,4,13,10-15K,0,4,1,1,0,Unstable,8,2024,3,278,12500,4,0,2,0
STU_2110,2.7,20,1,11,Below 10k,0,4,0,1,0,Unstable,4,2024,2,178,8000,4,0,1,0
STU_2111,3.28,8,7,0,16-20K,0,4,2,1,0,Unstable,6,2024,2,240,18000,4,1,3,1
STU_2112,3.32,5,0,16,10-15K,0,4,1,1,0,Unstable,5,2024,2,190,12500,4,1,2,1
STU_2113,3.64,16,6,12,16-20K,1,4,2,2,1,Unstable,7,2024,3,244,18000,4,2,4,1
STU_2114,3.39,8,7,0,10-15K,1,4,1,1,1,Unstable,4,2024,2,160,12500,4,1,2,1
STU_2115,3.14,5,3,8,16-20K,0,4,2,1,0,Unstable,6,2024,2,238,18000,4,1,3,1
STU_2116,3.12,18,0,15,10-15K,0,4,1,1,0,Unstable,6,2024,2,237,12500,4,1,2,1
STU_2117,3.16,20,1,17,10-15K,1,4,1,1,1,Unstable,5,2024,2,196,12500,4,1,2,1
STU_2118,3.36,14,4,13,Below 10k,0,4,0,1,0,Unstable,5,2024,2,205,8000,4,1,1,1
STU_2119,3.15,11,5,9,16-20K,1,4,2,1,1,Unstable,7,2024,3,255,18000,4,1,3,1
STU_2120,3.18,12,6,1,10-15K,1,4,1,1,1,Unstable,5,2024,2,210,12500,4,1,2,1
STU_2121,3.23,21,0,15,Below 10k,0,4,0,1,0,Unstable,6,2024,2,234,8000,4,1,1,1
STU_2122,3.32,6,6,1,16-20K,0,4,2,1,0,Unstable,7,2024,3,252,18000,4,1,3,1
STU_2123,3.17,7,7,0,Below 10k,1,4,0,1,0,Unstable,4,2024,2,152,8000,4,1,1,1
STU_2124,3.16,22,3,8,16-20K,0,4,2,1,0,Unstable,7,2024,3,252,18000,4,1,3,1
STU_2125,3.22,16,4,13,Below 10k,1,4,0,1,0,Unstable,4,2024,2,154,8000,4,1,1,1
STU_2126,3.31,2,5,9,10-15K,1,4,1,1,1,Unstable,6,2024,2,235,12500,4,1,2,1
STU_2127,3.25,12,6,1,Below 10k,0,4,0,1,0,Unstable,6,2024,2,216,8000,4,1,1,1
STU_2128,3.32,15,6,10,Below 10k,0,4,0,1,0,Unstable,7,2024,3,247,8000,4,1,1,1
STU_2129,3.3,0,1,11,16-20K,0,4,2,1,0,Unstable,5,2024,2,199,18000,4,1,3,1
STU_2130,2.99,12,3,8,10-15K,1,4,1,1,1,Unstable,4,2024,2,177,12500,4,0,2,0
STU_2131,3.29,2,5,9,10-15K,0,4,1,1,0,Unstable,7,2024,3,251,12500,4,1,2,1
STU_2132,3.17,11,5,9,16-20K,1,4,2,1,1,Unstable,5,2024,2,187,18000,4,1,3,1
STU_2133,3.33,16,4,13,Below 10k,0,4,0,1,0,Unstable,4,2024,2,172,8000,4,1,1,1
STU_2134,3.21,6,6,1,Below 10k,1,4,0,1,0,Unstable,5,2024,2,200,8000,4,1,1,1
STU_2135,3.13,7,7,0,10-15K,1,4,1,1,1,Unstable,4,2024,2,152,12500,4,1,2,1
STU_2136,3.65,2,5,9,Below 10k,0,4,0,2,0,Unstable,7,2024,3,250,8000,4,2,2,1
STU_2137,2.9,0,7,0,16-20K,0,4,2,1,0,Unstable,4,2024,2,163,18000,4,0,3,0
STU_2138,3.21,15,6,10,16-20K,0,4,2,1,0,Unstable,6,2024,2,230,18000,4,1,3,1
STU_2139,3.36,13,0,2,16-20K,0,4,2,1,0,Unstable,4,2024,2,157,18000,4,1,3,1
STU_2140,3.22,12,3,8,Below 10k,1,4,0,1,0,Unstable,7,2024,3,248,8000,4,1,1,1
STU_2141,2.2,5,0,5,16-20K,1,4,2,0,1,Unstable,4,2024,2,155,18000,4,0,2,1
STU_2142,3.21,14,4,13,Below 10k,1,4,0,1,0,Unstable,4,2024,2,159,8000,4,1,1,1
STU_2143,3.1,6,6,1,10-15K,1,4,1,1,1,Unstable,6,2024,2,218,12500,4,1,2,1
STU_2144,3.4,16,4,13,16-20K,0,4,2,1,0,Unstable,5,2024,2,201,18000,4,2,3,0
STU_2145,3.19,13,0,2,16-20K,1,4,2,1,1,Unstable,7,2024,3,253,18000,4,1,3,1
STU_2146,3.38,2,5,9,10-15K,0,4,1,1,0,Unstable,5,2024,2,188,12500,4,1,2,1
STU_2147,2.67,3,2,6,Below 10k,0,4,0,1,0,Unstable,5,2024,2,198,8000,4,0,1,0
STU_2148,3.01,13,5,9,10-15K,0,4,1,1,0,Unstable,7,2024,3,266,12500,4,1,2,1
STU_2149,3.12,3,2,6,16-20K,1,4,2,1,1,Unstable,5,2024,2,189,18000,4,1,3,1
STU_2150,3.33,12,3,8,16-20K,0,4,2,1,0,Unstable,8,2024,3,275,18000,4,1,3,1
STU_2151,3.17,18,0,15,Below 10k,1,4,0,1,0,Unstable,7,2024,3,256,8000,4,1,1,1
STU_2152,3.61,7,7,0,Below 10k,0,4,0,2,0,Unstable,6,2024,2,216,8000,4,2,2,1
STU_2153,3.3,0,7,0,Below 10k,1,4,0,1,0,Unstable,7,2024,3,267,8000,4,1,1,1
STU_2154,3.3,1,4,13,10-15K,0,4,1,1,0,Unstable,5,2024,2,197,12500,4,1,2,1
STU_2155,3.3,18,0,2,10-15K,0,4,1,1,0,Unstable,5,2024,2,194,12500,4,1,2,1
STU_2156,2.96,16,6,10,Below 10k,1,4,0,1,0,Unstable,7,2024,3,246,8000,4,0,1,0
STU_2157,3.39,5,0,16,16-20K,1,4,2,1,1,Unstable,6,2024,2,214,18000,4,1,3,1
STU_2158,3.26,7,3,8,16-20K,0,4,2,1,0,Unstable,6,2024,2,220,18000,4,1,3,1
STU_2159,2.69,11,5,9,10-15K,1,4,1,1,1,Unstable,4,2024,2,153,12500,4,0,2,0
STU_2160,3.13,20,1,18,10-15K,0,4,1,1,0,Unstable,4,2024,2,169,12500,4,1,2,1
STU_2161,3.1,13,5,9,Below 10k,0,4,0,1,0,Unstable,5,2024,2,212,8000,4,1,1,1
STU_2162,3.12,5,1,17,10-15K,0,4,1,1,0,Unstable,5,2024,2,183,12500,4,1,2,1
STU_2163,3.39,6,1,11,Below 10k,0,4,0,1,0,Unstable,6,2024,2,240,8000,4,1,1,1
STU_2164,3.36,10,2,6,16-20K,0,4,2,1,0,Unstable,6,2024,2,241,18000,4,1,3,1
STU_2165,3.2,5,1,11,Below 10k,0,4,0,1,0,Unstable,5,2024,2,183,8000,4,1,1,1
STU_2166,3.25,11,5,9,10-15K,0,4,1,1,0,Unstable,4,2024,2,174,12500,4,1,2,1
STU_2167,3.31,10,7,0,10-15K,1,4,1,1,0,Unstable,8,2024,3,279,12500,4,1,2,1
STU_2168,3.22,5,3,8,16-20K,0,4,2,1,0,Unstable,5,2024,2,194,18000,4,1,3,1
STU_2169,3.19,13,0,2,16-20K,0,4,2,1,0,Unstable,6,2024,2,239,18000,4,1,3,1
STU_2170,2.96,15,6,3,Below 10k,0,4,0,1,0,Unstable,7,2024,3,248,8000,4,0,1,0
STU_2171,3.32,5,0,16,10-15K,0,4,1,1,0,Unstable,5,2024,2,202,12500,4,1,2,1
STU_2172,3.34,6,6,1,10-15K,1,4,1,1,1,Unstable,6,2024,2,231,12500,4,1,2,1
STU_2173,3.2,7,7,0,16-20K,0,4,2,1,1,Unstable,4,2024,2,179,18000,4,1,3,1
STU_2174,3.14,7,1,17,16-20K,1,4,2,1,1,Unstable,4,2024,2,177,18000,4,1,3,1
STU_2175,3.19,22,3,8,16-20K,1,4,2,1,1,Unstable,6,2024,2,219,18000,4,1,3,1
STU_2176,3.24,4,4,13,Below 10k,0,4,0,1,0,Unstable,4,2024,2,161,8000,4,1,1,1
STU_2177,3.39,16,4,13,Below 10k,1,4,0,1,0,Unstable,5,2024,2,197,8000,4,1,1,1
STU_2178,3.29,2,5,9,10-15K,1,4,1,1,0,Unstable,7,2024,3,250,12500,4,1,2,1
STU_2179,3.1,11,5,9,Below 10k,0,4,0,1,0,Unstable,7,2024,3,273,8000,4,1,1,1
STU_2180,3.79,0,7,0,10-15K,1,4,1,2,1,Unstable,7,2024,3,251,12500,4,2,3,1
STU_2181,3.37,0,1,17,Below 10k,0,4,0,1,0,Unstable,6,2024,2,224,8000,4,1,1,1
STU_2182,2.57,14,4,13,Below 10k,1,4,0,1,0,Unstable,6,2024,2,227,8000,4,0,1,0
STU_2183,3.25,21,0,15,16-20K,0,4,2,1,0,Unstable,7,2024,3,257,18000,4,1,3,1
STU_2184,3.85,14,4,13,Below 10k,1,4,0,2,0,Unstable,4,2024,2,170,8000,4,2,2,1
STU_2185,3.11,22,3,8,10-15K,1,4,1,1,1,Unstable,6,2024,2,236,12500,4,1,2,1
STU_2186,3.14,8,7,0,16-20K,0,4,2,1,0,Unstable,5,2024,2,185,18000,4,1,3,1
STU_2187,3.95,4,4,13,Below 10k,0,4,0,2,0,Unstable,4,2024,2,179,8000,4,2,2,1
STU_2188,3.21,22,3,8,10-15K,1,4,1,1,1,Unstable,5,2024,2,206,12500,4,1,2,1
STU_2189,3.24,11,5,9,Below 10k,0,4,0,1,0,Unstable,4,2024,2,169,8000,4,1,1,1
STU_2190,2.77,5,3,8,16-20K,1,4,2,1,1,Unstable,6,2024,2,238,18000,4,0,3,0
STU_2191,3.18,20,1,18,16-20K,0,4,2,1,0,Unstable,4,2024,2,171,18000,4,1,3,1
STU_2192,2.99,12,6,1,Below 10k,1,4,0,1,0,Unstable,4,2024,2,162,8000,4,0,1,0
STU_2193,3.86,19,6,3,16-20K,1,4,2,2,1,Unstable,4,2024,2,152,18000,4,2,4,1
STU_2194,3.58,19,6,10,10-15K,0,4,1,2,0,Unstable,6,2024,2,214,12500,4,2,3,1
STU_2195,3.18,7,3,8,16-20K,1,4,2,1,1,Unstable,6,2024,2,240,18000,4,1,3,1
STU_2196,2.52,10,7,0,10-15K,0,4,1,1,0,Unstable,4,2024,2,155,12500,4,0,2,0
STU_2197,3.21,13,5,9,16-20K,1,4,2,1,1,Unstable,4,2024,2,160,18000,4,1,3,1
STU_2198,3.22,9,2,6,Below 10k,0,4,0,1,0,Unstable,7,2024,3,257,8000,4,1,1,1
STU_2199,2.88,1,4,13,10-15K,0,4,1,1,0,Unstable,6,2024,2,228,12500,4,0,2,0
STU_2200,3.11,14,4,13,16-20K,1,4,2,1,1,Unstable,6,2024,2,233,18000,4,1,3,1
STU_2201,3.37,13,5,9,Below 10k,1,4,0,1,0,Unstable,5,2024,2,208,8000,4,1,1,1
STU_2202,2.64,4,4,13,10-15K,1,4,1,1,1,Unstable,7,2024,3,254,12500,4,0,2,0
STU_2203,3.04,15,6,10,16-20K,0,4,2,1,0,Unstable,8,2024,3,275,18000,4,1,3,1
STU_2204,3.12,1,4,13,10-15K,1,4,1,1,1,Unstable,7,2024,3,267,12500,4,1,2,1
STU_2205,3.21,11,5,9,10-15K,1,4,1,1,1,Unstable,7,2024,3,264,12500,4,1,2,1
STU_2206,3.16,8,7,0,16-20K,1,4,2,1,1,Unstable,5,2024,2,201,18000,4,1,3,1
STU_2207,3.35,10,7,0,Below 10k,1,4,0,1,0,Unstable,4,2024,2,160,8000,4,1,1,1
STU_2208,3.29,15,6,3,Below 10k,1,4,0,1,0,Unstable,5,2024,2,194,8000,4,1,1,1
STU_2209,3.3,6,1,11,Below 10k,0,4,0,1,0,Unstable,5,2024,2,197,8000,4,1,1,1
STU_2210,3.3,12,3,8,Below 10k,1,4,0,1,0,Unstable,6,2024,2,227,8000,4,1,1,1
STU_2211,3.29,12,3,8,16-20K,0,4,2,1,0,Unstable,7,2024,3,266,18000,4,1,3,1
STU_2212,3.25,13,5,9,16-20K,1,4,2,1,1,Unstable,5,2024,2,209,18000,4,1,3,1
STU_2213,3.91,11,5,9,Below 10k,0,4,0,2,1,Unstable,4,2024,2,178,8000,4,2,2,1
STU_2214,3.18,11,5,9,Below 10k,1,4,0,1,0,Unstable,7,2024,3,243,8000,4,1,1,1
STU_2215,3.19,21,0,2,10-15K,0,4,1,1,0,Unstable,7,2024,3,263,12500,4,1,2,1
STU_2216,3.16,1,4,13,10-15K,0,4,1,1,0,Unstable,7,2024,3,255,12500,4,1,2,1
STU_2217,3.33,7,1,11,16-20K,0,4,2,1,0,Unstable,5,2024,2,194,18000,4,1,3,1
STU_2218,3.11,20,1,17,Below 10k,1,4,0,1,0,Unstable,4,2024,2,161,8000,4,1,1,1
STU_2219,2.66,6,1,11,Below 10k,1,4,0,1,0,Unstable,7,2024,3,268,8000,4,0,1,0
STU_2220,3.15,13,5,9,10-15K,1,4,1,1,0,Unstable,8,2024,3,276,12500,4,1,2,1
STU_2221,3.28,7,3,8,16-20K,1,4,2,1,1,Unstable,6,2024,2,227,18000,4,1,3,1
STU_2222,3.13,5,1,18,Below 10k,0,4,0,1,0,Unstable,7,2024,3,256,8000,4,1,1,1
STU_2223,3.13,7,1,18,Below 10k,1,4,0,1,0,Unstable,7,2024,3,262,8000,4,1,1,1
STU_2224,3.18,14,4,13,Below 10k,1,4,0,1,0,Unstable,5,2024,2,212,8000,4,1,1,1
STU_2225,2.68,9,7,0,10-15K,1,4,1,1,1,Unstable,7,2024,3,246,12500,4,0,2,0
STU_2226,3.23,2,5,9,16-20K,1,4,2,1,1,Unstable,6,2024,2,230,18000,4,1,3,1
STU_2227,3.2,7,3,8,Below 10k,1,4,0,1,0,Unstable,8,2024,3,279,8000,4,1,1,1
STU_2228,3.32,2,5,9,10-15K,0,4,1,1,0,Unstable,4,2024,2,180,12500,4,1,2,1
STU_2229,3.12,0,1,18,Below 10k,1,4,0,1,0,Unstable,5,2024,2,184,8000,4,1,1,1
STU_2230,3.24,6,1,11,Below 10k,0,4,0,1,0,Unstable,5,2024,2,200,8000,4,1,1,1
STU_2231,2.92,10,7,0,10-15K,0,4,1,1,0,Unstable,6,2024,2,214,12500,4,0,2,0
STU_2232,2.58,3,2,6,16-20K,1,4,2,1,1,Unstable,4,2024,2,167,18000,4,0,3,0
STU_2233,3.3,0,1,11,16-20K,0,4,2,1,0,Unstable,7,2024,3,253,18000,4,1,3,1
STU_2234,3.24,3,2,6,10-15K,0,4,1,1,0,Unstable,6,2024,2,227,12500,4,1,2,1
STU_2235,3.13,16,4,13,16-20K,0,4,2,1,0,Unstable,7,2024,3,254,18000,4,1,3,1
STU_2236,3.22,1,4,13,10-15K,0,4,1,1,0,Unstable,5,2024,2,199,12500,4,1,2,1
STU_2237,3.29,0,1,11,Below 10k,1,4,0,1,0,Unstable,5,2024,2,201,8000,4,1,1,1
STU_2238,3.3,0,1,18,16-20K,0,4,2,1,0,Unstable,8,2024,3,280,18000,4,1,3,1
STU_2239,2.77,5,1,18,10-15K,0,4,1,1,0,Unstable,6,2024,2,231,12500,4,0,2,0
STU_2240,3.6,6,1,17,16-20K,1,4,2,2,1,Unstable,4,2024,2,181,18000,4,2,4,1
STU_2241,3.24,8,7,0,16-20K,0,4,2,1,0,Unstable,7,2024,3,253,18000,4,1,3,1
STU_2242,3.14,3,2,6,Below 10k,0,4,0,1,0,Unstable,4,2024,2,164,8000,4,1,1,1
STU_2243,3.35,9,2,6,Below 10k,0,4,0,1,0,Unstable,6,2024,2,217,8000,4,1,1,1
STU_2244,3.23,13,5,9,10-15K,0,4,1,1,0,Unstable,6,2024,2,224,12500,4,1,2,1
STU_2245,2.91,22,3,8,16-20K,0,4,2,1,0,Unstable,4,2024,2,155,18000,4,0,3,0
STU_2246,3.28,6,6,14,10-15K,0,4,1,1,0,Unstable,7,2024,3,272,12500,4,1,2,1
STU_2247,3.31,0,1,11,16-20K,1,4,2,1,1,Unstable,7,2024,3,271,18000,4,1,3,1
STU_2248,3.17,13,5,9,16-20K,0,4,2,1,0,Unstable,6,2024,2,213,18000,4,1,3,1
STU_2249,3.74,10,2,6,16-20K,1,4,2,2,1,Unstable,7,2024,3,247,18000,4,2,4,1
STU_2250,3.22,16,4,13,16-20K,1,4,2,1,1,Unstable,7,2024,3,255,18000,4,1,3,1
STU_2251,2.96,12,3,8,10-15K,1,4,1,1,1,Unstable,8,2024,3,278,12500,4,0,2,0
STU_2252,3.21,20,1,11,10-15K,0,4,1,1,0,Unstable,7,2024,3,255,12500,4,1,2,1
STU_2253,3.25,16,4,13,10-15K,0,4,1,1,0,Unstable,7,2024,3,257,12500,4,1,2,1
STU_2254,3.29,9,0,2,Below 10k,0,4,0,1,0,Unstable,8,2024,3,275,8000,4,1,1,1
STU_2255,3.39,4,4,13,Below 10k,0,4,0,1,0,Unstable,5,2024,2,211,8000,4,1,1,1
STU_2256,3.11,20,1,18,Below 10k,0,4,0,1,0,Unstable,5,2024,2,202,8000,4,1,1,1
STU_2257,2.89,10,7,0,16-20K,0,4,2,1,0,Unstable,4,2024,2,170,18000,4,0,3,0
STU_2258,3.35,9,2,6,10-15K,1,4,1,1,0,Unstable,4,2024,2,162,12500,4,1,2,1
STU_2259,3.4,0,7,0,Below 10k,0,4,0,1,0,Unstable,5,2024,2,208,8000,4,2,1,0
STU_2260,3.39,12,6,3,16-20K,0,4,2,1,0,Unstable,7,2024,3,243,18000,4,1,3,1
STU_2261,2.54,2,5,9,10-15K,0,4,1,1,0,Unstable,6,2024,2,230,12500,4,0,2,0
STU_2262,3.16,6,1,11,16-20K,1,4,2,1,1,Unstable,5,2024,2,194,18000,4,1,3,1
STU_2263,3.27,3,2,6,16-20K,1,4,2,1,1,Unstable,4,2024,2,169,18000,4,1,3,1
STU_2264,3.28,20,1,17,Below 10k,1,4,0,1,0,Unstable,6,2024,2,219,8000,4,1,1,1
STU_2265,2.63,9,2,6,16-20K,1,4,2,1,1,Unstable,4,2024,2,168,18000,4,0,3,0
STU_2266,3.21,5,0,16,Below 10k,1,4,0,1,0,Unstable,4,2024,2,157,8000,4,1,1,1
STU_2267,3.34,22,3,8,16-20K,1,4,2,1,1,Unstable,4,2024,2,173,18000,4,1,3,1
STU_2268,3.81,14,4,13,Below 10k,1,4,0,2,0,Unstable,4,2024,2,181,8000,4,2,2,1
STU_2269,3.33,11,5,9,10-15K,1,4,1,1,1,Unstable,4,2024,2,176,12500,4,1,2,1
STU_2270,3.13,12,6,1,10-15K,0,4,1,1,0,Unstable,6,2024,2,235,12500,4,1,2,1
STU_2271,2.75,7,3,8,10-15K,1,4,1,1,1,Unstable,7,2024,3,249,12500,4,0,2,0
STU_2272,3.31,22,3,8,16-20K,0,4,2,1,0,Unstable,5,2024,2,195,18000,4,1,3,1
STU_2273,2.61,7,1,18,16-20K,1,4,2,1,1,Unstable,5,2024,2,194,18000,4,0,3,0
STU_2274,3.27,9,0,15,Below 10k,1,4,0,1,0,Unstable,6,2024,2,238,8000,4,1,1,1
STU_2275,2.83,11,5,9,16-20K,0,4,2,1,0,Unstable,5,2024,2,183,18000,4,0,3,0
STU_2276,3.14,5,3,8,16-20K,0,4,2,1,0,Unstable,6,2024,2,233,18000,4,1,3,1
STU_2277,3.17,20,1,11,16-20K,0,4,2,1,0,Unstable,6,2024,2,221,18000,4,1,3,1
STU_2278,3.23,10,2,6,10-15K,0,4,1,1,0,Unstable,5,2024,2,212,12500,4,1,2,1
STU_2279,3.26,15,6,3,10-15K,0,4,1,1,0,Unstable,8,2024,3,275,12500,4,1,2,1
STU_2280,2.56,12,6,1,Below 10k,1,4,0,1,0,Unstable,6,2024,2,219,8000,4,0,1,0
STU_2281,3.15,21,0,4,16-20K,1,4,2,1,1,Unstable,6,2024,2,217,18000,4,1,3,1
STU_2282,3.35,7,7,0,16-20K,0,4,2,1,0,Unstable,8,2024,3,280,18000,4,1,3,1
STU_2283,2.65,5,1,17,16-20K,0,4,2,1,0,Unstable,4,2024,2,159,18000,4,0,3,0
STU_2284,3.24,19,6,14,16-20K,0,4,2,1,0,Unstable,5,2024,2,194,18000,4,1,3,1
STU_2285,3.32,21,0,15,10-15K,0,4,1,1,0,Unstable,4,2024,2,161,12500,4,1,2,1
STU_2286,3.9,5,1,17,16-20K,0,4,2,2,0,Unstable,6,2024,2,218,18000,4,2,4,1
STU_2287,3.36,3,2,6,16-20K,0,4,2,1,0,Unstable,5,2024,2,184,18000,4,1,3,1
STU_2288,3.16,2,5,9,10-15K,0,4,1,1,0,Unstable,7,2024,3,257,12500,4,1,2,1
STU_2289,2.89,20,1,17,Below 10k,0,4,0,1,0,Unstable,4,2024,2,161,8000,4,0,1,0
STU_2290,2.8,9,7,0,10-15K,1,4,1,1,1,Unstable,4,2024,2,168,12500,4,0,2,0
STU_2291,2.58,5,3,8,16-20K,1,4,2,1,1,Unstable,4,2024,2,178,18000,4,0,3,0
STU_2292,3.19,11,5,9,16-20K,0,4,2,1,0,Unstable,5,2024,2,211,18000,4,1,3,1
STU_2293,3.14,20,1,18,16-20K,0,4,2,1,0,Unstable,5,2024,2,211,18000,4,1,3,1
STU_2294,3.15,18,0,4,10-15K,0,4,1,1,0,Unstable,7,2024,3,265,12500,4,1,2,1
STU_2295,3.2,13,0,4,10-15K,1,4,1,1,1,Unstable,8,2024,3,279,12500,4,1,2,1
STU_2296,3.17,3,2,6,Below 10k,1,4,0,1,0,Unstable,7,2024,3,273,8000,4,1,1,1
STU_2297,3.22,16,4,13,10-15K,1,4,1,1,1,Unstable,4,2024,2,164,12500,4,1,2,1
STU_2298,3.38,11,5,9,16-20K,1,4,2,1,1,Unstable,7,2024,3,256,18000,4,1,3,1
STU_2299,2.37,14,4,13,Below 10k,0,4,0,0,0,Unstable,6,2024,2,238,8000,4,0,0,1
STU_2300,3.15,8,7,0,Below 10k,1,4,0,1,0,Unstable,7,2024,3,266,8000,4,1,1,1
STU_2301,3.77,13,5,9,16-20K,1,4,2,2,1,Unstable,4,2024,2,152,18000,4,2,4,1
STU_2302,3.61,16,4,13,Below 10k,0,4,0,2,0,Unstable,7,2024,3,257,8000,4,2,2,1
STU_2303,2.89,4,4,13,10-15K,0,4,1,1,0,Unstable,5,2024,2,190,12500,4,0,2,0
STU_2304,3.33,2,5,9,Below 10k,1,4,0,1,0,Unstable,6,2024,2,224,8000,4,1,1,1
STU_2305,3.21,9,0,4,16-20K,0,4,2,1,0,Unstable,6,2024,2,240,18000,4,1,3,1
STU_2306,3.32,11,5,9,16-20K,0,4,2,1,0,Unstable,5,2024,2,206,18000,4,1,3,1
STU_2307,3.34,9,0,5,16-20K,0,4,2,1,0,Unstable,4,2024,2,154,18000,4,1,3,1
STU_2308,3.23,16,6,12,16-20K,1,4,2,1,1,Unstable,7,2024,3,262,18000,4,1,3,1
STU_2309,2.87,1,4,13,10-15K,1,4,1,1,1,Unstable,7,2024,3,260,12500,4,0,2,0
STU_2310,3.15,5,3,8,16-20K,0,4,2,1,0,Unstable,5,2024,2,191,18000,4,1,3,1
STU_2311,3.25,12,3,8,10-15K,0,4,1,1,0,Unstable,5,2024,2,183,12500,4,1,2,1
STU_2312,3.06,7,3,8,10-15K,0,4,1,1,0,Unstable,5,2024,2,205,12500,4,1,2,1
STU_2313,3.27,13,5,9,16-20K,1,4,2,1,1,Unstable,7,2024,3,258,18000,4,1,3,1
STU_2314,3.24,8,7,0,10-15K,1,4,1,1,1,Unstable,8,2024,3,277,12500,4,1,2,1
STU_2315,3.34,14,4,13,Below 10k,0,4,0,1,0,Unstable,5,2024,2,203,8000,4,1,1,1
STU_2316,3.54,2,5,9,16-20K,1,4,2,2,1,Unstable,6,2024,2,224,18000,4,2,4,1
STU_2317,2.73,16,6,12,16-20K,1,4,2,1,1,Unstable,4,2024,2,179,18000,4,0,3,0
STU_2318,3.31,16,4,13,16-20K,0,4,2,1,0,Unstable,6,2024,2,230,18000,4,1,3,1
STU_2319,3.21,0,1,18,16-20K,0,4,2,1,0,Unstable,8,2024,3,277,18000,4,1,3,1
STU_2320,3.13,4,4,13,Below 10k,1,4,0,1,0,Unstable,6,2024,2,238,8000,4,1,1,1
STU_2321,3.4,11,5,9,16-20K,0,4,2,1,0,Unstable,5,2024,2,196,18000,4,2,3,0
STU_2322,3.29,0,7,0,16-20K,1,4,2,1,1,Unstable,7,2024,3,252,18000,4,1,3,1
STU_2323,3.39,13,0,4,16-20K,0,4,2,1,0,Unstable,7,2024,3,251,18000,4,1,3,1
STU_2324,3.32,11,5,9,16-20K,0,4,2,1,0,Unstable,7,2024,3,254,18000,4,1,3,1
STU_2325,3.34,13,0,5,16-20K,1,4,2,1,1,Unstable,4,2024,2,162,18000,4,1,3,1
STU_2326,3.28,14,4,13,Below 10k,1,4,0,1,0,Unstable,7,2024,3,272,8000,4,1,1,1
STU_2327,2.72,21,0,4,10-15K,1,4,1,1,1,Unstable,7,2024,3,272,12500,4,0,2,0
STU_2328,2.7,11,5,9,16-20K,0,4,2,1,0,Unstable,7,2024,3,250,18000,4,0,3,0
STU_2329,3.3,9,2,6,16-20K,1,4,2,1,1,Unstable,6,2024,2,241,18000,4,1,3,1
STU_2330,2.75,2,5,9,10-15K,0,4,1,1,0,Unstable,5,2024,2,204,12500,4,0,2,0
STU_2331,3.35,0,7,0,10-15K,0,4,1,1,0,Unstable,6,2024,2,242,12500,4,1,2,1
STU_2332,3.15,7,7,0,Below 10k,1,4,0,1,0,Unstable,6,2024,2,222,8000,4,1,1,1
STU_2333,2.9,11,5,9,16-20K,1,4,2,1,1,Unstable,5,2024,2,202,18000,4,0,3,0
STU_2334,3.23,9,7,0,16-20K,0,4,2,1,0,Unstable,4,2024,2,156,18000,4,1,3,1
STU_2335,2.67,12,3,8,Below 10k,1,4,0,1,0,Unstable,5,2024,2,197,8000,4,0,1,0
STU_2336,3.61,16,6,14,10-15K,1,4,1,2,1,Unstable,7,2024,3,254,12500,4,2,3,1
STU_2337,3.26,10,2,6,16-20K,0,4,2,1,0,Unstable,7,2024,3,251,18000,4,1,3,1
STU_2338,3.22,9,7,0,Below 10k,1,4,0,1,0,Unstable,4,2024,2,174,8000,4,1,1,1
STU_2339,2.93,9,2,6,Below 10k,0,4,0,1,0,Unstable,5,2024,2,183,8000,4,0,1,0
STU_2340,3.01,10,7,0,16-20K,0,4,2,1,0,Unstable,7,2024,3,266,18000,4,1,3,1
STU_2341,3.33,16,4,13,10-15K,1,4,1,1,1,Unstable,6,2024,2,213,12500,4,1,2,1
STU_2342,3.32,12,3,8,16-20K,0,4,2,1,0,Unstable,5,2024,2,190,18000,4,1,3,1
STU_2343,3.26,4,4,13,16-20K,0,4,2,1,0,Unstable,7,2024,3,272,18000,4,1,3,1
STU_2344,3.35,21,0,15,10-15K,0,4,1,1,0,Unstable,5,2024,2,207,12500,4,1,2,1
STU_2345,3.14,14,4,13,Below 10k,1,4,0,1,0,Unstable,7,2024,3,265,8000,4,1,1,1
STU_2346,3.16,10,2,6,16-20K,0,4,2,1,0,Unstable,5,2024,2,189,18000,4,1,3,1
STU_2347,3.23,18,0,5,10-15K,1,4,1,1,1,Unstable,8,2024,3,275,12500,4,1,2,1
STU_2348,3.17,7,7,0,10-15K,1,4,1,1,1,Unstable,7,2024,3,264,12500,4,1,2,1
STU_2349,3.24,12,6,12,16-20K,1,4,2,1,1,Unstable,4,2024,2,160,18000,4,1,3,1
STU_2350,3.7,16,4,13,Below 10k,1,4,0,2,0,Unstable,7,2024,3,273,8000,4,2,2,1
STU_2351,3.33,13,0,5,16-20K,1,4,2,1,1,Unstable,4,2024,2,180,18000,4,1,3,1
STU_2352,3.35,11,5,9,10-15K,0,4,1,1,1,Unstable,4,2024,2,162,12500,4,1,2,1
STU_2353,3.16,13,0,2,10-15K,0,4,1,1,0,Unstable,5,2024,2,209,12500,4,1,2,1
STU_2354,3.15,10,2,6,10-15K,1,4,1,1,1,Unstable,7,2024,3,262,12500,4,1,2,1
STU_2355,3.23,16,6,12,10-15K,0,4,1,1,0,Unstable,4,2024,2,166,12500,4,1,2,1
STU_2356,2.8,17,2,6,Below 10k,1,4,0,1,0,Unstable,6,2024,2,229,8000,4,0,1,0
STU_2357,3.0,10,2,6,16-20K,0,4,2,1,0,Unstable,4,2024,2,158,18000,4,1,3,1
STU_2358,2.64,12,6,12,16-20K,1,4,2,1,1,Unstable,8,2024,3,277,18000,4,0,3,0
STU_2359,3.23,3,2,6,10-15K,1,4,1,1,1,Unstable,6,2024,2,238,12500,4,1,2,1
STU_2360,3.39,18,0,4,Below 10k,0,4,0,1,0,Unstable,8,2024,3,276,8000,4,1,1,1
STU_2361,2.89,10,2,6,Below 10k,0,4,0,1,0,Unstable,7,2024,3,245,8000,4,0,1,0
STU_2362,3.05,20,1,17,Below 10k,0,4,0,1,0,Unstable,7,2024,3,243,8000,4,1,1,1
STU_2363,3.23,6,6,10,Below 10k,0,4,0,1,0,Unstable,6,2024,2,222,8000,4,1,1,1
STU_2364,3.25,7,1,18,16-20K,0,4,2,1,0,Unstable,7,2024,3,246,18000,4,1,3,1
STU_2365,3.21,4,4,13,Below 10k,0,4,0,1,0,Unstable,4,2024,2,171,8000,4,1,1,1
STU_2366,3.1,19,6,1,Below 10k,0,4,0,1,0,Unstable,5,2024,2,202,8000,4,1,1,1
STU_2367,3.14,22,3,8,10-15K,0,4,1,1,0,Unstable,7,2024,3,256,12500,4,1,2,1
STU_2368,3.13,9,7,0,16-20K,0,4,2,1,0,Unstable,5,2024,2,209,18000,4,1,3,1
STU_2369,2.24,14,4,13,Below 10k,1,4,0,0,0,Unstable,5,2024,2,203,8000,4,0,0,1
STU_2370,3.27,8,7,0,16-20K,1,4,2,1,1,Unstable,7,2024,3,245,18000,4,1,3,1
STU_2371,3.29,16,6,1,10-15K,1,4,1,1,1,Unstable,4,2024,2,171,12500,4,1,2,1
STU_2372,3.79,0,7,0,Below 10k,1,4,0,2,0,Unstable,7,2024,3,271,8000,4,2,2,1
STU_2373,3.35,5,0,16,Below 10k,0,4,0,1,0,Unstable,7,2024,3,269,8000,4,1,1,1
STU_2374,3.17,13,0,5,10-15K,1,4,1,1,1,Unstable,6,2024,2,235,12500,4,1,2,1
STU_2375,3.12,5,3,8,Below 10k,1,4,0,1,0,Unstable,5,2024,2,191,8000,4,1,1,1
STU_2376,3.57,5,0,4,10-15K,0,4,1,2,1,Unstable,7,2024,3,249,12500,4,2,3,1
STU_2377,2.64,17,2,6,10-15K,1,4,1,1,1,Unstable,4,2024,2,155,12500,4,0,2,0
STU_2378,3.18,9,2,6,Below 10k,0,4,0,1,0,Unstable,4,2024,2,164,8000,4,1,1,1
STU_2379,3.24,15,6,10,16-20K,0,4,2,1,0,Unstable,6,2024,2,225,18000,4,1,3,1
STU_2380,3.33,9,7,0,10-15K,0,4,1,1,0,Unstable,5,2024,2,210,12500,4,1,2,1
STU_2381,3.12,7,7,0,16-20K,1,4,2,1,1,Unstable,5,2024,2,201,18000,4,1,3,1
STU_2382,3.18,18,0,16,Below 10k,1,4,0,1,0,Unstable,7,2024,3,267,8000,4,1,1,1
STU_2383,3.09,21,0,5,16-20K,1,4,2,1,1,Unstable,4,2024,2,180,18000,4,1,3,1
STU_2384,3.25,8,7,0,16-20K,0,4,2,1,0,Unstable,4,2024,2,159,18000,4,1,3,1
STU_2385,3.18,13,5,9,16-20K,0,4,2,1,0,Unstable,5,2024,2,206,18000,4,1,3,1
STU_2386,3.12,22,3,8,16-20K,0,4,2,1,0,Unstable,4,2024,2,160,18000,4,1,3,1
STU_2387,2.52,0,7,0,Below 10k,0,4,0,1,0,Unstable,4,2024,2,162,8000,4,0,1,0
STU_2388,3.26,7,7,0,10-15K,0,4,1,1,0,Unstable,6,2024,2,239,12500,4,1,2,1
STU_2389,3.21,4,4,13,Below 10k,1,4,0,1,0,Unstable,6,2024,2,219,8000,4,1,1,1
STU_2390,3.31,9,0,4,10-15K,1,4,1,1,1,Unstable,7,2024,3,253,12500,4,1,2,1
STU_2391,3.29,5,3,8,Below 10k,1,4,0,1,0,Unstable,4,2024,2,181,8000,4,1,1,1
STU_2392,3.0,3,2,6,10-15K,0,4,1,1,0,Unstable,4,2024,2,163,12500,4,1,2,1
STU_2393,3.34,10,7,0,16-20K,0,4,2,1,0,Unstable,6,2024,2,234,18000,4,1,3,1
STU_2394,3.22,5,3,8,10-15K,0,4,1,1,0,Unstable,6,2024,2,237,12500,4,1,2,1
STU_2395,3.1,19,6,12,10-15K,0,4,1,1,0,Unstable,5,2024,2,196,12500,4,1,2,1
STU_2396,3.16,13,5,9,16-20K,0,4,2,1,0,Unstable,4,2024,2,164,18000,4,1,3,1
STU_2397,3.11,10,7,0,16-20K,0,4,2,1,0,Unstable,6,2024,2,235,18000,4,1,3,1
STU_2398,3.17,21,0,4,Below 10k,0,4,0,1,0,Unstable,4,2024,2,162,8000,4,1,1,1
STU_2399,2.46,11,5,9,10-15K,1,4,1,0,1,Unstable,6,2024,2,239,12500,4,0,1,1
STU_2400,2.79,2,5,9,10-15K,0,4,1,1,0,Unstable,4,2024,2,158,12500,4,0,2,0
STU_2401,3.4,9,0,4,Below 10k,0,0,0,1,0,Transitional,3,2026,1,855,8000,3,2,1,0
STU_2402,3.18,7,7,0,16-20K,1,0,2,1,0,Transitional,5,2026,2,919,18000,3,1,3,1
STU_2403,3.11,20,1,11,10-15K,1,0,1,1,0,Transitional,2,2026,1,849,12500,3,1,2,1
STU_2404,3.47,0,1,17,Below 10k,1,0,0,1,0,Transitional,6,2026,2,968,8000,3,2,1,0
STU_2405,2.68,19,6,14,Below 10k,1,0,0,1,0,Transitional,4,2026,2,909,8000,3,0,1,0
STU_2406,3.57,12,3,8,16-20K,0,0,2,2,0,Transitional,2,2026,1,828,18000,3,2,4,1
STU_2407,3.22,7,3,8,Below 10k,1,0,0,1,0,Transitional,2,2026,1,848,8000,3,1,1,1
STU_2408,3.3,9,2,6,16-20K,1,0,2,1,0,Transitional,5,2026,2,940,18000,3,1,3,1
STU_2409,3.34,12,6,3,10-15K,1,0,1,1,0,Transitional,5,2026,2,921,12500,3,1,2,1
STU_2410,3.13,2,5,9,Below 10k,0,0,0,1,0,Transitional,6,2026,2,966,8000,3,1,1,1
STU_2411,3.27,10,2,6,10-15K,1,0,1,1,0,Transitional,3,2026,1,871,12500,3,1,2,1
STU_2412,3.32,21,0,5,16-20K,0,0,2,1,0,Transitional,6,2026,2,950,18000,3,1,3,1
STU_2413,3.42,2,5,9,16-20K,0,0,2,1,0,Transitional,4,2026,2,885,18000,3,2,3,0
STU_2414,3.29,9,0,15,Below 10k,1,0,0,1,0,Transitional,3,2026,1,864,8000,3,1,1,1
STU_2415,3.45,7,3,8,10-15K,0,0,1,1,0,Transitional,4,2026,2,885,12500,3,2,2,0
STU_2416,2.71,2,5,9,16-20K,0,0,2,1,0,Transitional,5,2026,2,926,18000,3,0,3,0
STU_2417,2.93,5,0,2,Below 10k,1,0,0,1,0,Transitional,3,2026,1,864,8000,3,0,1,0
STU_2418,3.43,9,7,0,16-20K,0,0,2,1,1,Transitional,4,2026,2,887,18000,3,2,3,0
STU_2419,3.18,12,6,14,16-20K,0,0,2,1,0,Transitional,2,2026,1,845,18000,3,1,3,1
STU_2420,3.23,8,7,0,10-15K,0,0,1,1,0,Transitional,2,2026,1,846,12500,3,1,2,1
STU_2421,3.27,1,4,13,16-20K,0,0,2,1,0,Transitional,3,2026,1,876,18000,3,1,3,1
STU_2422,3.36,6,1,11,Below 10k,1,0,0,1,0,Transitional,5,2026,2,933,8000,3,1,1,1
STU_2423,3.1,6,6,14,Below 10k,0,0,0,1,0,Transitional,2,2026,1,844,8000,3,1,1,1
STU_2424,3.16,9,2,6,Below 10k,0,0,0,1,0,Transitional,4,2026,2,896,8000,3,1,1,1
STU_2425,3.17,10,7,0,10-15K,0,0,1,1,0,Transitional,6,2026,2,956,12500,3,1,2,1
STU_2426,3.02,11,5,9,Below 10k,0,0,0,1,0,Transitional,5,2026,2,923,8000,3,1,1,1
STU_2427,3.37,4,4,13,10-15K,0,0,1,1,1,Transitional,4,2026,2,903,12500,3,1,2,1
STU_2428,3.25,22,3,8,16-20K,0,0,2,1,0,Transitional,5,2026,2,937,18000,3,1,3,1
STU_2429,3.39,1,4,13,10-15K,1,0,1,1,0,Transitional,4,2026,2,894,12500,3,1,2,1
STU_2430,3.21,0,7,0,Below 10k,0,0,0,1,0,Transitional,2,2026,1,825,8000,3,1,1,1
STU_2431,3.73,8,7,0,10-15K,0,0,1,2,0,Transitional,6,2026,2,944,12500,3,2,3,1
STU_2432,3.45,11,5,9,10-15K,1,0,1,1,0,Transitional,2,2026,1,838,12500,3,2,2,0
STU_2433,3.37,0,1,11,16-20K,1,0,2,1,0,Transitional,2,2026,1,848,18000,3,1,3,1
STU_2434,3.6,21,0,5,10-15K,1,0,1,2,1,Transitional,3,2026,1,867,12500,3,2,3,1
STU_2435,3.21,16,4,13,Below 10k,0,0,0,1,0,Transitional,4,2026,2,902,8000,3,1,1,1
STU_2436,3.38,7,1,18,10-15K,0,0,1,1,0,Transitional,6,2026,2,951,12500,3,1,2,1
STU_2437,3.32,15,6,14,10-15K,1,0,1,1,0,Transitional,6,2026,2,968,12500,3,1,2,1
STU_2438,3.61,12,6,1,16-20K,0,0,2,2,0,Transitional,5,2026,2,925,18000,3,2,4,1
STU_2439,3.18,16,6,1,16-20K,1,0,2,1,1,Transitional,6,2026,2,951,18000,3,1,3,1
STU_2440,2.84,6,1,11,16-20K,0,0,2,1,0,Transitional,6,2026,2,943,18000,3,0,3,0
STU_2441,2.7,3,2,6,10-15K,1,0,1,1,1,Transitional,2,2026,1,837,12500,3,0,2,0
STU_2442,3.48,6,6,12,10-15K,1,0,1,1,0,Transitional,4,2026,2,897,12500,3,2,2,0
STU_2443,3.32,0,7,0,10-15K,1,0,1,1,0,Transitional,3,2026,1,868,12500,3,1,2,1
STU_2444,2.98,11,5,9,Below 10k,0,0,0,1,0,Transitional,3,2026,1,860,8000,3,0,1,0
STU_2445,3.18,9,0,2,16-20K,1,0,2,1,1,Transitional,6,2026,2,955,18000,3,1,3,1
STU_2446,3.13,20,1,17,Below 10k,0,0,0,1,0,Transitional,3,2026,1,851,8000,3,1,1,1
STU_2447,3.29,17,2,6,10-15K,0,0,1,1,0,Transitional,5,2026,2,939,12500,3,1,2,1
STU_2448,3.32,13,0,15,Below 10k,0,0,0,1,0,Transitional,6,2026,2,960,8000,3,1,1,1
STU_2449,2.52,22,3,8,16-20K,0,0,2,1,0,Transitional,6,2026,2,959,18000,3,0,3,0
STU_2450,3.42,10,2,6,Below 10k,0,0,0,1,0,Transitional,4,2026,2,882,8000,3,2,1,0
STU_2451,3.44,16,6,10,16-20K,0,0,2,1,0,Transitional,6,2026,2,972,18000,3,2,3,0
STU_2452,3.37,10,2,6,10-15K,0,0,1,1,0,Transitional,4,2026,2,894,12500,3,1,2,1
STU_2453,3.24,5,0,5,Below 10k,0,0,0,1,0,Transitional,5,2026,2,942,8000,3,1,1,1
STU_2454,3.36,11,5,9,Below 10k,0,0,0,1,0,Transitional,3,2026,1,862,8000,3,1,1,1
STU_2455,3.04,11,5,9,16-20K,1,0,2,1,1,Transitional,3,2026,1,866,18000,3,1,3,1
STU_2456,3.49,18,0,2,Below 10k,1,0,0,1,0,Transitional,6,2026,2,970,8000,3,2,1,0
STU_2457,3.2,12,6,14,Below 10k,0,0,0,1,0,Transitional,2,2026,1,823,8000,3,1,1,1
STU_2458,3.24,6,1,18,10-15K,0,0,1,1,0,Transitional,2,2026,1,829,12500,3,1,2,1
STU_2459,3.15,4,4,13,Below 10k,1,0,0,1,0,Transitional,2,2026,1,830,8000,3,1,1,1
STU_2460,3.45,4,4,13,Below 10k,1,0,0,1,0,Transitional,6,2026,2,964,8000,3,2,1,0
STU_2461,2.76,13,5,9,16-20K,1,0,2,1,1,Transitional,6,2026,2,945,18000,3,0,3,0
STU_2462,3.65,9,2,6,Below 10k,1,0,0,2,0,Transitional,4,2026,2,882,8000,3,2,2,1
STU_2463,3.22,13,5,9,Below 10k,0,0,0,1,0,Transitional,5,2026,2,923,8000,3,1,1,1
STU_2464,2.62,18,0,4,Below 10k,0,0,0,1,0,Transitional,3,2026,1,867,8000,3,0,1,0
STU_2465,3.2,16,4,13,16-20K,0,0,2,1,0,Transitional,2,2026,1,850,18000,3,1,3,1
STU_2466,2.63,11,5,9,16-20K,0,0,2,1,1,Transitional,5,2026,2,929,18000,3,0,3,0
STU_2467,3.35,22,3,8,Below 10k,1,0,0,1,0,Transitional,2,2026,1,850,8000,3,1,1,1
STU_2468,2.73,16,4,13,16-20K,1,0,2,1,0,Transitional,3,2026,1,853,18000,3,0,3,0
STU_2469,3.28,14,4,13,10-15K,1,0,1,1,0,Transitional,6,2026,2,949,12500,3,1,2,1
STU_2470,3.11,14,4,13,Below 10k,1,0,0,1,0,Transitional,2,2026,1,826,8000,3,1,1,1
STU_2471,3.62,0,1,17,10-15K,0,0,1,2,0,Transitional,2,2026,1,847,12500,3,2,3,1
STU_2472,3.68,22,3,8,Below 10k,1,0,0,2,0,Transitional,3,2026,1,853,8000,3,2,2,1
STU_2473,3.43,7,7,0,Below 10k,0,0,0,1,0,Transitional,2,2026,1,836,8000,3,2,1,0
STU_2474,3.31,10,2,6,16-20K,0,0,2,1,0,Transitional,4,2026,2,900,18000,3,1,3,1
STU_2475,3.11,13,5,9,16-20K,0,0,2,1,0,Transitional,6,2026,2,961,18000,3,1,3,1
STU_2476,3.24,14,4,13,Below 10k,0,0,0,1,1,Transitional,2,2026,1,841,8000,3,1,1,1
STU_2477,3.43,5,0,15,10-15K,1,0,1,1,0,Transitional,2,2026,1,835,12500,3,2,2,0
STU_2478,3.13,12,3,8,16-20K,0,0,2,1,1,Transitional,6,2026,2,963,18000,3,1,3,1
STU_2479,3.15,13,5,9,Below 10k,1,0,0,1,0,Transitional,2,2026,1,848,8000,3,1,1,1
STU_2480,3.36,16,4,13,10-15K,0,0,1,1,0,Transitional,4,2026,2,905,12500,3,1,2,1
STU_2481,3.8,13,5,9,10-15K,1,0,1,2,1,Transitional,4,2026,2,892,12500,3,2,3,1
STU_2482,3.46,14,4,13,10-15K,0,0,1,1,1,Transitional,2,2026,1,832,12500,3,2,2,0
STU_2483,3.24,10,7,0,10-15K,0,0,1,1,0,Transitional,6,2026,2,971,12500,3,1,2,1
STU_2484,3.17,5,3,8,16-20K,1,0,2,1,1,Transitional,4,2026,2,906,18000,3,1,3,1
STU_2485,2.99,0,7,0,16-20K,1,0,2,1,1,Transitional,3,2026,1,861,18000,3,0,3,0
STU_2486,3.36,3,2,6,Below 10k,1,0,0,1,0,Transitional,3,2026,1,881,8000,3,1,1,1
STU_2487,3.34,21,0,16,10-15K,0,0,1,1,0,Transitional,2,2026,1,849,12500,3,1,2,1
STU_2488,3.56,9,2,6,16-20K,0,0,2,2,0,Transitional,3,2026,1,857,18000,3,2,4,1
STU_2489,3.4,5,0,15,Below 10k,1,0,0,1,0,Transitional,5,2026,2,923,8000,3,2,1,0
STU_2490,3.17,8,7,0,16-20K,0,0,2,1,0,Transitional,6,2026,2,949,18000,3,1,3,1
STU_2491,2.81,1,4,13,10-15K,0,0,1,1,0,Transitional,3,2026,1,855,12500,3,0,2,0
STU_2492,2.9,9,7,0,10-15K,1,0,1,1,1,Transitional,3,2026,1,869,12500,3,0,2,0
STU_2493,2.77,16,4,13,10-15K,1,0,1,1,0,Transitional,6,2026,2,970,12500,3,0,2,0
STU_2494,3.22,16,6,10,16-20K,1,0,2,1,1,Transitional,2,2026,1,836,18000,3,1,3,1
STU_2495,3.25,13,5,9,10-15K,0,0,1,1,1,Transitional,4,2026,2,901,12500,3,1,2,1
STU_2496,3.56,0,1,18,16-20K,0,0,2,2,0,Transitional,4,2026,2,892,18000,3,2,4,1
STU_2497,2.67,6,6,12,16-20K,0,0,2,1,0,Transitional,4,2026,2,901,18000,3,0,3,0
STU_2498,2.88,10,2,6,Below 10k,1,0,0,1,0,Transitional,2,2026,1,823,8000,3,0,1,0
STU_2499,3.75,16,6,3,Below 10k,0,0,0,2,0,Transitional,6,2026,2,953,8000,3,2,2,1
STU_2500,3.23,13,0,15,16-20K,0,0,2,1,0,Transitional,2,2026,1,838,18000,3,1,3,1
STU_2501,3.38,16,4,13,Below 10k,0,0,0,1,0,Transitional,3,2026,1,873,8000,3,1,1,1
STU_2502,3.2,13,5,9,10-15K,0,0,1,1,0,Transitional,3,2026,1,853,12500,3,1,2,1
STU_2503,3.46,11,5,9,10-15K,1,0,1,1,0,Transitional,3,2026,1,878,12500,3,2,2,0
STU_2504,3.12,0,1,17,10-15K,0,0,1,1,0,Transitional,2,2026,1,832,12500,3,1,2,1
STU_2505,3.39,2,5,9,Below 10k,1,0,0,1,0,Transitional,5,2026,2,918,8000,3,1,1,1
STU_2506,3.53,13,0,2,10-15K,1,0,1,2,0,Transitional,4,2026,2,882,12500,3,2,3,1
STU_2507,3.25,5,3,8,10-15K,0,0,1,1,0,Transitional,2,2026,1,837,12500,3,1,2,1
STU_2508,3.29,14,4,13,16-20K,1,0,2,1,1,Transitional,3,2026,1,869,18000,3,1,3,1
STU_2509,3.42,5,0,5,16-20K,1,0,2,1,0,Transitional,4,2026,2,896,18000,3,2,3,0
STU_2510,3.73,16,6,10,10-15K,0,0,1,2,0,Transitional,6,2026,2,948,12500,3,2,3,1
STU_2511,3.3,15,6,10,Below 10k,0,0,0,1,0,Transitional,2,2026,1,834,8000,3,1,1,1
STU_2512,3.36,10,7,0,10-15K,1,0,1,1,1,Transitional,6,2026,2,947,12500,3,1,2,1
STU_2513,3.35,13,0,15,Below 10k,1,0,0,1,0,Transitional,2,2026,1,825,8000,3,1,1,1
STU_2514,3.38,7,7,0,10-15K,0,0,1,1,0,Transitional,2,2026,1,848,12500,3,1,2,1
STU_2515,2.76,3,2,6,Below 10k,1,0,0,1,0,Transitional,4,2026,2,893,8000,3,0,1,0
STU_2516,3.44,13,5,9,16-20K,0,0,2,1,0,Transitional,6,2026,2,957,18000,3,2,3,0
STU_2517,2.71,16,6,1,16-20K,0,0,2,1,0,Transitional,4,2026,2,892,18000,3,0,3,0
STU_2518,3.3,12,6,3,16-20K,1,0,2,1,1,Transitional,4,2026,2,902,18000,3,1,3,1
STU_2519,3.45,7,3,8,16-20K,1,0,2,1,1,Transitional,3,2026,1,876,18000,3,2,3,0
STU_2520,3.44,10,2,6,Below 10k,0,0,0,1,0,Transitional,4,2026,2,890,8000,3,2,1,0
STU_2521,3.24,16,4,13,Below 10k,0,0,0,1,0,Transitional,3,2026,1,854,8000,3,1,1,1
STU_2522,3.17,7,7,0,10-15K,0,0,1,1,0,Transitional,3,2026,1,869,12500,3,1,2,1
STU_2523,3.47,16,4,13,10-15K,0,0,1,1,0,Transitional,3,2026,1,855,12500,3,2,2,0
STU_2524,3.37,3,2,6,Below 10k,0,0,0,1,0,Transitional,6,2026,2,955,8000,3,1,1,1
STU_2525,3.75,6,6,10,16-20K,0,0,2,2,0,Transitional,5,2026,2,926,18000,3,2,4,1
STU_2526,3.1,1,4,13,10-15K,0,0,1,1,0,Transitional,5,2026,2,919,12500,3,1,2,1
STU_2527,3.27,21,0,2,10-15K,1,0,1,1,0,Transitional,4,2026,2,898,12500,3,1,2,1
STU_2528,3.3,5,1,18,Below 10k,0,0,0,1,0,Transitional,2,2026,1,826,8000,3,1,1,1
STU_2529,3.48,6,6,14,Below 10k,0,0,0,1,0,Transitional,3,2026,1,854,8000,3,2,1,0
STU_2530,3.11,7,7,0,10-15K,1,0,1,1,0,Transitional,4,2026,2,906,12500,3,1,2,1
STU_2531,3.49,22,3,8,16-20K,0,0,2,1,0,Transitional,4,2026,2,887,18000,3,2,3,0
STU_2532,3.54,21,0,2,10-15K,0,0,1,2,0,Transitional,2,2026,1,823,12500,3,2,3,1
STU_2533,2.84,9,2,6,10-15K,0,0,1,1,0,Transitional,2,2026,1,846,12500,3,0,2,0
STU_2534,3.25,8,7,0,10-15K,1,0,1,1,0,Transitional,3,2026,1,868,12500,3,1,2,1
STU_2535,3.28,9,2,6,Below 10k,0,0,0,1,0,Transitional,5,2026,2,921,8000,3,1,1,1
STU_2536,3.41,2,5,9,16-20K,1,0,2,1,1,Transitional,3,2026,1,857,18000,3,2,3,0
STU_2537,3.36,7,3,8,16-20K,1,0,2,1,1,Transitional,3,2026,1,851,18000,3,1,3,1
STU_2538,3.88,6,6,14,Below 10k,1,0,0,2,0,Transitional,5,2026,2,916,8000,3,2,2,1
STU_2539,3.14,12,3,8,Below 10k,1,0,0,1,0,Transitional,3,2026,1,872,8000,3,1,1,1
STU_2540,3.35,2,5,9,16-20K,0,0,2,1,0,Transitional,2,2026,1,847,18000,3,1,3,1
STU_2541,2.88,5,3,8,Below 10k,1,0,0,1,0,Transitional,5,2026,2,920,8000,3,0,1,0
STU_2542,3.36,4,4,13,16-20K,1,0,2,1,0,Transitional,6,2026,2,946,18000,3,1,3,1
STU_2543,3.7,6,6,1,10-15K,0,0,1,2,0,Transitional,6,2026,2,947,12500,3,2,3,1
STU_2544,3.22,4,4,13,Below 10k,1,0,0,1,0,Transitional,6,2026,2,962,8000,3,1,1,1
STU_2545,3.34,16,6,1,10-15K,1,0,1,1,0,Transitional,5,2026,2,936,12500,3,1,2,1
STU_2546,3.47,10,7,0,16-20K,0,0,2,1,0,Transitional,4,2026,2,900,18000,3,2,3,0
STU_2547,3.48,17,2,6,16-20K,1,0,2,1,1,Transitional,4,2026,2,890,18000,3,2,3,0
STU_2548,3.12,1,4,13,Below 10k,1,0,0,1,0,Transitional,2,2026,1,827,8000,3,1,1,1
STU_2549,3.31,2,5,9,16-20K,1,0,2,1,1,Transitional,3,2026,1,869,18000,3,1,3,1
STU_2550,3.49,5,1,11,16-20K,0,0,2,1,0,Transitional,5,2026,2,918,18000,3,2,3,0
STU_2551,3.46,15,6,1,10-15K,1,0,1,1,1,Transitional,4,2026,2,909,12500,3,2,2,0
STU_2552,3.42,13,0,16,10-15K,1,0,1,1,0,Transitional,4,2026,2,885,12500,3,2,2,0
STU_2553,3.45,22,3,8,10-15K,0,0,1,1,0,Transitional,5,2026,2,923,12500,3,2,2,0
STU_2554,3.24,13,5,9,10-15K,0,0,1,1,0,Transitional,4,2026,2,885,12500,3,1,2,1
STU_2555,3.46,2,5,9,10-15K,0,0,1,1,0,Transitional,2,2026,1,826,12500,3,2,2,0
STU_2556,3.38,6,6,1,16-20K,1,0,2,1,0,Transitional,3,2026,1,852,18000,3,1,3,1
STU_2557,3.29,20,1,18,Below 10k,1,0,0,1,0,Transitional,3,2026,1,874,8000,3,1,1,1
STU_2558,3.25,7,7,0,10-15K,0,0,1,1,0,Transitional,6,2026,2,963,12500,3,1,2,1
STU_2559,3.36,11,5,9,16-20K,0,0,2,1,0,Transitional,4,2026,2,888,18000,3,1,3,1
STU_2560,3.23,16,4,13,Below 10k,0,0,0,1,0,Transitional,6,2026,2,970,8000,3,1,1,1
STU_2561,3.37,5,1,11,10-15K,1,0,1,1,0,Transitional,3,2026,1,862,12500,3,1,2,1
STU_2562,3.04,18,0,4,Below 10k,0,0,0,1,0,Transitional,3,2026,1,877,8000,3,1,1,1
STU_2563,3.18,1,4,13,Below 10k,1,0,0,1,0,Transitional,4,2026,2,889,8000,3,1,1,1
STU_2564,3.34,2,5,9,16-20K,0,0,2,1,0,Transitional,5,2026,2,942,18000,3,1,3,1
STU_2565,2.6,4,4,13,16-20K,0,0,2,1,0,Transitional,2,2026,1,844,18000,3,0,3,0
STU_2566,3.25,12,3,8,10-15K,0,0,1,1,0,Transitional,6,2026,2,947,12500,3,1,2,1
STU_2567,3.53,16,4,13,16-20K,1,0,2,2,1,Transitional,4,2026,2,888,18000,3,2,4,1
STU_2568,3.48,9,2,6,10-15K,1,0,1,1,0,Transitional,5,2026,2,919,12500,3,2,2,0
STU_2569,3.12,6,1,11,Below 10k,0,0,0,1,0,Transitional,4,2026,2,884,8000,3,1,1,1
STU_2570,2.91,7,3,8,10-15K,0,0,1,1,0,Transitional,6,2026,2,955,12500,3,0,2,0
STU_2571,3.46,9,0,5,16-20K,0,0,2,1,0,Transitional,6,2026,2,969,18000,3,2,3,0
STU_2572,2.98,14,4,13,Below 10k,1,0,0,1,0,Transitional,3,2026,1,852,8000,3,0,1,0
STU_2573,3.38,8,7,0,16-20K,1,0,2,1,0,Transitional,3,2026,1,873,18000,3,1,3,1
STU_2574,3.21,5,0,4,16-20K,0,0,2,1,0,Transitional,6,2026,2,946,18000,3,1,3,1
STU_2575,3.64,22,3,8,Below 10k,0,0,0,2,0,Transitional,3,2026,1,869,8000,3,2,2,1
STU_2576,3.88,10,7,0,16-20K,0,0,2,2,0,Transitional,4,2026,2,894,18000,3,2,4,1
STU_2577,3.26,19,6,10,10-15K,1,0,1,1,0,Transitional,5,2026,2,937,12500,3,1,2,1
STU_2578,3.38,6,6,12,Below 10k,0,0,0,1,0,Transitional,4,2026,2,887,8000,3,1,1,1
STU_2579,3.18,17,2,6,Below 10k,1,0,0,1,0,Transitional,3,2026,1,854,8000,3,1,1,1
STU_2580,3.28,14,4,13,16-20K,1,0,2,1,0,Transitional,2,2026,1,826,18000,3,1,3,1
STU_2581,3.44,15,6,10,Below 10k,0,0,0,1,0,Transitional,2,2026,1,833,8000,3,2,1,0
STU_2582,2.73,12,3,8,16-20K,1,0,2,1,0,Transitional,5,2026,2,924,18000,3,0,3,0
STU_2583,3.21,9,0,15,10-15K,1,0,1,1,0,Transitional,4,2026,2,903,12500,3,1,2,1
STU_2584,3.1,10,7,0,16-20K,0,0,2,1,1,Transitional,5,2026,2,930,18000,3,1,3,1
STU_2585,3.82,5,1,17,Below 10k,1,0,0,2,0,Transitional,6,2026,2,951,8000,3,2,2,1
STU_2586,3.49,5,3,8,Below 10k,0,0,0,1,0,Transitional,2,2026,1,845,8000,3,2,1,0
STU_2587,3.22,20,1,17,16-20K,0,0,2,1,0,Transitional,6,2026,2,952,18000,3,1,3,1
STU_2588,3.2,22,3,8,Below 10k,0,0,0,1,0,Transitional,3,2026,1,871,8000,3,1,1,1
STU_2589,3.28,10,7,0,Below 10k,1,0,0,1,0,Transitional,6,2026,2,962,8000,3,1,1,1
STU_2590,3.48,7,3,8,10-15K,0,0,1,1,0,Transitional,2,2026,1,849,12500,3,2,2,0
STU_2591,2.67,19,6,14,16-20K,0,0,2,1,0,Transitional,3,2026,1,865,18000,3,0,3,0
STU_2592,3.69,16,4,13,Below 10k,1,0,0,2,1,Transitional,4,2026,2,890,8000,3,2,2,1
STU_2593,3.69,4,4,13,10-15K,1,0,1,2,1,Transitional,2,2026,1,831,12500,3,2,3,1
STU_2594,2.56,16,4,13,16-20K,0,0,2,1,0,Transitional,4,2026,2,898,18000,3,0,3,0
STU_2595,3.3,9,2,6,Below 10k,0,0,0,1,1,Transitional,3,2026,1,863,8000,3,1,1,1
STU_2596,2.68,3,2,6,Below 10k,0,0,0,1,0,Transitional,2,2026,1,824,8000,3,0,1,0
STU_2597,3.43,13,5,9,Below 10k,0,0,0,1,0,Transitional,2,2026,1,830,8000,3,2,1,0
STU_2598,3.05,13,0,5,10-15K,0,0,1,1,0,Transitional,6,2026,2,956,12500,3,1,2,1
STU_2599,3.59,2,5,9,10-15K,1,0,1,2,1,Transitional,2,2026,1,832,12500,3,2,3,1
STU_2600,2.57,19,6,14,10-15K,0,0,1,1,0,Transitional,5,2026,2,924,12500,3,0,2,0
STU_2601,2.64,7,3,8,Below 10k,1,0,0,1,0,Transitional,2,2026,1,831,8000,3,0,1,0
STU_2602,3.41,9,7,0,16-20K,0,0,2,1,0,Transitional,5,2026,2,927,18000,3,2,3,0
STU_2603,2.7,5,3,8,Below 10k,1,0,0,1,0,Transitional,6,2026,2,944,8000,3,0,1,0
STU_2604,2.75,9,0,4,10-15K,0,0,1,1,1,Transitional,3,2026,1,871,12500,3,0,2,0
STU_2605,3.47,7,7,0,Below 10k,0,0,0,1,0,Transitional,6,2026,2,966,8000,3,2,1,0
STU_2606,3.43,22,3,8,16-20K,0,0,2,1,0,Transitional,3,2026,1,860,18000,3,2,3,0
STU_2607,2.75,2,5,9,10-15K,1,0,1,1,0,Transitional,2,2026,1,828,12500,3,0,2,0
STU_2608,3.24,16,6,14,Below 10k,0,0,0,1,0,Transitional,3,2026,1,881,8000,3,1,1,1
STU_2609,3.13,9,2,6,16-20K,1,0,2,1,0,Transitional,2,2026,1,825,18000,3,1,3,1
STU_2610,2.88,13,0,4,Below 10k,0,0,0,1,0,Transitional,5,2026,2,941,8000,3,0,1,0
STU_2611,3.1,1,4,13,10-15K,1,0,1,1,0,Transitional,6,2026,2,952,12500,3,1,2,1
STU_2612,3.8,5,1,18,10-15K,0,0,1,2,0,Transitional,4,2026,2,903,12500,3,2,3,1
STU_2613,3.78,21,0,5,10-15K,0,0,1,2,1,Transitional,6,2026,2,957,12500,3,2,3,1
STU_2614,2.58,6,6,10,10-15K,1,0,1,1,0,Transitional,5,2026,2,922,12500,3,0,2,0
STU_2615,2.1,20,1,17,Below 10k,1,0,0,0,0,Transitional,2,2026,1,841,8000,3,0,0,1
STU_2616,2.65,12,6,3,16-20K,0,0,2,1,0,Transitional,6,2026,2,967,18000,3,0,3,0
STU_2617,3.44,15,6,3,Below 10k,1,0,0,1,0,Transitional,4,2026,2,896,8000,3,2,1,0
STU_2618,3.84,8,7,0,Below 10k,0,0,0,2,0,Transitional,5,2026,2,918,8000,3,2,2,1
STU_2619,3.37,9,2,6,Below 10k,1,0,0,1,0,Transitional,6,2026,2,944,8000,3,1,1,1
STU_2620,3.0,0,7,0,10-15K,1,0,1,1,0,Transitional,3,2026,1,856,12500,3,1,2,1
STU_2621,3.3,19,6,1,Below 10k,1,0,0,1,0,Transitional,4,2026,2,883,8000,3,1,1,1
STU_2622,2.1,7,3,8,16-20K,0,0,2,0,0,Transitional,4,2026,2,906,18000,3,0,2,1
STU_2623,3.19,4,4,13,Below 10k,0,0,0,1,0,Transitional,6,2026,2,965,8000,3,1,1,1
STU_2624,3.32,4,4,13,Below 10k,0,0,0,1,0,Transitional,6,2026,2,963,8000,3,1,1,1
STU_2625,3.18,12,6,14,16-20K,1,0,2,1,1,Transitional,3,2026,1,873,18000,3,1,3,1
STU_2626,2.44,9,7,0,10-15K,0,0,1,0,0,Transitional,3,2026,1,879,12500,3,0,1,1
STU_2627,3.37,19,6,10,Below 10k,1,0,0,1,0,Transitional,5,2026,2,919,8000,3,1,1,1
STU_2628,3.21,12,3,8,16-20K,1,0,2,1,1,Transitional,6,2026,2,956,18000,3,1,3,1
STU_2629,3.23,0,7,0,10-15K,0,0,1,1,0,Transitional,6,2026,2,966,12500,3,1,2,1
STU_2630,3.62,15,6,1,16-20K,0,0,2,2,0,Transitional,5,2026,2,923,18000,3,2,4,1
STU_2631,3.15,5,3,8,16-20K,0,0,2,1,0,Transitional,3,2026,1,881,18000,3,1,3,1
STU_2632,2.78,18,0,4,10-15K,0,0,1,1,0,Transitional,4,2026,2,897,12500,3,0,2,0
STU_2633,3.44,10,7,0,16-20K,1,0,2,1,0,Transitional,3,2026,1,854,18000,3,2,3,0
STU_2634,3.44,12,3,8,10-15K,0,0,1,1,0,Transitional,3,2026,1,875,12500,3,2,2,0
STU_2635,3.28,7,7,0,10-15K,1,0,1,1,0,Transitional,4,2026,2,909,12500,3,1,2,1
STU_2636,3.67,4,4,13,16-20K,1,0,2,2,1,Transitional,2,2026,1,836,18000,3,2,4,1
STU_2637,3.33,13,5,9,10-15K,0,0,1,1,1,Transitional,3,2026,1,877,12500,3,1,2,1
STU_2638,3.14,14,4,13,Below 10k,0,0,0,1,0,Transitional,6,2026,2,945,8000,3,1,1,1
STU_2639,3.26,13,5,9,16-20K,0,0,2,1,0,Transitional,5,2026,2,927,18000,3,1,3,1
STU_2640,3.35,16,6,12,Below 10k,1,0,0,1,0,Transitional,5,2026,2,931,8000,3,1,1,1
STU_2641,3.84,13,0,16,10-15K,0,0,1,2,0,Transitional,4,2026,2,885,12500,3,2,3,1
STU_2642,2.59,4,4,13,16-20K,0,0,2,1,0,Transitional,6,2026,2,965,18000,3,0,3,0
STU_2643,2.53,7,1,11,10-15K,1,0,1,1,0,Transitional,5,2026,2,936,12500,3,0,2,0
STU_2644,3.34,6,1,11,Below 10k,0,0,0,1,0,Transitional,6,2026,2,947,8000,3,1,1,1
STU_2645,2.85,15,6,3,Below 10k,0,0,0,1,0,Transitional,6,2026,2,966,8000,3,0,1,0
STU_2646,3.31,12,6,1,10-15K,1,0,1,1,0,Transitional,5,2026,2,939,12500,3,1,2,1
STU_2647,2.69,10,2,6,Below 10k,1,0,0,1,0,Transitional,6,2026,2,972,8000,3,0,1,0
STU_2648,3.36,7,3,8,10-15K,0,0,1,1,0,Transitional,5,2026,2,919,12500,3,1,2,1
STU_2649,3.41,13,0,15,Below 10k,1,0,0,1,0,Transitional,4,2026,2,896,8000,3,2,1,0
STU_2650,3.26,9,7,0,16-20K,1,0,2,1,0,Transitional,3,2026,1,865,18000,3,1,3,1
STU_2651,2.38,6,6,12,Below 10k,0,0,0,0,0,Transitional,6,2026,2,967,8000,3,0,0,1
STU_2652,3.1,0,7,0,16-20K,0,0,2,1,0,Transitional,2,2026,1,835,18000,3,1,3,1
STU_2653,3.42,2,5,9,10-15K,0,0,1,1,0,Transitional,4,2026,2,905,12500,3,2,2,0
STU_2654,2.9,10,2,6,10-15K,1,0,1,1,1,Transitional,3,2026,1,867,12500,3,0,2,0
STU_2655,2.69,10,2,6,Below 10k,1,0,0,1,0,Transitional,2,2026,1,831,8000,3,0,1,0
STU_2656,3.28,7,7,0,16-20K,0,0,2,1,0,Transitional,3,2026,1,878,18000,3,1,3,1
STU_2657,3.22,6,1,18,16-20K,0,0,2,1,0,Transitional,3,2026,1,861,18000,3,1,3,1
STU_2658,3.3,2,5,9,16-20K,0,0,2,1,0,Transitional,5,2026,2,933,18000,3,1,3,1
STU_2659,3.21,10,2,6,Below 10k,0,0,0,1,0,Transitional,4,2026,2,884,8000,3,1,1,1
STU_2660,3.22,9,2,6,16-20K,1,0,2,1,0,Transitional,3,2026,1,869,18000,3,1,3,1
STU_2661,2.95,2,5,9,Below 10k,1,0,0,1,0,Transitional,5,2026,2,927,8000,3,0,1,0
STU_2662,3.24,9,0,2,10-15K,0,0,1,1,0,Transitional,6,2026,2,970,12500,3,1,2,1
STU_2663,3.49,16,4,13,Below 10k,0,0,0,1,0,Transitional,5,2026,2,932,8000,3,2,1,0
STU_2664,3.17,6,1,11,10-15K,1,0,1,1,1,Transitional,4,2026,2,898,12500,3,1,2,1
STU_2665,3.62,10,2,6,16-20K,1,0,2,2,1,Transitional,4,2026,2,903,18000,3,2,4,1
STU_2666,3.45,7,7,0,Below 10k,0,0,0,1,0,Transitional,3,2026,1,851,8000,3,2,1,0
STU_2667,3.3,5,3,8,Below 10k,1,0,0,1,0,Transitional,5,2026,2,935,8000,3,1,1,1
STU_2668,2.93,8,7,0,16-20K,1,0,2,1,0,Transitional,5,2026,2,923,18000,3,0,3,0
STU_2669,3.47,22,3,8,Below 10k,1,0,0,1,0,Transitional,2,2026,1,839,8000,3,2,1,0
STU_2670,3.26,13,5,9,10-15K,1,0,1,1,0,Transitional,5,2026,2,920,12500,3,1,2,1
STU_2671,3.43,1,4,13,Below 10k,1,0,0,1,0,Transitional,3,2026,1,853,8000,3,2,1,0
STU_2672,3.38,14,4,13,Below 10k,1,0,0,1,0,Transitional,5,2026,2,928,8000,3,1,1,1
STU_2673,3.45,5,3,8,10-15K,1,0,1,1,0,Transitional,6,2026,2,943,12500,3,2,2,0
STU_2674,3.28,16,6,14,16-20K,1,0,2,1,1,Transitional,4,2026,2,899,18000,3,1,3,1
STU_2675,3.46,9,2,6,Below 10k,0,0,0,1,0,Transitional,5,2026,2,938,8000,3,2,1,0
STU_2676,3.4,6,1,18,16-20K,0,0,2,1,0,Transitional,4,2026,2,909,18000,3,2,3,0
STU_2677,3.26,13,0,5,10-15K,1,0,1,1,1,Transitional,3,2026,1,866,12500,3,1,2,1
STU_2678,3.47,17,2,6,Below 10k,1,0,0,1,0,Transitional,2,2026,1,830,8000,3,2,1,0
STU_2679,3.47,18,0,4,Below 10k,1,0,0,1,0,Transitional,6,2026,2,948,8000,3,2,1,0
STU_2680,2.97,21,0,2,Below 10k,0,0,0,1,0,Transitional,2,2026,1,830,8000,3,0,1,0
STU_2681,3.13,20,1,18,Below 10k,1,0,0,1,0,Transitional,3,2026,1,853,8000,3,1,1,1
STU_2682,3.0,10,2,6,10-15K,1,0,1,1,1,Transitional,6,2026,2,969,12500,3,1,2,1
STU_2683,2.62,7,3,8,16-20K,0,0,2,1,1,Transitional,2,2026,1,844,18000,3,0,3,0
STU_2684,3.2,21,0,4,10-15K,1,0,1,1,0,Transitional,2,2026,1,834,12500,3,1,2,1
STU_2685,3.41,10,7,0,Below 10k,1,0,0,1,0,Transitional,5,2026,2,912,8000,3,2,1,0
STU_2686,3.46,10,2,6,16-20K,0,0,2,1,0,Transitional,2,2026,1,850,18000,3,2,3,0
STU_2687,3.11,6,6,1,10-15K,0,0,1,1,0,Transitional,2,2026,1,846,12500,3,1,2,1
STU_2688,2.38,22,3,8,16-20K,1,0,2,0,0,Transitional,2,2026,1,824,18000,3,0,2,1
STU_2689,2.62,10,7,0,Below 10k,1,0,0,1,0,Transitional,2,2026,1,823,8000,3,0,1,0
STU_2690,3.21,3,2,6,10-15K,0,0,1,1,0,Transitional,5,2026,2,925,12500,3,1,2,1
STU_2691,3.48,0,7,0,Below 10k,0,0,0,1,0,Transitional,2,2026,1,830,8000,3,2,1,0
STU_2692,3.44,11,5,9,10-15K,1,0,1,1,0,Transitional,2,2026,1,825,12500,3,2,2,0
STU_2693,2.84,11,5,9,16-20K,1,0,2,1,1,Transitional,2,2026,1,844,18000,3,0,3,0
STU_2694,2.67,12,6,12,Below 10k,1,0,0,1,0,Transitional,2,2026,1,841,8000,3,0,1,0
STU_2695,3.17,8,7,0,Below 10k,0,0,0,1,0,Transitional,5,2026,2,914,8000,3,1,1,1
STU_2696,3.23,17,2,6,Below 10k,0,0,0,1,0,Transitional,4,2026,2,911,8000,3,1,1,1
STU_2697,3.48,17,2,6,Below 10k,0,0,0,1,0,Transitional,4,2026,2,910,8000,3,2,1,0
STU_2698,3.44,6,6,14,Below 10k,1,0,0,1,0,Transitional,6,2026,2,949,8000,3,2,1,0
STU_2699,3.25,15,6,3,10-15K,0,0,1,1,0,Transitional,3,2026,1,863,12500,3,1,2,1
STU_2700,3.64,10,7,0,Below 10k,1,0,0,2,1,Transitional,4,2026,2,906,8000,3,2,2,1
STU_2701,2.59,8,7,0,16-20K,0,0,2,1,0,Transitional,2,2026,1,835,18000,3,0,3,0
STU_2702,3.24,14,4,13,16-20K,1,0,2,1,1,Transitional,6,2026,2,955,18000,3,1,3,1
STU_2703,2.85,22,3,8,Below 10k,0,0,0,1,0,Transitional,5,2026,2,928,8000,3,0,1,0
STU_2704,2.51,13,5,9,16-20K,1,0,2,1,0,Transitional,4,2026,2,906,18000,3,0,3,0
STU_2705,3.89,17,2,6,10-15K,1,0,1,2,0,Transitional,5,2026,2,937,12500,3,2,3,1
STU_2706,3.2,14,4,13,16-20K,0,0,2,1,0,Transitional,5,2026,2,917,18000,3,1,3,1
STU_2707,3.37,10,7,0,10-15K,0,0,1,1,0,Transitional,5,2026,2,925,12500,3,1,2,1
STU_2708,3.3,1,4,13,10-15K,0,0,1,1,0,Transitional,5,2026,2,941,12500,3,1,2,1
STU_2709,3.22,11,5,9,Below 10k,1,0,0,1,0,Transitional,4,2026,2,884,8000,3,1,1,1
STU_2710,3.62,18,0,16,Below 10k,0,0,0,2,0,Transitional,6,2026,2,947,8000,3,2,2,1
STU_2711,3.33,13,0,16,16-20K,0,0,2,1,0,Transitional,6,2026,2,952,18000,3,1,3,1
STU_2712,3.17,7,3,8,16-20K,0,0,2,1,0,Transitional,3,2026,1,872,18000,3,1,3,1
STU_2713,2.55,1,4,13,16-20K,0,0,2,1,0,Transitional,2,2026,1,833,18000,3,0,3,0
STU_2714,3.3,17,2,6,16-20K,0,0,2,1,0,Transitional,6,2026,2,964,18000,3,1,3,1
STU_2715,3.21,10,2,6,10-15K,1,0,1,1,0,Transitional,6,2026,2,968,12500,3,1,2,1
STU_2716,3.92,19,6,14,Below 10k,0,0,0,2,0,Transitional,6,2026,2,959,8000,3,2,2,1
STU_2717,3.18,4,4,13,Below 10k,0,0,0,1,0,Transitional,4,2026,2,889,8000,3,1,1,1
STU_2718,3.44,22,3,8,Below 10k,0,0,0,1,0,Transitional,3,2026,1,865,8000,3,2,1,0
STU_2719,3.35,5,3,8,10-15K,0,0,1,1,0,Transitional,3,2026,1,876,12500,3,1,2,1
STU_2720,3.09,17,2,6,Below 10k,1,0,0,1,0,Transitional,5,2026,2,936,8000,3,1,1,1
STU_2721,3.11,22,3,8,16-20K,1,0,2,1,0,Transitional,6,2026,2,968,18000,3,1,3,1
STU_2722,3.4,11,5,9,Below 10k,1,0,0,1,0,Transitional,2,2026,1,834,8000,3,2,1,0
STU_2723,3.23,10,7,0,Below 10k,1,0,0,1,0,Transitional,3,2026,1,867,8000,3,1,1,1
STU_2724,3.48,7,1,17,Below 10k,0,0,0,1,0,Transitional,5,2026,2,921,8000,3,2,1,0
STU_2725,3.27,14,4,13,Below 10k,1,0,0,1,0,Transitional,5,2026,2,936,8000,3,1,1,1
STU_2726,3.28,16,4,13,16-20K,0,0,2,1,0,Transitional,6,2026,2,958,18000,3,1,3,1
STU_2727,2.52,16,4,13,16-20K,0,0,2,1,0,Transitional,6,2026,2,960,18000,3,0,3,0
STU_2728,3.29,10,2,6,Below 10k,1,0,0,1,0,Transitional,3,2026,1,863,8000,3,1,1,1
STU_2729,3.32,14,4,13,10-15K,0,0,1,1,0,Transitional,4,2026,2,887,12500,3,1,2,1
STU_2730,3.12,8,7,0,16-20K,0,0,2,1,1,Transitional,5,2026,2,931,18000,3,1,3,1
STU_2731,3.16,14,4,13,Below 10k,0,0,0,1,0,Transitional,4,2026,2,882,8000,3,1,1,1
STU_2732,3.38,22,3,8,Below 10k,1,0,0,1,0,Transitional,3,2026,1,876,8000,3,1,1,1
STU_2733,2.61,7,3,8,16-20K,1,0,2,1,1,Transitional,3,2026,1,873,18000,3,0,3,0
STU_2734,2.97,0,1,18,16-20K,0,0,2,1,0,Transitional,4,2026,2,910,18000,3,0,3,0
STU_2735,3.72,7,3,8,10-15K,0,0,1,2,0,Transitional,6,2026,2,967,12500,3,2,3,1
STU_2736,3.62,21,0,5,16-20K,1,0,2,2,0,Transitional,2,2026,1,838,18000,3,2,4,1
STU_2737,2.54,15,6,3,16-20K,0,0,2,1,0,Transitional,2,2026,1,824,18000,3,0,3,0
STU_2738,3.34,7,7,0,16-20K,0,0,2,1,0,Transitional,6,2026,2,966,18000,3,1,3,1
STU_2739,3.45,14,4,13,Below 10k,1,0,0,1,0,Transitional,6,2026,2,968,8000,3,2,1,0
STU_2740,3.48,7,7,0,Below 10k,0,0,0,1,0,Transitional,3,2026,1,853,8000,3,2,1,0
STU_2741,3.4,3,2,6,10-15K,0,0,1,1,0,Transitional,2,2026,1,844,12500,3,2,2,0
STU_2742,3.22,22,3,8,16-20K,1,0,2,1,1,Transitional,6,2026,2,967,18000,3,1,3,1
STU_2743,3.31,11,5,9,Below 10k,0,0,0,1,0,Transitional,3,2026,1,869,8000,3,1,1,1
STU_2744,3.21,2,5,9,16-20K,0,0,2,1,0,Transitional,6,2026,2,964,18000,3,1,3,1
STU_2745,3.16,9,0,16,16-20K,0,0,2,1,0,Transitional,2,2026,1,827,18000,3,1,3,1
STU_2746,3.42,9,2,6,10-15K,1,0,1,1,0,Transitional,5,2026,2,932,12500,3,2,2,0
STU_2747,3.17,5,1,18,10-15K,0,0,1,1,1,Transitional,6,2026,2,971,12500,3,1,2,1
STU_2748,3.13,0,1,18,10-15K,0,0,1,1,0,Transitional,5,2026,2,914,12500,3,1,2,1
STU_2749,3.38,0,7,0,Below 10k,1,0,0,1,0,Transitional,5,2026,2,942,8000,3,1,1,1
STU_2750,2.64,7,1,17,16-20K,1,0,2,1,1,Transitional,3,2026,1,851,18000,3,0,3,0
STU_2751,2.85,20,1,17,Below 10k,1,0,0,1,0,Transitional,2,2026,1,839,8000,3,0,1,0
STU_2752,3.79,18,0,16,Below 10k,0,0,0,2,0,Transitional,2,2026,1,843,8000,3,2,2,1
STU_2753,2.99,12,6,12,16-20K,1,0,2,1,1,Transitional,2,2026,1,848,18000,3,0,3,0
STU_2754,2.43,13,5,9,Below 10k,1,0,0,0,0,Transitional,6,2026,2,968,8000,3,0,0,1
STU_2755,2.52,14,4,13,16-20K,0,0,2,1,0,Transitional,5,2026,2,914,18000,3,0,3,0
STU_2756,3.47,17,2,6,10-15K,1,0,1,1,1,Transitional,2,2026,1,843,12500,3,2,2,0
STU_2757,2.96,2,5,9,10-15K,1,0,1,1,0,Transitional,2,2026,1,824,12500,3,0,2,0
STU_2758,2.83,9,0,15,10-15K,0,0,1,1,0,Transitional,4,2026,2,898,12500,3,0,2,0
STU_2759,3.46,5,0,16,16-20K,0,0,2,1,0,Transitional,6,2026,2,960,18000,3,2,3,0
STU_2760,3.46,18,0,5,Below 10k,1,0,0,1,0,Transitional,3,2026,1,864,8000,3,2,1,0
STU_2761,3.41,3,2,6,16-20K,0,0,2,1,0,Transitional,6,2026,2,965,18000,3,2,3,0
STU_2762,2.69,5,3,8,16-20K,1,0,2,1,1,Transitional,2,2026,1,847,18000,3,0,3,0
STU_2763,3.9,9,2,6,16-20K,1,0,2,2,0,Transitional,6,2026,2,944,18000,3,2,4,1
STU_2764,2.81,11,5,9,16-20K,0,0,2,1,0,Transitional,4,2026,2,883,18000,3,0,3,0
STU_2765,3.35,20,1,17,Below 10k,1,0,0,1,0,Transitional,4,2026,2,885,8000,3,1,1,1
STU_2766,3.68,0,1,17,16-20K,1,0,2,2,1,Transitional,4,2026,2,899,18000,3,2,4,1
STU_2767,2.01,11,5,9,16-20K,1,0,2,0,0,Transitional,3,2026,1,875,18000,3,0,2,1
STU_2768,3.81,19,6,1,16-20K,1,0,2,2,1,Transitional,3,2026,1,858,18000,3,2,4,1
STU_2769,2.94,12,6,3,16-20K,1,0,2,1,1,Transitional,4,2026,2,898,18000,3,0,3,0
STU_2770,3.31,22,3,8,10-15K,0,0,1,1,0,Transitional,4,2026,2,891,12500,3,1,2,1
STU_2771,2.75,2,5,9,Below 10k,0,0,0,1,0,Transitional,4,2026,2,907,8000,3,0,1,0
STU_2772,3.3,2,5,9,16-20K,1,0,2,1,1,Transitional,6,2026,2,963,18000,3,1,3,1
STU_2773,3.12,9,0,5,Below 10k,1,0,0,1,0,Transitional,3,2026,1,881,8000,3,1,1,1
STU_2774,2.57,7,7,0,10-15K,1,0,1,1,0,Transitional,6,2026,2,947,12500,3,0,2,0
STU_2775,3.18,4,4,13,Below 10k,1,0,0,1,0,Transitional,4,2026,2,887,8000,3,1,1,1
STU_2776,2.93,9,7,0,Below 10k,0,0,0,1,0,Transitional,3,2026,1,859,8000,3,0,1,0
STU_2777,3.14,5,1,17,Below 10k,1,0,0,1,0,Transitional,5,2026,2,936,8000,3,1,1,1
STU_2778,3.71,12,3,8,Below 10k,1,0,0,2,0,Transitional,2,2026,1,827,8000,3,2,2,1
STU_2779,3.46,4,4,13,16-20K,0,0,2,1,0,Transitional,5,2026,2,935,18000,3,2,3,0
STU_2780,3.18,5,1,18,16-20K,0,0,2,1,0,Transitional,5,2026,2,918,18000,3,1,3,1
STU_2781,3.33,21,0,4,Below 10k,0,0,0,1,1,Transitional,4,2026,2,884,8000,3,1,1,1
STU_2782,3.0,22,3,8,16-20K,0,0,2,1,0,Transitional,3,2026,1,860,18000,3,1,3,1
STU_2783,3.26,16,6,3,Below 10k,1,0,0,1,0,Transitional,5,2026,2,924,8000,3,1,1,1
STU_2784,3.4,3,2,6,16-20K,0,0,2,1,0,Transitional,3,2026,1,874,18000,3,2,3,0
STU_2785,3.43,19,6,3,Below 10k,1,0,0,1,0,Transitional,2,2026,1,833,8000,3,2,1,0
STU_2786,3.43,8,7,0,Below 10k,0,0,0,1,0,Transitional,6,2026,2,951,8000,3,2,1,0
STU_2787,3.29,9,7,0,10-15K,1,0,1,1,0,Transitional,3,2026,1,873,12500,3,1,2,1
STU_2788,3.53,2,5,9,10-15K,1,0,1,2,1,Transitional,3,2026,1,857,12500,3,2,3,1
STU_2789,3.1,16,4,13,10-15K,0,0,1,1,0,Transitional,2,2026,1,836,12500,3,1,2,1
STU_2790,3.88,9,0,5,10-15K,1,0,1,2,0,Transitional,5,2026,2,940,12500,3,2,3,1
STU_2791,2.59,12,6,3,Below 10k,0,0,0,1,0,Transitional,2,2026,1,849,8000,3,0,1,0
STU_2792,3.44,13,0,15,16-20K,0,0,2,1,0,Transitional,4,2026,2,887,18000,3,2,3,0
STU_2793,3.4,2,5,9,10-15K,0,0,1,1,0,Transitional,4,2026,2,887,12500,3,2,2,0
STU_2794,3.22,0,7,0,10-15K,1,0,1,1,0,Transitional,3,2026,1,856,12500,3,1,2,1
STU_2795,3.3,9,0,4,10-15K,0,0,1,1,0,Transitional,3,2026,1,866,12500,3,1,2,1
STU_2796,3.26,13,5,9,10-15K,1,0,1,1,0,Transitional,6,2026,2,960,12500,3,1,2,1
STU_2797,3.18,5,3,8,Below 10k,0,0,0,1,0,Transitional,2,2026,1,826,8000,3,1,1,1
STU_2798,3.14,12,3,8,Below 10k,0,0,0,1,0,Transitional,3,2026,1,877,8000,3,1,1,1
STU_2799,3.93,2,5,9,10-15K,0,0,1,2,0,Transitional,4,2026,2,908,12500,3,2,3,1
STU_2800,3.26,4,4,13,10-15K,1,0,1,1,0,Transitional,5,2026,2,914,12500,3,1,2,1
STU_2801,3.79,1,4,13,16-20K,1,0,2,2,1,Transitional,2,2026,1,836,18000,3,2,4,1
STU_2802,2.24,13,5,9,Below 10k,0,0,0,0,1,Transitional,5,2026,2,932,8000,3,0,0,1
STU_2803,3.36,16,4,13,Below 10k,0,0,0,1,0,Transitional,3,2026,1,879,8000,3,1,1,1
STU_2804,3.33,13,0,2,10-15K,1,0,1,1,0,Transitional,6,2026,2,945,12500,3,1,2,1
STU_2805,3.39,17,2,6,10-15K,0,0,1,1,0,Transitional,2,2026,1,842,12500,3,1,2,1
STU_2806,2.08,2,5,9,Below 10k,1,0,0,0,0,Transitional,3,2026,1,879,8000,3,0,0,1
STU_2807,3.38,16,6,1,10-15K,1,0,1,1,0,Transitional,3,2026,1,852,12500,3,1,2,1
STU_2808,3.75,12,6,12,Below 10k,0,0,0,2,0,Transitional,2,2026,1,833,8000,3,2,2,1
STU_2809,3.19,12,6,14,10-15K,1,0,1,1,0,Transitional,6,2026,2,949,12500,3,1,2,1
STU_2810,3.18,6,1,11,Below 10k,1,0,0,1,0,Transitional,6,2026,2,970,8000,3,1,1,1
STU_2811,3.22,13,5,9,Below 10k,1,0,0,1,0,Transitional,6,2026,2,954,8000,3,1,1,1
STU_2812,3.18,7,7,0,16-20K,1,0,2,1,0,Transitional,5,2026,2,932,18000,3,1,3,1
STU_2813,3.37,7,3,8,16-20K,0,0,2,1,0,Transitional,6,2026,2,963,18000,3,1,3,1
STU_2814,3.22,5,3,8,10-15K,0,0,1,1,0,Transitional,4,2026,2,891,12500,3,1,2,1
STU_2815,3.25,13,0,16,16-20K,0,0,2,1,0,Transitional,5,2026,2,935,18000,3,1,3,1
STU_2816,2.51,16,6,14,10-15K,0,0,1,1,0,Transitional,6,2026,2,971,12500,3,0,2,0
STU_2817,3.21,3,2,6,Below 10k,1,0,0,1,0,Transitional,4,2026,2,898,8000,3,1,1,1
STU_2818,3.21,20,1,18,16-20K,0,0,2,1,0,Transitional,6,2026,2,955,18000,3,1,3,1
STU_2819,3.01,9,7,0,Below 10k,1,0,0,1,0,Transitional,4,2026,2,886,8000,3,1,1,1
STU_2820,3.16,5,3,8,16-20K,0,0,2,1,0,Transitional,4,2026,2,906,18000,3,1,3,1
STU_2821,2.97,17,2,6,10-15K,0,0,1,1,0,Transitional,4,2026,2,908,12500,3,0,2,0
STU_2822,3.29,10,7,0,16-20K,0,0,2,1,0,Transitional,6,2026,2,944,18000,3,1,3,1
STU_2823,3.9,4,4,13,Below 10k,1,0,0,2,0,Transitional,4,2026,2,893,8000,3,2,2,1
STU_2824,3.19,9,0,5,16-20K,0,0,2,1,0,Transitional,4,2026,2,888,18000,3,1,3,1
STU_2825,2.17,9,7,0,10-15K,0,0,1,0,0,Transitional,3,2026,1,868,12500,3,0,1,1
STU_2826,3.31,16,4,13,10-15K,0,0,1,1,0,Transitional,6,2026,2,965,12500,3,1,2,1
STU_2827,3.28,12,3,8,Below 10k,1,0,0,1,0,Transitional,6,2026,2,963,8000,3,1,1,1
STU_2828,3.9,7,3,8,Below 10k,1,0,0,2,0,Transitional,2,2026,1,835,8000,3,2,2,1
STU_2829,2.64,17,2,6,16-20K,0,0,2,1,0,Transitional,5,2026,2,917,18000,3,0,3,0
STU_2830,3.12,9,0,2,16-20K,1,0,2,1,1,Transitional,6,2026,2,972,18000,3,1,3,1
STU_2831,3.2,5,1,17,10-15K,1,0,1,1,0,Transitional,4,2026,2,909,12500,3,1,2,1
STU_2832,2.98,16,6,1,Below 10k,0,0,0,1,0,Transitional,2,2026,1,832,8000,3,0,1,0
STU_2833,3.17,11,5,9,10-15K,1,0,1,1,1,Transitional,4,2026,2,888,12500,3,1,2,1
STU_2834,2.76,16,4,13,16-20K,1,0,2,1,0,Transitional,6,2026,2,962,18000,3,0,3,0
STU_2835,2.55,12,6,14,10-15K,0,0,1,1,0,Transitional,5,2026,2,938,12500,3,0,2,0
STU_2836,3.24,11,5,9,Below 10k,0,0,0,1,0,Transitional,2,2026,1,834,8000,3,1,1,1
STU_2837,3.19,9,0,16,16-20K,0,0,2,1,0,Transitional,4,2026,2,884,18000,3,1,3,1
STU_2838,2.56,5,1,11,10-15K,1,0,1,1,0,Transitional,2,2026,1,826,12500,3,0,2,0
STU_2839,3.22,10,7,0,16-20K,0,0,2,1,0,Transitional,5,2026,2,913,18000,3,1,3,1
STU_2840,3.13,13,0,5,16-20K,1,0,2,1,0,Transitional,6,2026,2,972,18000,3,1,3,1
STU_2841,2.98,8,7,0,Below 10k,0,0,0,1,0,Transitional,4,2026,2,901,8000,3,0,1,0
STU_2842,2.91,20,1,11,Below 10k,0,0,0,1,0,Transitional,5,2026,2,940,8000,3,0,1,0
STU_2843,3.36,18,0,15,16-20K,1,0,2,1,1,Transitional,2,2026,1,828,18000,3,1,3,1
STU_2844,3.27,16,4,13,10-15K,1,0,1,1,1,Transitional,3,2026,1,870,12500,3,1,2,1
STU_2845,3.84,1,4,13,Below 10k,0,0,0,2,0,Transitional,2,2026,1,849,8000,3,2,2,1
STU_2846,3.06,12,3,8,Below 10k,1,0,0,1,0,Transitional,6,2026,2,966,8000,3,1,1,1
STU_2847,3.34,0,7,0,10-15K,1,0,1,1,0,Transitional,2,2026,1,831,12500,3,1,2,1
STU_2848,2.79,1,4,13,Below 10k,0,0,0,1,0,Transitional,2,2026,1,842,8000,3,0,1,0
STU_2849,3.17,5,1,11,16-20K,0,0,2,1,0,Transitional,5,2026,2,937,18000,3,1,3,1
STU_2850,3.37,14,4,13,10-15K,1,0,1,1,0,Transitional,5,2026,2,922,12500,3,1,2,1
STU_2851,3.27,0,1,18,10-15K,0,0,1,1,0,Transitional,4,2026,2,910,12500,3,1,2,1
STU_2852,3.22,11,5,9,16-20K,0,0,2,1,0,Transitional,6,2026,2,954,18000,3,1,3,1
STU_2853,3.37,10,2,6,Below 10k,0,0,0,1,0,Transitional,2,2026,1,849,8000,3,1,1,1
STU_2854,2.86,13,5,9,16-20K,1,0,2,1,1,Transitional,3,2026,1,874,18000,3,0,3,0
STU_2855,2.92,11,5,9,Below 10k,1,0,0,1,0,Transitional,2,2026,1,850,8000,3,0,1,0
STU_2856,3.19,1,4,13,16-20K,0,0,2,1,0,Transitional,4,2026,2,905,18000,3,1,3,1
STU_2857,3.21,7,3,8,Below 10k,1,0,0,1,0,Transitional,2,2026,1,834,8000,3,1,1,1
STU_2858,3.34,12,3,8,16-20K,1,0,2,1,1,Transitional,2,2026,1,837,18000,3,1,3,1
STU_2859,2.94,0,7,0,10-15K,0,0,1,1,0,Transitional,6,2026,2,970,12500,3,0,2,0
STU_2860,3.28,16,6,1,Below 10k,1,0,0,1,0,Transitional,5,2026,2,914,8000,3,1,1,1
STU_2861,3.1,10,7,0,Below 10k,1,0,0,1,0,Transitional,6,2026,2,958,8000,3,1,1,1
STU_2862,3.54,19,6,12,Below 10k,1,0,0,2,0,Transitional,3,2026,1,876,8000,3,2,2,1
STU_2863,3.17,9,0,4,10-15K,0,0,1,1,0,Transitional,2,2026,1,846,12500,3,1,2,1
STU_2864,2.91,14,4,13,16-20K,1,0,2,1,0,Transitional,3,2026,1,852,18000,3,0,3,0
STU_2865,3.23,12,6,1,Below 10k,1,0,0,1,0,Transitional,5,2026,2,933,8000,3,1,1,1
STU_2866,3.12,7,3,8,10-15K,1,0,1,1,0,Transitional,5,2026,2,912,12500,3,1,2,1
STU_2867,3.2,6,1,18,Below 10k,1,0,0,1,0,Transitional,4,2026,2,883,8000,3,1,1,1
STU_2868,3.45,6,6,12,10-15K,0,0,1,1,0,Transitional,4,2026,2,889,12500,3,2,2,0
STU_2869,3.47,8,7,0,16-20K,0,0,2,1,0,Transitional,3,2026,1,860,18000,3,2,3,0
STU_2870,3.57,4,4,13,10-15K,0,0,1,2,0,Transitional,6,2026,2,969,12500,3,2,3,1
STU_2871,2.68,4,4,13,Below 10k,0,0,0,1,0,Transitional,6,2026,2,949,8000,3,0,1,0
STU_2872,3.42,20,1,11,10-15K,0,0,1,1,0,Transitional,3,2026,1,856,12500,3,2,2,0
STU_2873,3.2,14,4,13,16-20K,0,0,2,1,1,Transitional,5,2026,2,913,18000,3,1,3,1
STU_2874,3.46,13,5,9,10-15K,1,0,1,1,0,Transitional,4,2026,2,895,12500,3,2,2,0
STU_2875,3.52,13,5,9,10-15K,0,0,1,2,0,Transitional,3,2026,1,870,12500,3,2,3,1
STU_2876,3.47,15,6,14,10-15K,0,0,1,1,0,Transitional,3,2026,1,873,12500,3,2,2,0
STU_2877,3.11,2,5,9,10-15K,1,0,1,1,1,Transitional,3,2026,1,875,12500,3,1,2,1
STU_2878,3.34,12,6,1,10-15K,0,0,1,1,0,Transitional,4,2026,2,909,12500,3,1,2,1
STU_2879,3.48,9,0,5,Below 10k,1,0,0,1,0,Transitional,5,2026,2,924,8000,3,2,1,0
STU_2880,3.1,0,7,0,Below 10k,1,0,0,1,0,Transitional,6,2026,2,950,8000,3,1,1,1
STU_2881,3.32,11,5,9,16-20K,1,0,2,1,0,Transitional,4,2026,2,884,18000,3,1,3,1
STU_2882,3.45,13,0,16,16-20K,1,0,2,1,1,Transitional,4,2026,2,906,18000,3,2,3,0
STU_2883,3.14,21,0,4,16-20K,0,0,2,1,1,Transitional,3,2026,1,862,18000,3,1,3,1
STU_2884,3.16,9,2,6,16-20K,1,0,2,1,0,Transitional,4,2026,2,908,18000,3,1,3,1
STU_2885,2.82,19,6,3,10-15K,0,0,1,1,0,Transitional,3,2026,1,858,12500,3,0,2,0
STU_2886,2.64,18,0,15,16-20K,1,0,2,1,0,Transitional,6,2026,2,969,18000,3,0,3,0
STU_2887,3.28,19,6,1,10-15K,1,0,1,1,0,Transitional,4,2026,2,894,12500,3,1,2,1
STU_2888,3.27,9,2,6,10-15K,1,0,1,1,0,Transitional,3,2026,1,865,12500,3,1,2,1
STU_2889,3.18,5,1,17,Below 10k,1,0,0,1,0,Transitional,3,2026,1,851,8000,3,1,1,1
STU_2890,3.39,5,3,8,16-20K,0,0,2,1,0,Transitional,4,2026,2,882,18000,3,1,3,1
STU_2891,3.17,13,5,9,Below 10k,0,0,0,1,0,Transitional,3,2026,1,879,8000,3,1,1,1
STU_2892,3.24,0,1,17,Below 10k,0,0,0,1,1,Transitional,5,2026,2,931,8000,3,1,1,1
STU_2893,3.44,12,6,3,10-15K,1,0,1,1,0,Transitional,3,2026,1,868,12500,3,2,2,0
STU_2894,3.25,10,2,6,16-20K,1,0,2,1,1,Transitional,5,2026,2,923,18000,3,1,3,1
STU_2895,3.4,16,6,3,Below 10k,0,0,0,1,0,Transitional,4,2026,2,893,8000,3,2,1,0
STU_2896,3.15,0,1,11,10-15K,1,0,1,1,0,Transitional,3,2026,1,871,12500,3,1,2,1
STU_2897,3.47,13,5,9,Below 10k,1,0,0,1,0,Transitional,2,2026,1,846,8000,3,2,1,0
STU_2898,3.48,19,6,1,Below 10k,0,0,0,1,0,Transitional,4,2026,2,891,8000,3,2,1,0
STU_2899,3.27,8,7,0,Below 10k,1,0,0,1,0,Transitional,3,2026,1,877,8000,3,1,1,1
STU_2900,3.08,7,3,8,Below 10k,1,0,0,1,0,Transitional,6,2026,2,962,8000,3,1,1,1
STU_2901,3.41,15,6,12,16-20K,1,0,2,1,1,Transitional,2,2026,1,840,18000,3,2,3,0
STU_2902,3.3,3,2,6,Below 10k,1,0,0,1,0,Transitional,4,2026,2,886,8000,3,1,1,1
STU_2903,3.16,19,6,10,16-20K,1,0,2,1,1,Transitional,6,2026,2,953,18000,3,1,3,1
STU_2904,3.12,14,4,13,16-20K,1,0,2,1,0,Transitional,3,2026,1,865,18000,3,1,3,1
STU_2905,3.32,12,3,8,10-15K,1,0,1,1,1,Transitional,3,2026,1,852,12500,3,1,2,1
STU_2906,3.11,5,0,4,Below 10k,0,0,0,1,0,Transitional,3,2026,1,856,8000,3,1,1,1
STU_2907,3.19,0,1,17,Below 10k,1,0,0,1,0,Transitional,5,2026,2,917,8000,3,1,1,1
STU_2908,3.16,8,7,0,10-15K,0,0,1,1,0,Transitional,6,2026,2,952,12500,3,1,2,1
STU_2909,3.34,20,1,18,Below 10k,1,0,0,1,0,Transitional,2,2026,1,826,8000,3,1,1,1
STU_2910,3.27,12,3,8,Below 10k,1,0,0,1,0,Transitional,3,2026,1,878,8000,3,1,1,1
STU_2911,3.38,7,3,8,10-15K,0,0,1,1,0,Transitional,6,2026,2,952,12500,3,1,2,1
STU_2912,3.34,3,2,6,16-20K,0,0,2,1,0,Transitional,4,2026,2,889,18000,3,1,3,1
STU_2913,3.45,5,3,8,16-20K,1,0,2,1,0,Transitional,4,2026,2,901,18000,3,2,3,0
STU_2914,2.76,13,5,9,Below 10k,1,0,0,1,0,Transitional,3,2026,1,876,8000,3,0,1,0
STU_2915,3.1,5,0,16,10-15K,0,0,1,1,0,Transitional,2,2026,1,834,12500,3,1,2,1
STU_2916,3.83,5,1,17,10-15K,0,0,1,2,0,Transitional,4,2026,2,883,12500,3,2,3,1
STU_2917,3.19,5,1,11,Below 10k,0,0,0,1,0,Transitional,3,2026,1,871,8000,3,1,1,1
STU_2918,3.46,3,2,6,10-15K,1,0,1,1,0,Transitional,5,2026,2,919,12500,3,2,2,0
STU_2919,3.21,15,6,12,10-15K,0,0,1,1,1,Transitional,4,2026,2,893,12500,3,1,2,1
STU_2920,3.1,12,3,8,16-20K,1,0,2,1,1,Transitional,2,2026,1,848,18000,3,1,3,1
STU_2921,3.37,11,5,9,Below 10k,1,0,0,1,0,Transitional,4,2026,2,896,8000,3,1,1,1
STU_2922,3.21,6,1,18,16-20K,1,0,2,1,1,Transitional,3,2026,1,876,18000,3,1,3,1
STU_2923,2.69,7,7,0,10-15K,0,0,1,1,1,Transitional,3,2026,1,880,12500,3,0,2,0
STU_2924,3.12,17,2,6,16-20K,1,0,2,1,1,Transitional,3,2026,1,854,18000,3,1,3,1
STU_2925,3.16,14,4,13,Below 10k,0,0,0,1,0,Transitional,3,2026,1,869,8000,3,1,1,1
STU_2926,3.48,18,0,5,16-20K,1,0,2,1,0,Transitional,4,2026,2,899,18000,3,2,3,0
STU_2927,3.57,22,3,8,16-20K,1,0,2,2,0,Transitional,4,2026,2,892,18000,3,2,4,1
STU_2928,2.53,5,0,4,10-15K,1,0,1,1,0,Transitional,6,2026,2,948,12500,3,0,2,0
STU_2929,3.12,2,5,9,16-20K,1,0,2,1,1,Transitional,5,2026,2,924,18000,3,1,3,1
STU_2930,2.64,22,3,8,10-15K,0,0,1,1,0,Transitional,6,2026,2,949,12500,3,0,2,0
STU_2931,3.95,11,5,9,16-20K,0,0,2,2,0,Transitional,3,2026,1,867,18000,3,2,4,1
STU_2932,3.46,6,6,10,10-15K,1,0,1,1,0,Transitional,2,2026,1,830,12500,3,2,2,0
STU_2933,3.19,5,0,5,10-15K,0,0,1,1,0,Transitional,4,2026,2,908,12500,3,1,2,1
STU_2934,3.39,19,6,1,16-20K,0,0,2,1,0,Transitional,3,2026,1,868,18000,3,1,3,1
STU_2935,3.02,15,6,10,16-20K,0,0,2,1,0,Transitional,3,2026,1,870,18000,3,1,3,1
STU_2936,3.12,0,1,17,Below 10k,1,0,0,1,0,Transitional,3,2026,1,858,8000,3,1,1,1
STU_2937,3.07,11,5,9,10-15K,1,0,1,1,0,Transitional,2,2026,1,841,12500,3,1,2,1
STU_2938,3.33,4,4,13,Below 10k,0,0,0,1,0,Transitional,4,2026,2,898,8000,3,1,1,1
STU_2939,3.14,9,2,6,16-20K,0,0,2,1,0,Transitional,5,2026,2,920,18000,3,1,3,1
STU_2940,3.29,4,4,13,16-20K,0,0,2,1,0,Transitional,6,2026,2,944,18000,3,1,3,1
STU_2941,3.22,4,4,13,Below 10k,1,0,0,1,0,Transitional,3,2026,1,868,8000,3,1,1,1
STU_2942,3.38,16,4,13,Below 10k,0,0,0,1,1,Transitional,6,2026,2,944,8000,3,1,1,1
STU_2943,3.46,4,4,13,16-20K,1,0,2,1,0,Transitional,2,2026,1,824,18000,3,2,3,0
STU_2944,3.28,10,7,0,16-20K,1,0,2,1,0,Transitional,6,2026,2,954,18000,3,1,3,1
STU_2945,2.23,7,1,17,Below 10k,1,0,0,0,0,Transitional,5,2026,2,931,8000,3,0,0,1
STU_2946,3.46,8,7,0,Below 10k,0,0,0,1,0,Transitional,3,2026,1,853,8000,3,2,1,0
STU_2947,3.13,22,3,8,Below 10k,0,0,0,1,0,Transitional,4,2026,2,907,8000,3,1,1,1
STU_2948,2.83,21,0,5,10-15K,0,0,1,1,0,Transitional,3,2026,1,856,12500,3,0,2,0
STU_2949,3.33,20,1,11,Below 10k,0,0,0,1,0,Transitional,5,2026,2,925,8000,3,1,1,1
STU_2950,3.18,22,3,8,16-20K,1,0,2,1,1,Transitional,5,2026,2,917,18000,3,1,3,1
STU_2951,3.24,10,7,0,16-20K,0,0,2,1,0,Transitional,2,2026,1,823,18000,3,1,3,1
STU_2952,3.05,9,7,0,10-15K,0,0,1,1,0,Transitional,3,2026,1,861,12500,3,1,2,1
STU_2953,2.73,1,4,13,16-20K,0,0,2,1,0,Transitional,2,2026,1,824,18000,3,0,3,0
STU_2954,2.93,6,6,10,Below 10k,0,0,0,1,0,Transitional,5,2026,2,927,8000,3,0,1,0
STU_2955,3.24,10,2,6,Below 10k,0,0,0,1,0,Transitional,6,2026,2,965,8000,3,1,1,1
STU_2956,3.16,13,5,9,Below 10k,1,0,0,1,0,Transitional,3,2026,1,853,8000,3,1,1,1
STU_2957,3.38,0,7,0,10-15K,0,0,1,1,0,Transitional,6,2026,2,967,12500,3,1,2,1
STU_2958,3.46,12,6,3,Below 10k,0,0,0,1,0,Transitional,4,2026,2,882,8000,3,2,1,0
STU_2959,3.92,19,6,12,10-15K,1,0,1,2,1,Transitional,4,2026,2,902,12500,3,2,3,1
STU_2960,3.38,12,3,8,16-20K,0,0,2,1,0,Transitional,5,2026,2,924,18000,3,1,3,1
STU_2961,3.38,7,3,8,10-15K,1,0,1,1,0,Transitional,4,2026,2,895,12500,3,1,2,1
STU_2962,3.21,21,0,16,10-15K,1,0,1,1,0,Transitional,2,2026,1,833,12500,3,1,2,1
STU_2963,3.18,10,7,0,10-15K,0,0,1,1,0,Transitional,3,2026,1,852,12500,3,1,2,1
STU_2964,3.25,21,0,15,Below 10k,0,0,0,1,0,Transitional,2,2026,1,823,8000,3,1,1,1
STU_2965,3.28,6,6,14,16-20K,1,0,2,1,0,Transitional,3,2026,1,852,18000,3,1,3,1
STU_2966,2.55,10,7,0,10-15K,1,0,1,1,0,Transitional,4,2026,2,911,12500,3,0,2,0
STU_2967,3.15,11,5,9,Below 10k,0,0,0,1,0,Transitional,6,2026,2,958,8000,3,1,1,1
STU_2968,3.34,2,5,9,Below 10k,0,0,0,1,0,Transitional,6,2026,2,954,8000,3,1,1,1
STU_2969,3.15,19,6,14,16-20K,0,0,2,1,0,Transitional,5,2026,2,940,18000,3,1,3,1
STU_2970,3.31,17,2,6,Below 10k,0,0,0,1,0,Transitional,3,2026,1,879,8000,3,1,1,1
STU_2971,3.45,21,0,5,16-20K,0,0,2,1,0,Transitional,5,2026,2,912,18000,3,2,3,0
STU_2972,3.1,7,3,8,16-20K,0,0,2,1,1,Transitional,5,2026,2,912,18000,3,1,3,1
STU_2973,3.64,2,5,9,Below 10k,1,0,0,2,0,Transitional,3,2026,1,873,8000,3,2,2,1
STU_2974,3.57,6,6,14,16-20K,1,0,2,2,1,Transitional,5,2026,2,920,18000,3,2,4,1
STU_2975,3.24,5,3,8,16-20K,1,0,2,1,0,Transitional,2,2026,1,839,18000,3,1,3,1
STU_2976,3.32,15,6,10,16-20K,0,0,2,1,0,Transitional,5,2026,2,925,18000,3,1,3,1
STU_2977,3.44,21,0,5,Below 10k,1,0,0,1,0,Transitional,4,2026,2,887,8000,3,2,1,0
STU_2978,3.58,16,6,12,Below 10k,1,0,0,2,0,Transitional,5,2026,2,925,8000,3,2,2,1
STU_2979,3.42,1,4,13,10-15K,0,0,1,1,0,Transitional,2,2026,1,843,12500,3,2,2,0
STU_2980,3.49,3,2,6,10-15K,1,0,1,1,0,Transitional,3,2026,1,876,12500,3,2,2,0
STU_2981,3.43,8,7,0,Below 10k,0,0,0,1,0,Transitional,5,2026,2,913,8000,3,2,1,0
STU_2982,2.97,21,0,16,16-20K,1,0,2,1,0,Transitional,4,2026,2,908,18000,3,0,3,0
STU_2983,3.2,10,7,0,Below 10k,0,0,0,1,0,Transitional,4,2026,2,887,8000,3,1,1,1
STU_2984,2.96,11,5,9,16-20K,0,0,2,1,0,Transitional,4,2026,2,887,18000,3,0,3,0
STU_2985,3.17,13,0,5,10-15K,0,0,1,1,0,Transitional,5,2026,2,921,12500,3,1,2,1
STU_2986,2.72,19,6,1,16-20K,1,0,2,1,0,Transitional,4,2026,2,901,18000,3,0,3,0
STU_2987,3.47,12,3,8,Below 10k,1,0,0,1,0,Transitional,4,2026,2,886,8000,3,2,1,0
STU_2988,2.95,21,0,5,Below 10k,0,0,0,1,0,Transitional,5,2026,2,917,8000,3,0,1,0
STU_2989,2.4,10,2,6,16-20K,1,0,2,0,1,Transitional,6,2026,2,959,18000,3,0,2,1
STU_2990,3.3,1,4,13,16-20K,0,0,2,1,0,Transitional,3,2026,1,879,18000,3,1,3,1
STU_2991,3.44,13,0,5,Below 10k,0,0,0,1,0,Transitional,4,2026,2,888,8000,3,2,1,0
STU_2992,3.19,8,7,0,Below 10k,1,0,0,1,0,Transitional,6,2026,2,948,8000,3,1,1,1
STU_2993,3.41,5,1,11,10-15K,0,0,1,1,0,Transitional,2,2026,1,830,12500,3,2,2,0
STU_2994,3.29,5,0,15,Below 10k,0,0,0,1,1,Transitional,3,2026,1,871,8000,3,1,1,1
STU_2995,3.13,5,1,11,Below 10k,1,0,0,1,0,Transitional,4,2026,2,883,8000,3,1,1,1
STU_2996,3.12,14,4,13,Below 10k,0,0,0,1,0,Transitional,6,2026,2,966,8000,3,1,1,1
STU_2997,3.47,7,1,17,16-20K,1,0,2,1,1,Transitional,2,2026,1,827,18000,3,2,3,0
STU_2998,3.48,20,1,11,10-15K,1,0,1,1,0,Transitional,2,2026,1,823,12500,3,2,2,0
STU_2999,3.37,10,2,6,Below 10k,0,0,0,1,0,Transitional,2,2026,1,833,8000,3,1,1,1
STU_3000,3.4,10,2,6,Below 10k,0,0,0,1,0,Transitional,4,2026,2,909,8000,3,2,1,0
STU_3001,3.18,17,2,6,16-20K,1,0,2,1,1,Transitional,4,2026,2,904,18000,3,1,3,1
STU_3002,2.35,8,7,0,Below 10k,1,0,0,0,0,Transitional,5,2026,2,919,8000,3,0,0,1
STU_3003,3.12,11,5,9,10-15K,0,0,1,1,0,Transitional,3,2026,1,866,12500,3,1,2,1
STU_3004,3.25,5,3,8,10-15K,0,0,1,1,0,Transitional,6,2026,2,954,12500,3,1,2,1
STU_3005,3.39,10,2,6,Below 10k,0,0,0,1,0,Transitional,3,2026,1,866,8000,3,1,1,1
STU_3006,3.39,10,2,6,10-15K,0,0,1,1,0,Transitional,2,2026,1,841,12500,3,1,2,1
STU_3007,3.46,6,6,10,16-20K,0,0,2,1,0,Transitional,2,2026,1,848,18000,3,2,3,0
STU_3008,3.66,11,5,9,16-20K,1,0,2,2,1,Transitional,2,2026,1,825,18000,3,2,4,1
STU_3009,3.1,4,4,13,10-15K,0,0,1,1,0,Transitional,2,2026,1,831,12500,3,1,2,1
STU_3010,2.99,5,1,11,Below 10k,0,0,0,1,0,Transitional,5,2026,2,942,8000,3,0,1,0
STU_3011,3.37,15,6,14,Below 10k,1,0,0,1,0,Transitional,2,2026,1,823,8000,3,1,1,1
STU_3012,3.26,1,4,13,10-15K,0,0,1,1,0,Transitional,5,2026,2,923,12500,3,1,2,1
STU_3013,3.32,20,1,18,16-20K,1,0,2,1,0,Transitional,2,2026,1,834,18000,3,1,3,1
STU_3014,3.66,9,0,16,Below 10k,0,0,0,2,0,Transitional,6,2026,2,958,8000,3,2,2,1
STU_3015,3.2,22,3,8,16-20K,1,0,2,1,1,Transitional,3,2026,1,855,18000,3,1,3,1
STU_3016,3.7,5,0,2,10-15K,0,0,1,2,0,Transitional,6,2026,2,955,12500,3,2,3,1
STU_3017,3.19,10,7,0,Below 10k,1,0,0,1,0,Transitional,4,2026,2,904,8000,3,1,1,1
STU_3018,3.67,7,3,8,16-20K,1,0,2,2,1,Transitional,5,2026,2,929,18000,3,2,4,1
STU_3019,3.29,10,2,6,10-15K,1,0,1,1,0,Transitional,2,2026,1,840,12500,3,1,2,1
STU_3020,3.25,5,1,18,Below 10k,1,0,0,1,0,Transitional,5,2026,2,941,8000,3,1,1,1
STU_3021,3.49,22,3,8,10-15K,0,0,1,1,0,Transitional,3,2026,1,856,12500,3,2,2,0
STU_3022,3.09,19,6,14,Below 10k,1,0,0,1,0,Transitional,3,2026,1,858,8000,3,1,1,1
STU_3023,3.27,8,7,0,10-15K,1,0,1,1,1,Transitional,6,2026,2,966,12500,3,1,2,1
STU_3024,2.72,9,0,5,Below 10k,0,0,0,1,0,Transitional,3,2026,1,859,8000,3,0,1,0
STU_3025,3.17,16,4,13,Below 10k,1,0,0,1,0,Transitional,2,2026,1,850,8000,3,1,1,1
STU_3026,3.19,11,5,9,Below 10k,0,0,0,1,0,Transitional,6,2026,2,967,8000,3,1,1,1
STU_3027,3.4,11,5,9,Below 10k,1,0,0,1,0,Transitional,4,2026,2,892,8000,3,2,1,0
STU_3028,2.96,11,5,9,16-20K,0,0,2,1,1,Transitional,6,2026,2,964,18000,3,0,3,0
STU_3029,3.31,14,4,13,10-15K,0,0,1,1,0,Transitional,4,2026,2,897,12500,3,1,2,1
STU_3030,3.84,1,4,13,Below 10k,0,0,0,2,0,Transitional,5,2026,2,924,8000,3,2,2,1
STU_3031,3.14,13,5,9,10-15K,1,0,1,1,0,Transitional,2,2026,1,841,12500,3,1,2,1
STU_3032,3.26,13,0,4,10-15K,0,0,1,1,0,Transitional,5,2026,2,941,12500,3,1,2,1
STU_3033,2.76,21,0,5,Below 10k,0,0,0,1,1,Transitional,4,2026,2,897,8000,3,0,1,0
STU_3034,3.41,0,7,0,16-20K,0,0,2,1,0,Transitional,4,2026,2,895,18000,3,2,3,0
STU_3035,3.42,5,0,2,10-15K,0,0,1,1,0,Transitional,4,2026,2,882,12500,3,2,2,0
STU_3036,3.37,14,4,13,Below 10k,1,0,0,1,0,Transitional,2,2026,1,836,8000,3,1,1,1
STU_3037,3.43,0,7,0,10-15K,1,0,1,1,0,Transitional,6,2026,2,967,12500,3,2,2,0
STU_3038,3.19,0,7,0,10-15K,0,0,1,1,0,Transitional,3,2026,1,865,12500,3,1,2,1
STU_3039,2.51,20,1,17,Below 10k,0,0,0,1,0,Transitional,4,2026,2,888,8000,3,0,1,0
STU_3040,3.54,5,0,2,Below 10k,0,0,0,2,0,Transitional,4,2026,2,910,8000,3,2,2,1
STU_3041,3.25,13,5,9,16-20K,1,0,2,1,1,Transitional,3,2026,1,868,18000,3,1,3,1
STU_3042,3.73,6,1,11,16-20K,0,0,2,2,0,Transitional,5,2026,2,921,18000,3,2,4,1
STU_3043,3.2,6,6,14,Below 10k,0,0,0,1,0,Transitional,3,2026,1,879,8000,3,1,1,1
STU_3044,2.73,17,2,6,Below 10k,0,0,0,1,0,Transitional,3,2026,1,877,8000,3,0,1,0
STU_3045,3.81,16,4,13,Below 10k,1,0,0,2,0,Transitional,6,2026,2,967,8000,3,2,2,1
STU_3046,3.01,0,1,18,Below 10k,1,0,0,1,0,Transitional,2,2026,1,833,8000,3,1,1,1
STU_3047,2.75,12,6,12,Below 10k,1,0,0,1,0,Transitional,6,2026,2,949,8000,3,0,1,0
STU_3048,3.67,7,3,8,Below 10k,0,0,0,2,0,Transitional,5,2026,2,922,8000,3,2,2,1
STU_3049,3.11,20,1,18,16-20K,0,0,2,1,0,Transitional,6,2026,2,943,18000,3,1,3,1
STU_3050,3.22,5,1,18,Below 10k,0,0,0,1,0,Transitional,6,2026,2,959,8000,3,1,1,1
STU_3051,2.65,3,2,6,16-20K,0,0,2,1,0,Transitional,4,2026,2,896,18000,3,0,3,0
STU_3052,3.48,9,2,6,Below 10k,1,0,0,1,0,Transitional,2,2026,1,832,8000,3,2,1,0
STU_3053,3.33,6,1,11,10-15K,1,0,1,1,0,Transitional,5,2026,2,925,12500,3,1,2,1
STU_3054,3.22,0,7,0,10-15K,0,0,1,1,0,Transitional,6,2026,2,944,12500,3,1,2,1
STU_3055,3.18,0,1,11,10-15K,0,0,1,1,0,Transitional,4,2026,2,898,12500,3,1,2,1
STU_3056,3.18,2,5,9,16-20K,0,0,2,1,0,Transitional,4,2026,2,889,18000,3,1,3,1
STU_3057,3.19,4,4,13,Below 10k,0,0,0,1,0,Transitional,6,2026,2,969,8000,3,1,1,1
STU_3058,3.45,16,4,13,10-15K,1,0,1,1,1,Transitional,3,2026,1,857,12500,3,2,2,0
STU_3059,3.39,11,5,9,10-15K,0,0,1,1,0,Transitional,3,2026,1,866,12500,3,1,2,1
STU_3060,3.11,7,7,0,16-20K,0,0,2,1,0,Transitional,3,2026,1,868,18000,3,1,3,1
STU_3061,3.91,0,7,0,Below 10k,0,0,0,2,0,Transitional,2,2026,1,826,8000,3,2,2,1
STU_3062,3.81,2,5,9,16-20K,1,0,2,2,0,Transitional,3,2026,1,867,18000,3,2,4,1
STU_3063,3.46,5,0,4,10-15K,0,0,1,1,0,Transitional,4,2026,2,911,12500,3,2,2,0
STU_3064,3.17,5,0,15,16-20K,0,0,2,1,0,Transitional,5,2026,2,935,18000,3,1,3,1
STU_3065,2.54,13,0,15,16-20K,1,0,2,1,1,Transitional,6,2026,2,972,18000,3,0,3,0
STU_3066,3.93,4,4,13,10-15K,1,0,1,2,0,Transitional,6,2026,2,970,12500,3,2,3,1
STU_3067,3.25,7,7,0,10-15K,0,0,1,1,0,Transitional,6,2026,2,943,12500,3,1,2,1
STU_3068,3.28,6,6,1,16-20K,1,0,2,1,1,Transitional,3,2026,1,863,18000,3,1,3,1
STU_3069,2.81,17,2,6,16-20K,0,0,2,1,0,Transitional,3,2026,1,868,18000,3,0,3,0
STU_3070,3.23,7,7,0,10-15K,1,0,1,1,0,Transitional,2,2026,1,830,12500,3,1,2,1
STU_3071,3.05,7,7,0,Below 10k,0,0,0,1,0,Transitional,2,2026,1,846,8000,3,1,1,1
STU_3072,3.22,16,4,13,16-20K,0,0,2,1,0,Transitional,3,2026,1,880,18000,3,1,3,1
STU_3073,3.47,14,4,13,10-15K,0,0,1,1,0,Transitional,6,2026,2,956,12500,3,2,2,0
STU_3074,3.21,9,2,6,10-15K,1,0,1,1,1,Transitional,5,2026,2,938,12500,3,1,2,1
STU_3075,3.14,13,5,9,16-20K,0,0,2,1,1,Transitional,5,2026,2,941,18000,3,1,3,1
STU_3076,3.41,22,3,8,10-15K,1,0,1,1,0,Transitional,4,2026,2,888,12500,3,2,2,0
STU_3077,3.92,21,0,5,16-20K,0,0,2,2,0,Transitional,6,2026,2,971,18000,3,2,4,1
STU_3078,3.04,7,7,0,Below 10k,1,0,0,1,0,Transitional,6,2026,2,970,8000,3,1,1,1
STU_3079,3.22,4,4,13,Below 10k,1,0,0,1,0,Transitional,4,2026,2,887,8000,3,1,1,1
STU_3080,3.38,7,3,8,10-15K,1,0,1,1,1,Transitional,2,2026,1,829,12500,3,1,2,1
STU_3081,3.3,3,2,6,Below 10k,1,0,0,1,0,Transitional,3,2026,1,863,8000,3,1,1,1
STU_3082,3.23,17,2,6,16-20K,1,0,2,1,1,Transitional,2,2026,1,845,18000,3,1,3,1
STU_3083,2.64,10,7,0,10-15K,1,0,1,1,0,Transitional,6,2026,2,947,12500,3,0,2,0
STU_3084,3.32,13,5,9,16-20K,0,0,2,1,0,Transitional,2,2026,1,835,18000,3,1,3,1
STU_3085,3.28,2,5,9,Below 10k,0,0,0,1,0,Transitional,3,2026,1,873,8000,3,1,1,1
STU_3086,3.36,18,0,15,Below 10k,1,0,0,1,0,Transitional,5,2026,2,926,8000,3,1,1,1
STU_3087,3.43,18,0,15,16-20K,1,0,2,1,1,Transitional,2,2026,1,828,18000,3,2,3,0
STU_3088,3.37,3,2,6,16-20K,0,0,2,1,0,Transitional,5,2026,2,917,18000,3,1,3,1
STU_3089,2.88,12,6,12,16-20K,1,0,2,1,1,Transitional,4,2026,2,911,18000,3,0,3,0
STU_3090,3.41,16,4,13,16-20K,1,0,2,1,0,Transitional,6,2026,2,959,18000,3,2,3,0
STU_3091,3.16,13,0,4,10-15K,1,0,1,1,0,Transitional,2,2026,1,834,12500,3,1,2,1
STU_3092,2.67,11,5,9,Below 10k,0,0,0,1,0,Transitional,5,2026,2,940,8000,3,0,1,0
STU_3093,2.5,3,2,6,Below 10k,1,0,0,1,0,Transitional,3,2026,1,867,8000,3,0,1,0
STU_3094,3.35,10,2,6,10-15K,0,0,1,1,0,Transitional,4,2026,2,898,12500,3,1,2,1
STU_3095,3.33,21,0,16,16-20K,0,0,2,1,0,Transitional,6,2026,2,963,18000,3,1,3,1
STU_3096,3.12,14,4,13,10-15K,0,0,1,1,1,Transitional,5,2026,2,937,12500,3,1,2,1
STU_3097,3.22,7,3,8,Below 10k,1,0,0,1,0,Transitional,5,2026,2,913,8000,3,1,1,1
STU_3098,3.16,4,4,13,10-15K,1,0,1,1,0,Transitional,3,2026,1,854,12500,3,1,2,1
STU_3099,2.76,18,0,5,Below 10k,0,0,0,1,0,Transitional,2,2026,1,833,8000,3,0,1,0
STU_3100,3.27,2,5,9,16-20K,0,0,2,1,0,Transitional,4,2026,2,890,18000,3,1,3,1
STU_3101,2.74,10,7,0,10-15K,1,0,1,1,0,Transitional,6,2026,2,963,12500,3,0,2,0
STU_3102,3.39,1,4,13,10-15K,1,0,1,1,0,Transitional,5,2026,2,928,12500,3,1,2,1
STU_3103,2.99,5,0,16,10-15K,1,0,1,1,0,Transitional,2,2026,1,827,12500,3,0,2,0
STU_3104,3.23,9,2,6,Below 10k,0,0,0,1,0,Transitional,5,2026,2,938,8000,3,1,1,1
STU_3105,3.33,6,1,17,16-20K,0,0,2,1,0,Transitional,5,2026,2,932,18000,3,1,3,1
STU_3106,3.25,20,1,18,10-15K,1,0,1,1,0,Transitional,6,2026,2,960,12500,3,1,2,1
STU_3107,3.44,13,0,15,10-15K,0,0,1,1,0,Transitional,2,2026,1,839,12500,3,2,2,0
STU_3108,3.23,7,3,8,Below 10k,0,0,0,1,0,Transitional,5,2026,2,922,8000,3,1,1,1
STU_3109,2.97,9,0,16,16-20K,0,0,2,1,0,Transitional,5,2026,2,934,18000,3,0,3,0
STU_3110,3.73,12,3,8,16-20K,0,0,2,2,0,Transitional,6,2026,2,969,18000,3,2,4,1
STU_3111,3.36,7,7,0,16-20K,1,0,2,1,1,Transitional,4,2026,2,891,18000,3,1,3,1
STU_3112,3.39,10,2,6,Below 10k,0,0,0,1,0,Transitional,3,2026,1,861,8000,3,1,1,1
STU_3113,3.41,2,5,9,10-15K,1,0,1,1,0,Transitional,4,2026,2,882,12500,3,2,2,0
STU_3114,3.2,9,0,5,16-20K,0,0,2,1,0,Transitional,4,2026,2,883,18000,3,1,3,1
STU_3115,3.38,13,5,9,16-20K,1,0,2,1,1,Transitional,2,2026,1,850,18000,3,1,3,1
STU_3116,3.22,5,3,8,10-15K,0,0,1,1,0,Transitional,2,2026,1,848,12500,3,1,2,1
STU_3117,3.4,2,5,9,16-20K,1,0,2,1,1,Transitional,5,2026,2,931,18000,3,2,3,0
STU_3118,3.39,4,4,13,Below 10k,1,0,0,1,0,Transitional,4,2026,2,901,8000,3,1,1,1
STU_3119,3.85,9,2,6,Below 10k,1,0,0,2,0,Transitional,3,2026,1,880,8000,3,2,2,1
STU_3120,3.34,13,5,9,16-20K,1,0,2,1,0,Transitional,2,2026,1,829,18000,3,1,3,1
STU_3121,2.51,6,1,11,16-20K,1,0,2,1,1,Transitional,2,2026,1,823,18000,3,0,3,0
STU_3122,3.2,12,6,14,10-15K,0,0,1,1,0,Transitional,5,2026,2,929,12500,3,1,2,1
STU_3123,3.95,16,6,10,Below 10k,1,0,0,2,0,Transitional,3,2026,1,851,8000,3,2,2,1
STU_3124,2.72,5,1,17,10-15K,1,0,1,1,1,Transitional,6,2026,2,961,12500,3,0,2,0
STU_3125,3.19,20,1,18,10-15K,0,0,1,1,0,Transitional,5,2026,2,933,12500,3,1,2,1
STU_3126,3.26,4,4,13,16-20K,1,0,2,1,1,Transitional,4,2026,2,893,18000,3,1,3,1
STU_3127,3.22,15,6,3,16-20K,1,0,2,1,0,Transitional,4,2026,2,907,18000,3,1,3,1
STU_3128,3.41,9,2,6,16-20K,1,0,2,1,1,Transitional,3,2026,1,875,18000,3,2,3,0
STU_3129,3.41,10,7,0,16-20K,1,0,2,1,0,Transitional,3,2026,1,870,18000,3,2,3,0
STU_3130,3.12,7,7,0,Below 10k,1,0,0,1,0,Transitional,4,2026,2,883,8000,3,1,1,1
STU_3131,3.27,18,0,2,Below 10k,1,0,0,1,0,Transitional,4,2026,2,892,8000,3,1,1,1
STU_3132,2.9,5,3,8,Below 10k,1,0,0,1,0,Transitional,5,2026,2,916,8000,3,0,1,0
STU_3133,3.31,20,1,11,10-15K,0,0,1,1,0,Transitional,5,2026,2,916,12500,3,1,2,1
STU_3134,3.24,14,4,13,10-15K,0,0,1,1,0,Transitional,3,2026,1,854,12500,3,1,2,1
STU_3135,3.31,16,4,13,10-15K,0,0,1,1,0,Transitional,3,2026,1,860,12500,3,1,2,1
STU_3136,3.2,7,7,0,16-20K,0,0,2,1,0,Transitional,6,2026,2,944,18000,3,1,3,1
STU_3137,3.12,10,2,6,16-20K,1,0,2,1,0,Transitional,4,2026,2,906,18000,3,1,3,1
STU_3138,3.37,6,1,11,10-15K,0,0,1,1,0,Transitional,5,2026,2,920,12500,3,1,2,1
STU_3139,3.2,5,1,18,Below 10k,0,0,0,1,0,Transitional,3,2026,1,872,8000,3,1,1,1
STU_3140,3.23,10,2,6,16-20K,1,0,2,1,0,Transitional,6,2026,2,959,18000,3,1,3,1
STU_3141,3.19,17,2,6,10-15K,0,0,1,1,0,Transitional,2,2026,1,832,12500,3,1,2,1
STU_3142,3.43,21,0,15,10-15K,1,0,1,1,0,Transitional,5,2026,2,941,12500,3,2,2,0
STU_3143,3.15,3,2,6,Below 10k,0,0,0,1,0,Transitional,3,2026,1,876,8000,3,1,1,1
STU_3144,3.28,10,2,6,16-20K,1,0,2,1,0,Transitional,6,2026,2,969,18000,3,1,3,1
STU_3145,3.7,15,6,1,Below 10k,1,0,0,2,0,Transitional,4,2026,2,884,8000,3,2,2,1
STU_3146,2.41,2,5,9,16-20K,0,0,2,0,0,Transitional,2,2026,1,827,18000,3,0,2,1
STU_3147,3.39,17,2,6,16-20K,1,0,2,1,1,Transitional,2,2026,1,838,18000,3,1,3,1
STU_3148,2.74,4,4,13,Below 10k,1,0,0,1,0,Transitional,3,2026,1,857,8000,3,0,1,0
STU_3149,3.21,5,3,8,16-20K,1,0,2,1,1,Transitional,2,2026,1,834,18000,3,1,3,1
STU_3150,3.2,3,2,6,Below 10k,1,0,0,1,0,Transitional,6,2026,2,958,8000,3,1,1,1
STU_3151,3.18,14,4,13,Below 10k,1,0,0,1,0,Transitional,2,2026,1,840,8000,3,1,1,1
STU_3152,3.2,20,1,17,Below 10k,1,0,0,1,0,Transitional,4,2026,2,883,8000,3,1,1,1
STU_3153,3.26,14,4,13,16-20K,1,0,2,1,0,Transitional,3,2026,1,881,18000,3,1,3,1
STU_3154,3.22,5,1,18,Below 10k,0,0,0,1,0,Transitional,2,2026,1,839,8000,3,1,1,1
STU_3155,3.4,16,6,12,10-15K,1,0,1,1,0,Transitional,2,2026,1,825,12500,3,2,2,0
STU_3156,3.14,9,0,5,10-15K,1,0,1,1,1,Transitional,4,2026,2,887,12500,3,1,2,1
STU_3157,3.01,16,6,10,16-20K,0,0,2,1,1,Transitional,2,2026,1,833,18000,3,1,3,1
STU_3158,3.22,13,5,9,16-20K,1,0,2,1,0,Transitional,3,2026,1,861,18000,3,1,3,1
STU_3159,3.39,7,1,17,10-15K,1,0,1,1,0,Transitional,3,2026,1,856,12500,3,1,2,1
STU_3160,3.25,15,6,10,16-20K,1,0,2,1,0,Transitional,6,2026,2,946,18000,3,1,3,1
STU_3161,3.68,19,6,12,Below 10k,1,0,0,2,0,Transitional,5,2026,2,914,8000,3,2,2,1
STU_3162,3.47,1,4,13,Below 10k,0,0,0,1,0,Transitional,5,2026,2,925,8000,3,2,1,0
STU_3163,3.35,12,6,3,Below 10k,1,0,0,1,0,Transitional,6,2026,2,960,8000,3,1,1,1
STU_3164,2.86,18,0,15,16-20K,0,0,2,1,0,Transitional,2,2026,1,828,18000,3,0,3,0
STU_3165,3.2,3,2,6,10-15K,0,0,1,1,0,Transitional,6,2026,2,964,12500,3,1,2,1
STU_3166,3.13,20,1,18,16-20K,0,0,2,1,0,Transitional,5,2026,2,933,18000,3,1,3,1
STU_3167,3.26,22,3,8,Below 10k,1,0,0,1,0,Transitional,5,2026,2,942,8000,3,1,1,1
STU_3168,3.32,0,7,0,16-20K,1,0,2,1,0,Transitional,6,2026,2,965,18000,3,1,3,1
STU_3169,3.23,1,4,13,16-20K,1,0,2,1,0,Transitional,2,2026,1,840,18000,3,1,3,1
STU_3170,3.22,7,1,17,Below 10k,0,0,0,1,0,Transitional,4,2026,2,891,8000,3,1,1,1
STU_3171,2.79,10,2,6,16-20K,0,0,2,1,0,Transitional,6,2026,2,972,18000,3,0,3,0
STU_3172,3.11,11,5,9,10-15K,0,0,1,1,0,Transitional,4,2026,2,887,12500,3,1,2,1
STU_3173,3.2,6,1,18,Below 10k,1,0,0,1,0,Transitional,2,2026,1,827,8000,3,1,1,1
STU_3174,3.31,6,6,12,10-15K,1,0,1,1,0,Transitional,3,2026,1,876,12500,3,1,2,1
STU_3175,2.84,9,2,6,16-20K,0,0,2,1,1,Transitional,4,2026,2,885,18000,3,0,3,0
STU_3176,2.81,5,1,18,10-15K,0,0,1,1,0,Transitional,5,2026,2,928,12500,3,0,2,0
STU_3177,2.16,11,5,9,Below 10k,1,0,0,0,0,Transitional,3,2026,1,879,8000,3,0,0,1
STU_3178,3.11,0,7,0,Below 10k,0,0,0,1,0,Transitional,3,2026,1,851,8000,3,1,1,1
STU_3179,3.41,7,3,8,Below 10k,0,0,0,1,0,Transitional,3,2026,1,861,8000,3,2,1,0
STU_3180,3.4,17,2,6,10-15K,1,0,1,1,0,Transitional,5,2026,2,934,12500,3,2,2,0
STU_3181,3.42,12,6,12,Below 10k,1,0,0,1,0,Transitional,3,2026,1,859,8000,3,2,1,0
STU_3182,3.4,13,5,9,10-15K,0,0,1,1,0,Transitional,6,2026,2,961,12500,3,2,2,0
STU_3183,2.61,3,2,6,16-20K,0,0,2,1,0,Transitional,6,2026,2,957,18000,3,0,3,0
STU_3184,3.36,4,4,13,Below 10k,0,0,0,1,0,Transitional,6,2026,2,949,8000,3,1,1,1
STU_3185,3.14,4,4,13,16-20K,1,0,2,1,0,Transitional,5,2026,2,920,18000,3,1,3,1
STU_3186,3.12,0,1,18,16-20K,1,0,2,1,0,Transitional,5,2026,2,921,18000,3,1,3,1
STU_3187,2.27,10,2,6,Below 10k,0,0,0,0,0,Transitional,4,2026,2,884,8000,3,0,0,1
STU_3188,3.31,21,0,16,16-20K,0,0,2,1,0,Transitional,5,2026,2,929,18000,3,1,3,1
STU_3189,3.52,21,0,4,16-20K,1,0,2,2,1,Transitional,5,2026,2,921,18000,3,2,4,1
STU_3190,2.53,10,7,0,16-20K,1,0,2,1,0,Transitional,2,2026,1,837,18000,3,0,3,0
STU_3191,3.29,17,2,6,10-15K,1,0,1,1,0,Transitional,3,2026,1,853,12500,3,1,2,1
STU_3192,3.72,16,4,13,Below 10k,0,0,0,2,0,Transitional,2,2026,1,843,8000,3,2,2,1
STU_3193,3.49,11,5,9,10-15K,1,0,1,1,1,Transitional,5,2026,2,935,12500,3,2,2,0
STU_3194,2.91,1,4,13,Below 10k,0,0,0,1,0,Transitional,2,2026,1,834,8000,3,0,1,0
STU_3195,2.74,1,4,13,Below 10k,0,0,0,1,0,Transitional,6,2026,2,958,8000,3,0,1,0
STU_3196,2.73,14,4,13,Below 10k,0,0,0,1,1,Transitional,6,2026,2,965,8000,3,0,1,0
STU_3197,3.12,10,2,6,16-20K,1,0,2,1,0,Transitional,4,2026,2,911,18000,3,1,3,1
STU_3198,3.77,16,4,13,10-15K,1,0,1,2,0,Transitional,2,2026,1,832,12500,3,2,3,1
STU_3199,3.15,9,2,6,10-15K,1,0,1,1,1,Transitional,3,2026,1,881,12500,3,1,2,1
STU_3200,3.39,4,4,13,10-15K,1,0,1,1,0,Transitional,4,2026,2,885,12500,3,1,2,1
STU_3201,2.6,21,0,15,Below 10k,1,0,0,1,0,Transitional,2,2026,1,829,8000,3,0,1,0
STU_3202,3.43,21,0,16,Below 10k,0,0,0,1,1,Transitional,2,2026,1,837,8000,3,2,1,0
STU_3203,3.13,9,7,0,10-15K,0,0,1,1,0,Transitional,3,2026,1,878,12500,3,1,2,1
STU_3204,3.05,0,1,18,10-15K,1,0,1,1,0,Transitional,2,2026,1,823,12500,3,1,2,1
STU_3205,2.86,2,5,9,10-15K,1,0,1,1,0,Transitional,2,2026,1,828,12500,3,0,2,0
STU_3206,2.77,18,0,5,10-15K,1,0,1,1,1,Transitional,4,2026,2,910,12500,3,0,2,0
STU_3207,3.16,10,2,6,10-15K,0,0,1,1,0,Transitional,4,2026,2,895,12500,3,1,2,1
STU_3208,2.22,16,4,13,Below 10k,0,0,0,0,0,Transitional,2,2026,1,839,8000,3,0,0,1
STU_3209,3.17,6,6,1,Below 10k,1,0,0,1,0,Transitional,6,2026,2,950,8000,3,1,1,1
STU_3210,3.24,5,3,8,16-20K,1,0,2,1,1,Transitional,2,2026,1,840,18000,3,1,3,1
STU_3211,3.15,0,1,11,Below 10k,1,0,0,1,0,Transitional,6,2026,2,953,8000,3,1,1,1
STU_3212,3.29,13,5,9,16-20K,1,0,2,1,1,Transitional,3,2026,1,878,18000,3,1,3,1
STU_3213,3.27,5,1,18,10-15K,1,0,1,1,0,Transitional,2,2026,1,847,12500,3,1,2,1
STU_3214,3.32,5,1,18,10-15K,0,0,1,1,0,Transitional,5,2026,2,913,12500,3,1,2,1
STU_3215,3.22,7,1,18,Below 10k,1,0,0,1,0,Transitional,2,2026,1,832,8000,3,1,1,1
STU_3216,3.28,16,4,13,Below 10k,0,0,0,1,0,Transitional,4,2026,2,897,8000,3,1,1,1
STU_3217,3.25,18,0,5,16-20K,0,0,2,1,0,Transitional,4,2026,2,896,18000,3,1,3,1
STU_3218,3.41,7,1,17,10-15K,0,0,1,1,0,Transitional,5,2026,2,923,12500,3,2,2,0
STU_3219,2.64,6,1,11,16-20K,0,0,2,1,0,Transitional,6,2026,2,958,18000,3,0,3,0
STU_3220,3.11,5,0,5,16-20K,1,0,2,1,0,Transitional,5,2026,2,919,18000,3,1,3,1
STU_3221,3.43,2,5,9,16-20K,1,0,2,1,1,Transitional,6,2026,2,958,18000,3,2,3,0
STU_3222,3.12,22,3,8,10-15K,1,0,1,1,1,Transitional,3,2026,1,859,12500,3,1,2,1
STU_3223,3.18,21,0,4,16-20K,1,0,2,1,0,Transitional,6,2026,2,962,18000,3,1,3,1
STU_3224,2.82,2,5,9,10-15K,0,0,1,1,0,Transitional,6,2026,2,967,12500,3,0,2,0
STU_3225,3.21,9,0,5,Below 10k,0,0,0,1,0,Transitional,2,2026,1,846,8000,3,1,1,1
STU_3226,3.62,16,6,3,16-20K,1,0,2,2,1,Transitional,2,2026,1,828,18000,3,2,4,1
STU_3227,2.65,5,0,5,Below 10k,0,0,0,1,0,Transitional,4,2026,2,907,8000,3,0,1,0
STU_3228,3.59,7,3,8,16-20K,1,0,2,2,1,Transitional,2,2026,1,828,18000,3,2,4,1
STU_3229,3.17,10,2,6,10-15K,0,0,1,1,0,Transitional,6,2026,2,956,12500,3,1,2,1
STU_3230,3.1,2,5,9,16-20K,1,0,2,1,1,Transitional,3,2026,1,859,18000,3,1,3,1
STU_3231,3.86,0,1,11,16-20K,1,0,2,2,1,Transitional,5,2026,2,929,18000,3,2,4,1
STU_3232,3.24,21,0,5,Below 10k,0,0,0,1,0,Transitional,4,2026,2,896,8000,3,1,1,1
STU_3233,2.65,2,5,9,16-20K,1,0,2,1,1,Transitional,3,2026,1,876,18000,3,0,3,0
STU_3234,3.21,1,4,13,16-20K,0,0,2,1,0,Transitional,6,2026,2,961,18000,3,1,3,1
STU_3235,3.3,12,6,14,Below 10k,0,0,0,1,0,Transitional,4,2026,2,911,8000,3,1,1,1
STU_3236,3.33,4,4,13,16-20K,1,0,2,1,0,Transitional,5,2026,2,940,18000,3,1,3,1
STU_3237,3.32,5,3,8,10-15K,0,0,1,1,0,Transitional,3,2026,1,859,12500,3,1,2,1
STU_3238,3.4,3,2,6,16-20K,0,0,2,1,1,Transitional,3,2026,1,856,18000,3,2,3,0
STU_3239,2.85,10,2,6,16-20K,1,0,2,1,1,Transitional,3,2026,1,863,18000,3,0,3,0
STU_3240,3.69,4,4,13,10-15K,1,0,1,2,0,Transitional,5,2026,2,926,12500,3,2,3,1
STU_3241,3.38,6,1,17,Below 10k,0,0,0,1,1,Transitional,2,2026,1,831,8000,3,1,1,1
STU_3242,3.43,13,5,9,16-20K,1,0,2,1,1,Transitional,2,2026,1,850,18000,3,2,3,0
STU_3243,3.17,9,0,4,16-20K,0,0,2,1,0,Transitional,3,2026,1,854,18000,3,1,3,1
STU_3244,3.15,14,4,13,10-15K,1,0,1,1,1,Transitional,2,2026,1,850,12500,3,1,2,1
STU_3245,3.38,15,6,14,16-20K,0,0,2,1,0,Transitional,6,2026,2,962,18000,3,1,3,1
STU_3246,3.51,0,1,11,10-15K,1,0,1,2,0,Transitional,6,2026,2,952,12500,3,2,3,1
STU_3247,2.69,16,6,14,10-15K,1,0,1,1,0,Transitional,4,2026,2,901,12500,3,0,2,0
STU_3248,3.34,10,2,6,Below 10k,1,0,0,1,0,Transitional,5,2026,2,938,8000,3,1,1,1
STU_3249,3.18,19,6,14,Below 10k,0,0,0,1,0,Transitional,5,2026,2,940,8000,3,1,1,1
STU_3250,3.13,7,1,11,10-15K,0,0,1,1,0,Transitional,6,2026,2,946,12500,3,1,2,1
STU_3251,3.44,14,4,13,16-20K,0,0,2,1,0,Transitional,2,2026,1,850,18000,3,2,3,0
STU_3252,3.13,16,4,13,16-20K,0,0,2,1,0,Transitional,4,2026,2,898,18000,3,1,3,1
STU_3253,2.79,9,7,0,Below 10k,1,0,0,1,0,Transitional,5,2026,2,918,8000,3,0,1,0
STU_3254,2.74,5,3,8,10-15K,1,0,1,1,0,Transitional,2,2026,1,833,12500,3,0,2,0
STU_3255,3.43,5,0,4,10-15K,1,0,1,1,1,Transitional,2,2026,1,840,12500,3,2,2,0
STU_3256,3.23,19,6,1,16-20K,1,0,2,1,1,Transitional,6,2026,2,954,18000,3,1,3,1
STU_3257,3.82,12,3,8,10-15K,1,0,1,2,0,Transitional,5,2026,2,938,12500,3,2,3,1
STU_3258,2.68,19,6,3,Below 10k,0,0,0,1,0,Transitional,2,2026,1,823,8000,3,0,1,0
STU_3259,2.9,9,0,5,10-15K,0,0,1,1,0,Transitional,2,2026,1,837,12500,3,0,2,0
STU_3260,3.35,0,1,17,16-20K,1,0,2,1,1,Transitional,3,2026,1,879,18000,3,1,3,1
STU_3261,3.39,3,2,6,10-15K,1,0,1,1,0,Transitional,4,2026,2,900,12500,3,1,2,1
STU_3262,3.36,5,0,2,10-15K,0,0,1,1,0,Transitional,4,2026,2,903,12500,3,1,2,1
STU_3263,3.19,9,2,6,16-20K,0,0,2,1,0,Transitional,3,2026,1,879,18000,3,1,3,1
STU_3264,2.53,13,5,9,16-20K,1,0,2,1,1,Transitional,3,2026,1,862,18000,3,0,3,0
STU_3265,3.37,3,2,6,Below 10k,0,0,0,1,0,Transitional,3,2026,1,862,8000,3,1,1,1
STU_3266,3.23,17,2,6,16-20K,1,0,2,1,0,Transitional,6,2026,2,963,18000,3,1,3,1
STU_3267,3.17,7,7,0,16-20K,1,0,2,1,1,Transitional,4,2026,2,884,18000,3,1,3,1
STU_3268,3.29,16,6,14,16-20K,0,0,2,1,0,Transitional,5,2026,2,942,18000,3,1,3,1
STU_3269,3.3,9,2,6,Below 10k,1,0,0,1,0,Transitional,2,2026,1,844,8000,3,1,1,1
STU_3270,3.4,16,6,12,16-20K,1,0,2,1,1,Transitional,6,2026,2,960,18000,3,2,3,0
STU_3271,3.16,10,2,6,Below 10k,0,0,0,1,0,Transitional,4,2026,2,894,8000,3,1,1,1
STU_3272,2.73,14,4,13,Below 10k,1,0,0,1,0,Transitional,2,2026,1,831,8000,3,0,1,0
STU_3273,2.35,13,5,9,Below 10k,0,0,0,0,0,Transitional,5,2026,2,917,8000,3,0,0,1
STU_3274,3.36,13,0,2,16-20K,1,0,2,1,1,Transitional,4,2026,2,888,18000,3,1,3,1
STU_3275,3.35,7,3,8,10-15K,0,0,1,1,0,Transitional,6,2026,2,959,12500,3,1,2,1
STU_3276,2.94,0,7,0,16-20K,1,0,2,1,1,Transitional,5,2026,2,939,18000,3,0,3,0
STU_3277,3.24,3,2,6,Below 10k,1,0,0,1,0,Transitional,6,2026,2,966,8000,3,1,1,1
STU_3278,3.15,1,4,13,16-20K,0,0,2,1,0,Transitional,3,2026,1,875,18000,3,1,3,1
STU_3279,3.24,8,7,0,Below 10k,1,0,0,1,0,Transitional,3,2026,1,860,8000,3,1,1,1
STU_3280,3.27,18,0,15,16-20K,0,0,2,1,0,Transitional,3,2026,1,856,18000,3,1,3,1
STU_3281,3.3,9,2,6,10-15K,1,0,1,1,1,Transitional,6,2026,2,966,12500,3,1,2,1
STU_3282,3.7,21,0,5,Below 10k,1,0,0,2,0,Transitional,2,2026,1,833,8000,3,2,2,1
STU_3283,3.35,17,2,6,16-20K,0,0,2,1,0,Transitional,3,2026,1,860,18000,3,1,3,1
STU_3284,3.26,16,6,10,10-15K,1,0,1,1,1,Transitional,3,2026,1,859,12500,3,1,2,1
STU_3285,2.87,17,2,6,Below 10k,1,0,0,1,0,Transitional,6,2026,2,945,8000,3,0,1,0
STU_3286,3.46,16,4,13,16-20K,0,0,2,1,0,Transitional,6,2026,2,960,18000,3,2,3,0
STU_3287,2.52,12,6,10,16-20K,1,0,2,1,0,Transitional,2,2026,1,830,18000,3,0,3,0
STU_3288,3.24,9,2,6,16-20K,0,0,2,1,0,Transitional,4,2026,2,908,18000,3,1,3,1
STU_3289,3.38,15,6,3,10-15K,0,0,1,1,0,Transitional,3,2026,1,862,12500,3,1,2,1
STU_3290,3.43,10,2,6,16-20K,1,0,2,1,0,Transitional,6,2026,2,961,18000,3,2,3,0
STU_3291,3.3,12,6,14,Below 10k,0,0,0,1,0,Transitional,4,2026,2,893,8000,3,1,1,1
STU_3292,2.87,10,2,6,16-20K,0,0,2,1,0,Transitional,4,2026,2,888,18000,3,0,3,0
STU_3293,3.19,16,4,13,16-20K,1,0,2,1,1,Transitional,6,2026,2,971,18000,3,1,3,1
STU_3294,3.2,12,6,10,10-15K,0,0,1,1,0,Transitional,2,2026,1,850,12500,3,1,2,1
STU_3295,3.35,5,1,17,Below 10k,0,0,0,1,1,Transitional,5,2026,2,939,8000,3,1,1,1
STU_3296,3.11,10,2,6,10-15K,1,0,1,1,0,Transitional,3,2026,1,877,12500,3,1,2,1
STU_3297,3.38,21,0,15,Below 10k,0,0,0,1,0,Transitional,6,2026,2,953,8000,3,1,1,1
STU_3298,3.19,2,5,9,10-15K,0,0,1,1,0,Transitional,6,2026,2,963,12500,3,1,2,1
STU_3299,3.14,10,2,6,10-15K,1,0,1,1,1,Transitional,2,2026,1,824,12500,3,1,2,1
STU_3300,3.27,10,2,6,16-20K,1,0,2,1,0,Transitional,4,2026,2,901,18000,3,1,3,1
STU_3301,3.23,16,4,13,16-20K,0,0,2,1,1,Transitional,5,2026,2,935,18000,3,1,3,1
STU_3302,3.26,9,2,6,10-15K,1,0,1,1,0,Transitional,5,2026,2,931,12500,3,1,2,1
STU_3303,3.27,16,4,13,Below 10k,1,0,0,1,0,Transitional,5,2026,2,920,8000,3,1,1,1
STU_3304,3.14,5,1,17,16-20K,0,0,2,1,0,Transitional,6,2026,2,954,18000,3,1,3,1
STU_3305,2.62,7,3,8,10-15K,1,0,1,1,0,Transitional,5,2026,2,936,12500,3,0,2,0
STU_3306,3.39,12,6,14,10-15K,0,0,1,1,0,Transitional,2,2026,1,843,12500,3,1,2,1
STU_3307,3.45,5,1,17,Below 10k,0,0,0,1,0,Transitional,5,2026,2,924,8000,3,2,1,0
STU_3308,3.3,11,5,9,Below 10k,1,0,0,1,0,Transitional,5,2026,2,928,8000,3,1,1,1
STU_3309,3.13,6,1,18,Below 10k,1,0,0,1,0,Transitional,6,2026,2,944,8000,3,1,1,1
STU_3310,2.73,7,3,8,Below 10k,1,0,0,1,0,Transitional,3,2026,1,853,8000,3,0,1,0
STU_3311,3.36,14,4,13,16-20K,1,0,2,1,1,Transitional,2,2026,1,836,18000,3,1,3,1
STU_3312,2.9,9,2,6,10-15K,1,0,1,1,0,Transitional,5,2026,2,920,12500,3,0,2,0
STU_3313,3.43,12,3,8,10-15K,1,0,1,1,0,Transitional,5,2026,2,916,12500,3,2,2,0
STU_3314,2.93,9,2,6,16-20K,0,0,2,1,0,Transitional,5,2026,2,933,18000,3,0,3,0
STU_3315,3.44,19,6,12,16-20K,0,0,2,1,1,Transitional,2,2026,1,828,18000,3,2,3,0
STU_3316,3.31,21,0,16,16-20K,0,0,2,1,0,Transitional,2,2026,1,840,18000,3,1,3,1
STU_3317,3.37,1,4,13,10-15K,0,0,1,1,0,Transitional,2,2026,1,823,12500,3,1,2,1
STU_3318,3.46,4,4,13,Below 10k,0,0,0,1,0,Transitional,6,2026,2,943,8000,3,2,1,0
STU_3319,3.42,22,3,8,16-20K,0,0,2,1,0,Transitional,2,2026,1,830,18000,3,2,3,0
STU_3320,3.37,9,0,2,10-15K,1,0,1,1,1,Transitional,3,2026,1,856,12500,3,1,2,1
STU_3321,3.07,3,2,6,10-15K,0,0,1,1,0,Transitional,4,2026,2,888,12500,3,1,2,1
STU_3322,3.25,13,5,9,Below 10k,1,0,0,1,0,Transitional,6,2026,2,955,8000,3,1,1,1
STU_3323,2.7,11,5,9,10-15K,0,0,1,1,0,Transitional,4,2026,2,886,12500,3,0,2,0
STU_3324,3.94,16,4,13,16-20K,1,0,2,2,1,Transitional,4,2026,2,902,18000,3,2,4,1
STU_3325,3.1,6,6,10,10-15K,1,0,1,1,0,Transitional,3,2026,1,866,12500,3,1,2,1
STU_3326,2.92,12,6,3,10-15K,1,0,1,1,0,Transitional,6,2026,2,964,12500,3,0,2,0
STU_3327,3.31,22,3,8,10-15K,0,0,1,1,1,Transitional,3,2026,1,880,12500,3,1,2,1
STU_3328,2.62,16,4,13,10-15K,0,0,1,1,0,Transitional,6,2026,2,972,12500,3,0,2,0
STU_3329,3.46,21,0,2,16-20K,1,0,2,1,1,Transitional,5,2026,2,940,18000,3,2,3,0
STU_3330,2.71,3,2,6,10-15K,1,0,1,1,0,Transitional,5,2026,2,914,12500,3,0,2,0
STU_3331,3.37,7,1,17,Below 10k,0,0,0,1,0,Transitional,6,2026,2,959,8000,3,1,1,1
STU_3332,3.62,3,2,6,Below 10k,0,0,0,2,0,Transitional,6,2026,2,957,8000,3,2,2,1
STU_3333,3.25,3,2,6,16-20K,1,0,2,1,1,Transitional,2,2026,1,828,18000,3,1,3,1
STU_3334,2.9,7,3,8,16-20K,1,0,2,1,0,Transitional,2,2026,1,837,18000,3,0,3,0
STU_3335,3.4,8,7,0,Below 10k,0,0,0,1,0,Transitional,6,2026,2,964,8000,3,2,1,0
STU_3336,3.15,15,6,14,10-15K,1,0,1,1,0,Transitional,3,2026,1,870,12500,3,1,2,1
STU_3337,3.14,9,0,4,10-15K,0,0,1,1,1,Transitional,4,2026,2,885,12500,3,1,2,1
STU_3338,2.55,11,5,9,10-15K,0,0,1,1,1,Transitional,5,2026,2,923,12500,3,0,2,0
STU_3339,3.23,10,2,6,10-15K,0,0,1,1,0,Transitional,3,2026,1,855,12500,3,1,2,1
STU_3340,3.31,1,4,13,10-15K,0,0,1,1,0,Transitional,5,2026,2,935,12500,3,1,2,1
STU_3341,3.16,6,1,17,Below 10k,1,0,0,1,0,Transitional,4,2026,2,907,8000,3,1,1,1
STU_3342,2.84,22,3,8,16-20K,0,0,2,1,0,Transitional,3,2026,1,873,18000,3,0,3,0
STU_3343,3.36,8,7,0,16-20K,1,0,2,1,1,Transitional,6,2026,2,951,18000,3,1,3,1
STU_3344,3.9,3,2,6,10-15K,0,0,1,2,0,Transitional,4,2026,2,884,12500,3,2,3,1
STU_3345,3.54,7,7,0,10-15K,1,0,1,2,0,Transitional,3,2026,1,875,12500,3,2,3,1
STU_3346,3.39,13,5,9,16-20K,0,0,2,1,0,Transitional,3,2026,1,878,18000,3,1,3,1
STU_3347,3.28,15,6,1,Below 10k,1,0,0,1,0,Transitional,5,2026,2,914,8000,3,1,1,1
STU_3348,3.18,14,4,13,16-20K,1,0,2,1,1,Transitional,3,2026,1,872,18000,3,1,3,1
STU_3349,2.82,15,6,10,10-15K,0,0,1,1,0,Transitional,4,2026,2,896,12500,3,0,2,0
STU_3350,2.6,14,4,13,16-20K,0,0,2,1,0,Transitional,2,2026,1,849,18000,3,0,3,0
STU_3351,3.49,1,4,13,16-20K,1,0,2,1,1,Transitional,6,2026,2,961,18000,3,2,3,0
STU_3352,3.12,4,4,13,16-20K,0,0,2,1,0,Transitional,2,2026,1,829,18000,3,1,3,1
STU_3353,3.42,16,6,3,16-20K,0,0,2,1,0,Transitional,2,2026,1,825,18000,3,2,3,0
STU_3354,2.59,17,2,6,10-15K,1,0,1,1,1,Transitional,3,2026,1,855,12500,3,0,2,0
STU_3355,3.45,10,7,0,10-15K,0,0,1,1,0,Transitional,2,2026,1,845,12500,3,2,2,0
STU_3356,3.15,0,7,0,10-15K,0,0,1,1,1,Transitional,3,2026,1,870,12500,3,1,2,1
STU_3357,2.15,7,7,0,Below 10k,1,0,0,0,0,Transitional,3,2026,1,870,8000,3,0,0,1
STU_3358,3.26,1,4,13,10-15K,0,0,1,1,0,Transitional,2,2026,1,844,12500,3,1,2,1
STU_3359,3.27,18,0,16,Below 10k,1,0,0,1,0,Transitional,3,2026,1,861,8000,3,1,1,1
STU_3360,3.39,17,2,6,Below 10k,1,0,0,1,0,Transitional,4,2026,2,901,8000,3,1,1,1
STU_3361,2.91,0,7,0,Below 10k,0,0,0,1,0,Transitional,3,2026,1,855,8000,3,0,1,0
STU_3362,3.35,18,0,2,Below 10k,1,0,0,1,0,Transitional,5,2026,2,927,8000,3,1,1,1
STU_3363,3.43,20,1,11,10-15K,1,0,1,1,1,Transitional,5,2026,2,924,12500,3,2,2,0
STU_3364,3.34,15,6,14,Below 10k,1,0,0,1,0,Transitional,6,2026,2,947,8000,3,1,1,1
STU_3365,3.41,15,6,14,10-15K,1,0,1,1,0,Transitional,4,2026,2,905,12500,3,2,2,0
STU_3366,2.64,5,3,8,10-15K,1,0,1,1,1,Transitional,5,2026,2,928,12500,3,0,2,0
STU_3367,3.14,21,0,4,Below 10k,0,0,0,1,0,Transitional,3,2026,1,868,8000,3,1,1,1
STU_3368,3.28,13,5,9,16-20K,1,0,2,1,0,Transitional,3,2026,1,856,18000,3,1,3,1
STU_3369,3.25,5,1,11,Below 10k,1,0,0,1,0,Transitional,6,2026,2,947,8000,3,1,1,1
STU_3370,3.94,10,2,6,Below 10k,0,0,0,2,0,Transitional,4,2026,2,882,8000,3,2,2,1
STU_3371,2.82,13,5,9,16-20K,0,0,2,1,0,Transitional,4,2026,2,908,18000,3,0,3,0
STU_3372,3.21,16,4,13,10-15K,0,0,1,1,0,Transitional,3,2026,1,869,12500,3,1,2,1
STU_3373,3.01,15,6,3,Below 10k,0,0,0,1,0,Transitional,6,2026,2,972,8000,3,1,1,1
STU_3374,3.34,3,2,6,10-15K,1,0,1,1,0,Transitional,3,2026,1,871,12500,3,1,2,1
STU_3375,3.46,12,3,8,16-20K,1,0,2,1,0,Transitional,4,2026,2,894,18000,3,2,3,0
STU_3376,3.11,2,5,9,Below 10k,0,0,0,1,0,Transitional,4,2026,2,892,8000,3,1,1,1
STU_3377,2.6,10,7,0,16-20K,0,0,2,1,0,Transitional,3,2026,1,879,18000,3,0,3,0
STU_3378,3.16,8,7,0,16-20K,1,0,2,1,1,Transitional,4,2026,2,882,18000,3,1,3,1
STU_3379,3.18,7,3,8,16-20K,0,0,2,1,0,Transitional,6,2026,2,958,18000,3,1,3,1
STU_3380,3.06,19,6,12,Below 10k,0,0,0,1,0,Transitional,2,2026,1,836,8000,3,1,1,1
STU_3381,3.13,8,7,0,16-20K,0,0,2,1,0,Transitional,6,2026,2,968,18000,3,1,3,1
STU_3382,3.25,3,2,6,16-20K,0,0,2,1,0,Transitional,4,2026,2,892,18000,3,1,3,1
STU_3383,3.41,7,7,0,16-20K,1,0,2,1,1,Transitional,2,2026,1,833,18000,3,2,3,0
STU_3384,3.31,16,4,13,Below 10k,1,0,0,1,0,Transitional,3,2026,1,876,8000,3,1,1,1
STU_3385,2.69,10,2,6,10-15K,1,0,1,1,0,Transitional,3,2026,1,859,12500,3,0,2,0
STU_3386,3.23,9,2,6,16-20K,1,0,2,1,0,Transitional,4,2026,2,905,18000,3,1,3,1
STU_3387,3.32,19,6,1,Below 10k,0,0,0,1,0,Transitional,6,2026,2,943,8000,3,1,1,1
STU_3388,2.79,9,7,0,16-20K,1,0,2,1,1,Transitional,4,2026,2,887,18000,3,0,3,0
STU_3389,3.45,12,3,8,16-20K,1,0,2,1,1,Transitional,3,2026,1,851,18000,3,2,3,0
STU_3390,3.91,9,0,4,10-15K,0,0,1,2,0,Transitional,3,2026,1,871,12500,3,2,3,1
STU_3391,3.74,10,2,6,16-20K,0,0,2,2,0,Transitional,4,2026,2,893,18000,3,2,4,1
STU_3392,2.65,6,1,17,16-20K,1,0,2,1,1,Transitional,5,2026,2,935,18000,3,0,3,0
STU_3393,3.33,17,2,6,10-15K,1,0,1,1,0,Transitional,6,2026,2,966,12500,3,1,2,1
STU_3394,3.27,22,3,8,16-20K,1,0,2,1,1,Transitional,6,2026,2,968,18000,3,1,3,1
STU_3395,3.36,6,1,11,Below 10k,1,0,0,1,0,Transitional,4,2026,2,895,8000,3,1,1,1
STU_3396,3.87,13,5,9,16-20K,0,0,2,2,0,Transitional,5,2026,2,923,18000,3,2,4,1
STU_3397,3.71,20,1,17,16-20K,1,0,2,2,1,Transitional,5,2026,2,921,18000,3,2,4,1
STU_3398,2.83,2,5,9,10-15K,0,0,1,1,0,Transitional,4,2026,2,889,12500,3,0,2,0
STU_3399,3.65,9,0,15,16-20K,1,0,2,2,1,Transitional,2,2026,1,836,18000,3,2,4,1
STU_3400,3.23,14,4,13,Below 10k,0,0,0,1,0,Transitional,2,2026,1,848,8000,3,1,1,1
STU_3401,3.27,9,7,0,10-15K,0,0,1,1,0,Transitional,4,2026,2,907,12500,3,1,2,1
STU_3402,3.17,9,7,0,10-15K,0,0,1,1,0,Transitional,3,2026,1,871,12500,3,1,2,1
STU_3403,3.15,5,1,11,16-20K,1,0,2,1,1,Transitional,4,2026,2,884,18000,3,1,3,1
STU_3404,3.28,16,4,13,Below 10k,0,0,0,1,1,Transitional,6,2026,2,950,8000,3,1,1,1
STU_3405,3.26,2,5,9,16-20K,0,0,2,1,0,Transitional,3,2026,1,861,18000,3,1,3,1
STU_3406,2.81,12,6,14,10-15K,1,0,1,1,0,Transitional,6,2026,2,950,12500,3,0,2,0
STU_3407,2.57,4,4,13,10-15K,0,0,1,1,0,Transitional,2,2026,1,836,12500,3,0,2,0
STU_3408,3.2,22,3,8,10-15K,0,0,1,1,0,Transitional,6,2026,2,969,12500,3,1,2,1
STU_3409,3.51,7,1,18,10-15K,1,0,1,2,1,Transitional,6,2026,2,961,12500,3,2,3,1
STU_3410,3.43,7,3,8,10-15K,0,0,1,1,0,Transitional,3,2026,1,866,12500,3,2,2,0
STU_3411,3.39,20,1,17,10-15K,1,0,1,1,0,Transitional,6,2026,2,949,12500,3,1,2,1
STU_3412,3.17,6,1,17,16-20K,0,0,2,1,0,Transitional,5,2026,2,924,18000,3,1,3,1
STU_3413,3.24,4,4,13,Below 10k,1,0,0,1,0,Transitional,2,2026,1,834,8000,3,1,1,1
STU_3414,2.95,12,3,8,Below 10k,1,0,0,1,0,Transitional,4,2026,2,891,8000,3,0,1,0
STU_3415,2.99,4,4,13,Below 10k,1,0,0,1,0,Transitional,3,2026,1,861,8000,3,0,1,0
STU_3416,2.64,7,1,11,16-20K,1,0,2,1,1,Transitional,3,2026,1,873,18000,3,0,3,0
STU_3417,3.12,16,4,13,10-15K,1,0,1,1,0,Transitional,4,2026,2,910,12500,3,1,2,1
STU_3418,2.9,9,2,6,10-15K,0,0,1,1,0,Transitional,6,2026,2,949,12500,3,0,2,0
STU_3419,3.42,4,4,13,10-15K,0,0,1,1,0,Transitional,2,2026,1,828,12500,3,2,2,0
STU_3420,2.21,10,2,6,10-15K,0,0,1,0,0,Transitional,4,2026,2,905,12500,3,0,1,1
STU_3421,3.38,17,2,6,16-20K,1,0,2,1,1,Transitional,6,2026,2,962,18000,3,1,3,1
STU_3422,3.42,10,2,6,Below 10k,0,0,0,1,0,Transitional,4,2026,2,886,8000,3,2,1,0
STU_3423,3.21,9,0,15,10-15K,0,0,1,1,0,Transitional,3,2026,1,874,12500,3,1,2,1
STU_3424,3.22,9,2,6,Below 10k,1,0,0,1,0,Transitional,4,2026,2,896,8000,3,1,1,1
STU_3425,3.37,12,6,1,16-20K,1,0,2,1,0,Transitional,6,2026,2,962,18000,3,1,3,1
STU_3426,3.33,19,6,10,10-15K,1,0,1,1,1,Transitional,4,2026,2,910,12500,3,1,2,1
STU_3427,3.4,11,5,9,16-20K,0,0,2,1,0,Transitional,5,2026,2,940,18000,3,2,3,0
STU_3428,3.37,19,6,3,10-15K,0,0,1,1,0,Transitional,6,2026,2,954,12500,3,1,2,1
STU_3429,3.17,21,0,5,16-20K,0,0,2,1,0,Transitional,6,2026,2,960,18000,3,1,3,1
STU_3430,2.92,5,1,17,Below 10k,1,0,0,1,0,Transitional,4,2026,2,891,8000,3,0,1,0
STU_3431,2.19,2,5,9,Below 10k,0,0,0,0,0,Transitional,2,2026,1,836,8000,3,0,0,1
STU_3432,3.2,13,5,9,16-20K,1,0,2,1,0,Transitional,2,2026,1,847,18000,3,1,3,1
STU_3433,3.15,16,4,13,16-20K,1,0,2,1,0,Transitional,4,2026,2,895,18000,3,1,3,1
STU_3434,3.2,9,2,6,Below 10k,1,0,0,1,0,Transitional,3,2026,1,861,8000,3,1,1,1
STU_3435,3.31,11,5,9,10-15K,1,0,1,1,0,Transitional,6,2026,2,956,12500,3,1,2,1
STU_3436,3.43,21,0,5,16-20K,1,0,2,1,0,Transitional,2,2026,1,839,18000,3,2,3,0
STU_3437,3.19,12,6,3,Below 10k,1,0,0,1,0,Transitional,4,2026,2,900,8000,3,1,1,1
STU_3438,3.11,17,2,6,16-20K,1,0,2,1,0,Transitional,2,2026,1,843,18000,3,1,3,1
STU_3439,3.11,9,2,6,Below 10k,0,0,0,1,0,Transitional,4,2026,2,902,8000,3,1,1,1
STU_3440,3.44,22,3,8,10-15K,0,0,1,1,0,Transitional,3,2026,1,879,12500,3,2,2,0
STU_3441,3.11,22,3,8,16-20K,1,0,2,1,1,Transitional,3,2026,1,865,18000,3,1,3,1
STU_3442,3.39,1,4,13,10-15K,0,0,1,1,0,Transitional,6,2026,2,969,12500,3,1,2,1
STU_3443,3.17,19,6,10,10-15K,1,0,1,1,0,Transitional,6,2026,2,945,12500,3,1,2,1
STU_3444,3.62,13,5,9,16-20K,0,0,2,2,0,Transitional,3,2026,1,859,18000,3,2,4,1
STU_3445,3.47,20,1,18,Below 10k,0,0,0,1,0,Transitional,6,2026,2,953,8000,3,2,1,0
STU_3446,2.88,21,0,2,10-15K,0,0,1,1,0,Transitional,6,2026,2,953,12500,3,0,2,0
STU_3447,3.45,16,6,3,16-20K,0,0,2,1,0,Transitional,2,2026,1,846,18000,3,2,3,0
STU_3448,3.17,7,3,8,10-15K,1,0,1,1,0,Transitional,4,2026,2,889,12500,3,1,2,1
STU_3449,3.34,6,1,17,10-15K,1,0,1,1,0,Transitional,4,2026,2,884,12500,3,1,2,1
STU_3450,3.23,12,3,8,16-20K,1,0,2,1,1,Transitional,5,2026,2,942,18000,3,1,3,1
STU_3451,3.17,9,2,6,Below 10k,1,0,0,1,0,Transitional,6,2026,2,961,8000,3,1,1,1
STU_3452,3.27,13,0,5,Below 10k,1,0,0,1,0,Transitional,3,2026,1,851,8000,3,1,1,1
STU_3453,3.29,12,3,8,10-15K,0,0,1,1,0,Transitional,5,2026,2,937,12500,3,1,2,1
STU_3454,3.37,19,6,1,Below 10k,1,0,0,1,0,Transitional,5,2026,2,931,8000,3,1,1,1
STU_3455,3.57,0,7,0,Below 10k,1,0,0,2,0,Transitional,5,2026,2,930,8000,3,2,2,1
STU_3456,2.85,1,4,13,10-15K,0,0,1,1,1,Transitional,6,2026,2,950,12500,3,0,2,0
STU_3457,3.36,12,3,8,10-15K,1,0,1,1,0,Transitional,5,2026,2,913,12500,3,1,2,1
STU_3458,3.34,12,3,8,10-15K,0,0,1,1,0,Transitional,3,2026,1,873,12500,3,1,2,1
STU_3459,3.19,20,1,17,Below 10k,0,0,0,1,0,Transitional,6,2026,2,960,8000,3,1,1,1
STU_3460,3.25,17,2,6,Below 10k,0,0,0,1,0,Transitional,3,2026,1,881,8000,3,1,1,1
STU_3461,3.1,0,7,0,Below 10k,0,0,0,1,0,Transitional,2,2026,1,847,8000,3,1,1,1
STU_3462,3.39,7,7,0,10-15K,1,0,1,1,0,Transitional,3,2026,1,866,12500,3,1,2,1
STU_3463,3.65,16,6,3,Below 10k,0,0,0,2,0,Transitional,2,2026,1,827,8000,3,2,2,1
STU_3464,3.4,16,4,13,Below 10k,1,0,0,1,0,Transitional,4,2026,2,900,8000,3,2,1,0
STU_3465,3.32,13,0,16,Below 10k,0,0,0,1,0,Transitional,2,2026,1,845,8000,3,1,1,1
STU_3466,3.36,11,5,9,Below 10k,1,0,0,1,0,Transitional,4,2026,2,892,8000,3,1,1,1
STU_3467,3.08,16,4,13,Below 10k,0,0,0,1,0,Transitional,5,2026,2,928,8000,3,1,1,1
STU_3468,3.46,15,6,3,10-15K,0,0,1,1,0,Transitional,2,2026,1,826,12500,3,2,2,0
STU_3469,3.4,4,4,13,Below 10k,1,0,0,1,0,Transitional,3,2026,1,862,8000,3,2,1,0
STU_3470,3.46,16,6,3,Below 10k,1,0,0,1,0,Transitional,3,2026,1,878,8000,3,2,1,0
STU_3471,3.34,13,0,16,10-15K,1,0,1,1,0,Transitional,4,2026,2,895,12500,3,1,2,1
STU_3472,3.13,14,4,13,10-15K,1,0,1,1,1,Transitional,4,2026,2,902,12500,3,1,2,1
STU_3473,3.48,0,7,0,10-15K,0,0,1,1,0,Transitional,5,2026,2,931,12500,3,2,2,0
STU_3474,3.02,6,1,17,Below 10k,0,0,0,1,0,Transitional,6,2026,2,953,8000,3,1,1,1
STU_3475,2.73,12,6,14,Below 10k,1,0,0,1,0,Transitional,2,2026,1,848,8000,3,0,1,0
STU_3476,3.44,7,1,18,10-15K,0,0,1,1,0,Transitional,4,2026,2,891,12500,3,2,2,0
STU_3477,3.44,14,4,13,10-15K,1,0,1,1,0,Transitional,5,2026,2,927,12500,3,2,2,0
STU_3478,3.33,10,2,6,16-20K,0,0,2,1,1,Transitional,2,2026,1,831,18000,3,1,3,1
STU_3479,3.37,7,3,8,Below 10k,1,0,0,1,0,Transitional,2,2026,1,825,8000,3,1,1,1
STU_3480,3.44,13,5,9,16-20K,1,0,2,1,1,Transitional,6,2026,2,966,18000,3,2,3,0
STU_3481,3.21,12,3,8,16-20K,1,0,2,1,1,Transitional,6,2026,2,953,18000,3,1,3,1
STU_3482,2.06,2,5,9,10-15K,1,0,1,0,0,Transitional,5,2026,2,926,12500,3,0,1,1
STU_3483,3.11,15,6,14,Below 10k,1,0,0,1,0,Transitional,4,2026,2,892,8000,3,1,1,1
STU_3484,2.03,17,2,6,Below 10k,1,0,0,0,0,Transitional,6,2026,2,946,8000,3,0,0,1
STU_3485,2.64,22,3,8,10-15K,1,0,1,1,0,Transitional,3,2026,1,861,12500,3,0,2,0
STU_3486,3.47,6,6,12,10-15K,0,0,1,1,0,Transitional,6,2026,2,957,12500,3,2,2,0
STU_3487,3.31,4,4,13,10-15K,1,0,1,1,0,Transitional,5,2026,2,930,12500,3,1,2,1
STU_3488,3.85,7,7,0,16-20K,1,0,2,2,1,Transitional,6,2026,2,972,18000,3,2,4,1
STU_3489,3.44,6,1,11,10-15K,0,0,1,1,0,Transitional,5,2026,2,925,12500,3,2,2,0
STU_3490,3.6,17,2,6,Below 10k,0,0,0,2,0,Transitional,4,2026,2,884,8000,3,2,2,1
STU_3491,3.3,7,7,0,16-20K,1,0,2,1,1,Transitional,2,2026,1,828,18000,3,1,3,1
STU_3492,3.23,5,1,11,10-15K,1,0,1,1,1,Transitional,5,2026,2,938,12500,3,1,2,1
STU_3493,3.44,6,1,17,Below 10k,1,0,0,1,0,Transitional,3,2026,1,863,8000,3,2,1,0
STU_3494,3.23,5,3,8,Below 10k,0,0,0,1,0,Transitional,4,2026,2,884,8000,3,1,1,1
STU_3495,2.59,3,2,6,Below 10k,0,0,0,1,0,Transitional,3,2026,1,881,8000,3,0,1,0
STU_3496,3.33,6,1,18,Below 10k,1,0,0,1,0,Transitional,5,2026,2,926,8000,3,1,1,1
STU_3497,3.43,13,5,9,16-20K,1,0,2,1,0,Transitional,6,2026,2,960,18000,3,2,3,0
STU_3498,3.29,5,3,8,10-15K,0,0,1,1,0,Transitional,4,2026,2,911,12500,3,1,2,1
STU_3499,3.41,17,2,6,Below 10k,1,0,0,1,0,Transitional,4,2026,2,911,8000,3,2,1,0
STU_3500,3.22,5,0,15,10-15K,0,0,1,1,0,Transitional,4,2026,2,902,12500,3,1,2,1
STU_3501,3.15,7,7,0,10-15K,0,0,1,1,0,Transitional,5,2026,2,924,12500,3,1,2,1
STU_3502,3.32,9,2,6,Below 10k,1,0,0,1,0,Transitional,2,2026,1,824,8000,3,1,1,1
STU_3503,3.18,16,4,13,Below 10k,0,0,0,1,1,Transitional,6,2026,2,951,8000,3,1,1,1
STU_3504,2.88,10,2,6,Below 10k,0,0,0,1,0,Transitional,4,2026,2,897,8000,3,0,1,0
STU_3505,3.19,17,2,6,Below 10k,0,0,0,1,1,Transitional,4,2026,2,888,8000,3,1,1,1
STU_3506,3.14,13,5,9,Below 10k,1,0,0,1,0,Transitional,2,2026,1,839,8000,3,1,1,1
STU_3507,3.15,10,2,6,Below 10k,0,0,0,1,0,Transitional,6,2026,2,956,8000,3,1,1,1
STU_3508,2.57,5,0,5,Below 10k,1,0,0,1,0,Transitional,6,2026,2,963,8000,3,0,1,0
STU_3509,3.49,7,7,0,Below 10k,0,0,0,1,0,Transitional,6,2026,2,965,8000,3,2,1,0
STU_3510,3.49,19,6,14,Below 10k,0,0,0,1,0,Transitional,6,2026,2,968,8000,3,2,1,0
STU_3511,3.27,5,0,16,10-15K,1,0,1,1,1,Transitional,3,2026,1,862,12500,3,1,2,1
STU_3512,2.9,0,7,0,16-20K,0,0,2,1,0,Transitional,4,2026,2,903,18000,3,0,3,0
STU_3513,2.47,5,3,8,Below 10k,0,0,0,0,0,Transitional,6,2026,2,962,8000,3,0,0,1
STU_3514,3.09,8,7,0,10-15K,0,0,1,1,0,Transitional,5,2026,2,927,12500,3,1,2,1
STU_3515,3.3,16,6,14,Below 10k,1,0,0,1,0,Transitional,3,2026,1,866,8000,3,1,1,1
STU_3516,2.65,6,1,18,10-15K,0,0,1,1,0,Transitional,6,2026,2,962,12500,3,0,2,0
STU_3517,2.77,15,6,14,16-20K,1,0,2,1,0,Transitional,3,2026,1,851,18000,3,0,3,0
STU_3518,3.35,13,5,9,16-20K,0,0,2,1,0,Transitional,6,2026,2,969,18000,3,1,3,1
STU_3519,3.36,9,2,6,16-20K,1,0,2,1,0,Transitional,5,2026,2,913,18000,3,1,3,1
STU_3520,3.33,2,5,9,Below 10k,0,0,0,1,0,Transitional,3,2026,1,871,8000,3,1,1,1
STU_3521,3.13,9,2,6,16-20K,0,0,2,1,0,Transitional,4,2026,2,911,18000,3,1,3,1
STU_3522,3.27,22,3,8,Below 10k,1,0,0,1,0,Transitional,5,2026,2,928,8000,3,1,1,1
STU_3523,3.38,7,3,8,10-15K,1,0,1,1,0,Transitional,3,2026,1,853,12500,3,1,2,1
STU_3524,2.98,9,2,6,10-15K,0,0,1,1,0,Transitional,3,2026,1,872,12500,3,0,2,0
STU_3525,3.14,8,7,0,10-15K,1,0,1,1,0,Transitional,2,2026,1,844,12500,3,1,2,1
STU_3526,2.65,5,0,4,16-20K,0,0,2,1,0,Transitional,6,2026,2,954,18000,3,0,3,0
STU_3527,3.44,6,1,18,16-20K,0,0,2,1,0,Transitional,5,2026,2,921,18000,3,2,3,0
STU_3528,3.11,5,0,2,10-15K,0,0,1,1,0,Transitional,5,2026,2,921,12500,3,1,2,1
STU_3529,3.36,9,7,0,10-15K,1,0,1,1,0,Transitional,5,2026,2,919,12500,3,1,2,1
STU_3530,3.34,7,7,0,16-20K,1,0,2,1,0,Transitional,4,2026,2,910,18000,3,1,3,1
STU_3531,3.48,12,3,8,Below 10k,0,0,0,1,0,Transitional,6,2026,2,967,8000,3,2,1,0
STU_3532,3.34,9,7,0,10-15K,1,0,1,1,0,Transitional,2,2026,1,848,12500,3,1,2,1
STU_3533,2.53,0,7,0,10-15K,1,0,1,1,0,Transitional,6,2026,2,950,12500,3,0,2,0
STU_3534,3.23,7,1,18,10-15K,1,0,1,1,1,Transitional,3,2026,1,880,12500,3,1,2,1
STU_3535,3.31,16,4,13,Below 10k,0,0,0,1,0,Transitional,2,2026,1,827,8000,3,1,1,1
STU_3536,3.14,10,2,6,16-20K,0,0,2,1,0,Transitional,6,2026,2,969,18000,3,1,3,1
STU_3537,3.26,7,3,8,16-20K,0,0,2,1,0,Transitional,6,2026,2,962,18000,3,1,3,1
STU_3538,3.38,12,3,8,10-15K,0,0,1,1,0,Transitional,3,2026,1,866,12500,3,1,2,1
STU_3539,2.97,10,2,6,16-20K,0,0,2,1,0,Transitional,3,2026,1,870,18000,3,0,3,0
STU_3540,3.27,11,5,9,16-20K,0,0,2,1,0,Transitional,3,2026,1,878,18000,3,1,3,1
STU_3541,3.48,1,4,13,16-20K,0,0,2,1,0,Transitional,5,2026,2,941,18000,3,2,3,0
STU_3542,3.13,2,5,9,Below 10k,0,0,0,1,0,Transitional,5,2026,2,938,8000,3,1,1,1
STU_3543,3.22,19,6,1,Below 10k,1,0,0,1,0,Transitional,2,2026,1,825,8000,3,1,1,1
STU_3544,3.31,13,5,9,Below 10k,0,0,0,1,0,Transitional,2,2026,1,826,8000,3,1,1,1
STU_3545,3.3,9,2,6,16-20K,1,0,2,1,1,Transitional,6,2026,2,967,18000,3,1,3,1
STU_3546,3.42,15,6,12,Below 10k,1,0,0,1,0,Transitional,2,2026,1,850,8000,3,2,1,0
STU_3547,2.52,17,2,6,10-15K,0,0,1,1,1,Transitional,6,2026,2,961,12500,3,0,2,0
STU_3548,3.17,6,1,18,10-15K,0,0,1,1,0,Transitional,5,2026,2,941,12500,3,1,2,1
STU_3549,2.99,8,7,0,16-20K,0,0,2,1,0,Transitional,6,2026,2,955,18000,3,0,3,0
STU_3550,3.45,6,1,11,16-20K,1,0,2,1,1,Transitional,3,2026,1,860,18000,3,2,3,0
STU_3551,3.43,0,7,0,10-15K,0,0,1,1,0,Transitional,5,2026,2,939,12500,3,2,2,0
STU_3552,3.33,6,6,14,Below 10k,1,0,0,1,0,Transitional,5,2026,2,921,8000,3,1,1,1
STU_3553,3.4,7,7,0,10-15K,1,0,1,1,0,Transitional,4,2026,2,892,12500,3,2,2,0
STU_3554,3.41,7,3,8,Below 10k,1,0,0,1,0,Transitional,2,2026,1,828,8000,3,2,1,0
STU_3555,2.61,11,5,9,10-15K,0,0,1,1,0,Transitional,5,2026,2,912,12500,3,0,2,0
STU_3556,3.88,13,5,9,16-20K,0,0,2,2,0,Transitional,5,2026,2,941,18000,3,2,4,1
STU_3557,3.26,9,2,6,10-15K,0,0,1,1,0,Transitional,4,2026,2,902,12500,3,1,2,1
STU_3558,2.7,20,1,17,10-15K,0,0,1,1,0,Transitional,3,2026,1,855,12500,3,0,2,0
STU_3559,3.46,4,4,13,16-20K,1,0,2,1,1,Transitional,2,2026,1,830,18000,3,2,3,0
STU_3560,3.2,10,2,6,10-15K,1,0,1,1,0,Transitional,4,2026,2,894,12500,3,1,2,1
STU_3561,3.17,6,1,11,Below 10k,0,0,0,1,0,Transitional,3,2026,1,879,8000,3,1,1,1
STU_3562,2.69,5,3,8,Below 10k,1,0,0,1,0,Transitional,6,2026,2,960,8000,3,0,1,0
STU_3563,2.7,5,3,8,Below 10k,0,0,0,1,0,Transitional,6,2026,2,968,8000,3,0,1,0
STU_3564,3.36,20,1,17,16-20K,0,0,2,1,0,Transitional,4,2026,2,890,18000,3,1,3,1
STU_3565,3.72,21,0,15,10-15K,0,0,1,2,0,Transitional,4,2026,2,895,12500,3,2,3,1
STU_3566,3.18,16,6,14,Below 10k,1,0,0,1,0,Transitional,2,2026,1,844,8000,3,1,1,1
STU_3567,3.19,4,4,13,10-15K,1,0,1,1,0,Transitional,6,2026,2,958,12500,3,1,2,1
STU_3568,3.34,0,7,0,10-15K,1,0,1,1,0,Transitional,4,2026,2,893,12500,3,1,2,1
STU_3569,3.39,15,6,14,10-15K,0,0,1,1,0,Transitional,5,2026,2,940,12500,3,1,2,1
STU_3570,3.36,4,4,13,Below 10k,0,0,0,1,0,Transitional,4,2026,2,908,8000,3,1,1,1
STU_3571,3.33,13,0,4,Below 10k,1,0,0,1,0,Transitional,2,2026,1,826,8000,3,1,1,1
STU_3572,2.75,20,1,11,10-15K,0,0,1,1,0,Transitional,2,2026,1,850,12500,3,0,2,0
STU_3573,3.12,16,6,1,Below 10k,1,0,0,1,0,Transitional,4,2026,2,882,8000,3,1,1,1
STU_3574,3.12,11,5,9,16-20K,0,0,2,1,0,Transitional,3,2026,1,879,18000,3,1,3,1
STU_3575,3.19,11,5,9,10-15K,0,0,1,1,0,Transitional,4,2026,2,893,12500,3,1,2,1
STU_3576,3.3,5,1,18,16-20K,1,0,2,1,0,Transitional,4,2026,2,911,18000,3,1,3,1
STU_3577,3.34,1,4,13,10-15K,0,0,1,1,0,Transitional,2,2026,1,827,12500,3,1,2,1
STU_3578,3.27,0,7,0,10-15K,1,0,1,1,0,Transitional,3,2026,1,860,12500,3,1,2,1
STU_3579,3.14,19,6,3,Below 10k,1,0,0,1,0,Transitional,3,2026,1,863,8000,3,1,1,1
STU_3580,3.37,5,0,15,Below 10k,1,0,0,1,0,Transitional,2,2026,1,832,8000,3,1,1,1
STU_3581,2.58,6,1,18,16-20K,1,0,2,1,1,Transitional,5,2026,2,941,18000,3,0,3,0
STU_3582,3.08,16,6,1,10-15K,1,0,1,1,0,Transitional,5,2026,2,931,12500,3,1,2,1
STU_3583,2.51,2,5,9,10-15K,0,0,1,1,0,Transitional,2,2026,1,849,12500,3,0,2,0
STU_3584,2.92,15,6,10,10-15K,1,0,1,1,0,Transitional,3,2026,1,877,12500,3,0,2,0
STU_3585,3.16,7,3,8,16-20K,1,0,2,1,0,Transitional,4,2026,2,897,18000,3,1,3,1
STU_3586,3.33,0,1,18,16-20K,0,0,2,1,0,Transitional,2,2026,1,833,18000,3,1,3,1
STU_3587,3.81,3,2,6,Below 10k,1,0,0,2,0,Transitional,5,2026,2,912,8000,3,2,2,1
STU_3588,2.37,3,2,6,Below 10k,0,0,0,0,0,Transitional,4,2026,2,894,8000,3,0,0,1
STU_3589,3.28,16,4,13,10-15K,0,0,1,1,0,Transitional,3,2026,1,860,12500,3,1,2,1
STU_3590,2.92,8,7,0,Below 10k,1,0,0,1,0,Transitional,6,2026,2,952,8000,3,0,1,0
STU_3591,3.36,11,5,9,Below 10k,0,0,0,1,0,Transitional,4,2026,2,901,8000,3,1,1,1
STU_3592,2.87,17,2,6,16-20K,0,0,2,1,1,Transitional,6,2026,2,953,18000,3,0,3,0
STU_3593,3.46,12,6,14,Below 10k,1,0,0,1,0,Transitional,3,2026,1,866,8000,3,2,1,0
STU_3594,2.55,6,1,11,16-20K,0,0,2,1,0,Transitional,3,2026,1,876,18000,3,0,3,0
STU_3595,2.58,14,4,13,16-20K,0,0,2,1,1,Transitional,5,2026,2,921,18000,3,0,3,0
STU_3596,3.25,13,5,9,16-20K,0,0,2,1,0,Transitional,2,2026,1,828,18000,3,1,3,1
STU_3597,3.19,13,0,5,10-15K,0,0,1,1,0,Transitional,3,2026,1,853,12500,3,1,2,1
STU_3598,3.37,12,6,14,Below 10k,1,0,0,1,0,Transitional,5,2026,2,927,8000,3,1,1,1
STU_3599,3.38,5,0,4,16-20K,1,0,2,1,1,Transitional,3,2026,1,870,18000,3,1,3,1
STU_3600,3.42,5,0,4,Below 10k,0,0,0,1,0,Transitional,6,2026,2,955,8000,3,2,1,0
STU_3601,2.8,9,2,6,10-15K,0,2,1,1,1,Transitional_Phase_1,11,2024,4,385,12500,1,0,2,0
STU_3602,3.35,18,0,5,Below 10k,1,2,0,1,0,Transitional_Phase_1,2,2025,1,478,8000,1,1,1,1
STU_3603,3.16,7,3,8,10-15K,1,2,1,1,0,Transitional_Phase_1,11,2024,4,382,12500,1,1,2,1
STU_3604,3.76,19,6,14,16-20K,1,2,2,2,1,Transitional_Phase_1,8,2024,3,293,18000,1,2,4,1
STU_3605,3.24,5,1,18,Below 10k,0,2,0,1,0,Transitional_Phase_1,2,2025,1,465,8000,1,1,1,1
STU_3606,3.18,13,0,15,Below 10k,0,2,0,1,0,Transitional_Phase_1,11,2024,4,387,8000,1,1,1,1
STU_3607,3.29,5,0,15,16-20K,1,2,2,1,1,Transitional_Phase_1,3,2025,1,505,18000,1,1,3,1
STU_3608,3.3,5,0,16,10-15K,1,2,1,1,0,Transitional_Phase_1,1,2025,1,434,12500,1,1,2,1
STU_3609,2.64,15,6,12,Below 10k,1,2,0,1,0,Transitional_Phase_1,9,2024,3,331,8000,1,0,1,0
STU_3610,3.03,19,6,14,10-15K,1,2,1,1,0,Transitional_Phase_1,10,2024,4,350,12500,1,1,2,1
STU_3611,3.48,16,4,13,Below 10k,0,2,0,1,0,Transitional_Phase_1,5,2025,2,559,8000,1,2,1,0
STU_3612,2.86,5,3,8,16-20K,0,2,2,1,0,Transitional_Phase_1,3,2025,1,490,18000,1,0,3,0
STU_3613,3.44,9,2,6,10-15K,1,2,1,1,0,Transitional_Phase_1,4,2025,2,545,12500,1,2,2,0
STU_3614,3.42,2,5,9,10-15K,0,2,1,1,0,Transitional_Phase_1,4,2025,2,532,12500,1,2,2,0
STU_3615,3.39,5,1,11,Below 10k,1,2,0,1,0,Transitional_Phase_1,12,2024,4,410,8000,1,1,1,1
STU_3616,2.78,4,4,13,10-15K,1,2,1,1,0,Transitional_Phase_1,5,2025,2,575,12500,1,0,2,0
STU_3617,2.89,4,4,13,Below 10k,0,2,0,1,0,Transitional_Phase_1,3,2025,1,490,8000,1,0,1,0
STU_3618,3.38,22,3,8,10-15K,0,2,1,1,0,Transitional_Phase_1,2,2025,1,474,12500,1,1,2,1
STU_3619,2.75,22,3,8,10-15K,1,2,1,1,0,Transitional_Phase_1,8,2024,3,299,12500,1,0,2,0
STU_3620,3.69,1,4,13,Below 10k,0,2,0,2,0,Transitional_Phase_1,5,2025,2,563,8000,1,2,2,1
STU_3621,2.96,9,0,5,10-15K,1,2,1,1,0,Transitional_Phase_1,12,2024,4,415,12500,1,0,2,0
STU_3622,3.25,15,6,3,Below 10k,0,2,0,1,1,Transitional_Phase_1,1,2025,1,455,8000,1,1,1,1
STU_3623,3.17,16,4,13,10-15K,1,2,1,1,0,Transitional_Phase_1,6,2025,2,589,12500,1,1,2,1
STU_3624,2.93,11,5,9,10-15K,0,2,1,1,0,Transitional_Phase_1,3,2025,1,506,12500,1,0,2,0
STU_3625,3.25,5,3,8,10-15K,1,2,1,1,0,Transitional_Phase_1,4,2025,2,545,12500,1,1,2,1
STU_3626,3.07,14,4,13,16-20K,0,2,2,1,0,Transitional_Phase_1,2,2025,1,483,18000,1,1,3,1
STU_3627,3.18,13,5,9,16-20K,0,2,2,1,0,Transitional_Phase_1,11,2024,4,384,18000,1,1,3,1
STU_3628,3.3,11,5,9,Below 10k,1,2,0,1,0,Transitional_Phase_1,6,2025,2,604,8000,1,1,1,1
STU_3629,2.62,13,5,9,10-15K,0,2,1,1,0,Transitional_Phase_1,5,2025,2,549,12500,1,0,2,0
STU_3630,2.71,13,5,9,Below 10k,0,2,0,1,0,Transitional_Phase_1,2,2025,1,485,8000,1,0,1,0
STU_3631,3.47,0,7,0,10-15K,0,2,1,1,0,Transitional_Phase_1,12,2024,4,408,12500,1,2,2,0
STU_3632,3.37,10,7,0,10-15K,0,2,1,1,0,Transitional_Phase_1,4,2025,2,533,12500,1,1,2,1
STU_3633,3.35,20,1,11,10-15K,0,2,1,1,0,Transitional_Phase_1,2,2025,1,468,12500,1,1,2,1
STU_3634,3.46,5,0,16,Below 10k,1,2,0,1,0,Transitional_Phase_1,10,2024,4,339,8000,1,2,1,0
STU_3635,3.32,10,7,0,Below 10k,1,2,0,1,0,Transitional_Phase_1,2,2025,1,478,8000,1,1,1,1
STU_3636,3.26,9,0,4,Below 10k,1,2,0,1,0,Transitional_Phase_1,2,2025,1,485,8000,1,1,1,1
STU_3637,3.45,5,3,8,Below 10k,0,2,0,1,1,Transitional_Phase_1,1,2025,1,453,8000,1,2,1,0
STU_3638,3.31,5,0,2,10-15K,1,2,1,1,0,Transitional_Phase_1,12,2024,4,403,12500,1,1,2,1
STU_3639,2.89,12,3,8,16-20K,0,2,2,1,0,Transitional_Phase_1,6,2025,2,589,18000,1,0,3,0
STU_3640,3.26,5,0,16,10-15K,1,2,1,1,0,Transitional_Phase_1,3,2025,1,506,12500,1,1,2,1
STU_3641,3.28,7,7,0,Below 10k,0,2,0,1,0,Transitional_Phase_1,10,2024,4,336,8000,1,1,1,1
STU_3642,2.79,5,0,2,16-20K,1,2,2,1,1,Transitional_Phase_1,5,2025,2,549,18000,1,0,3,0
STU_3643,3.3,13,5,9,Below 10k,1,2,0,1,0,Transitional_Phase_1,3,2025,1,514,8000,1,1,1,1
STU_3644,3.16,16,4,13,10-15K,1,2,1,1,0,Transitional_Phase_1,2,2025,1,467,12500,1,1,2,1
STU_3645,3.45,14,4,13,10-15K,1,2,1,1,0,Transitional_Phase_1,10,2024,4,357,12500,1,2,2,0
STU_3646,2.98,10,2,6,10-15K,1,2,1,1,0,Transitional_Phase_1,1,2025,1,438,12500,1,0,2,0
STU_3647,3.45,4,4,13,Below 10k,1,2,0,1,0,Transitional_Phase_1,11,2024,4,379,8000,1,2,1,0
STU_3648,2.91,1,4,13,16-20K,1,2,2,1,1,Transitional_Phase_1,8,2024,3,281,18000,1,0,3,0
STU_3649,2.63,10,7,0,16-20K,1,2,2,1,1,Transitional_Phase_1,5,2025,2,575,18000,1,0,3,0
STU_3650,2.62,2,5,9,16-20K,1,2,2,1,1,Transitional_Phase_1,6,2025,2,584,18000,1,0,3,0
STU_3651,3.23,9,2,6,10-15K,0,2,1,1,0,Transitional_Phase_1,9,2024,3,327,12500,1,1,2,1
STU_3652,3.46,5,0,2,16-20K,0,2,2,1,0,Transitional_Phase_1,2,2025,1,467,18000,1,2,3,0
STU_3653,3.4,2,5,9,Below 10k,1,2,0,1,0,Transitional_Phase_1,10,2024,4,349,8000,1,2,1,0
STU_3654,3.41,13,5,9,16-20K,0,2,2,1,0,Transitional_Phase_1,10,2024,4,342,18000,1,2,3,0
STU_3655,3.29,15,6,10,Below 10k,0,2,0,1,0,Transitional_Phase_1,4,2025,2,545,8000,1,1,1,1
STU_3656,3.11,9,0,4,10-15K,1,2,1,1,0,Transitional_Phase_1,5,2025,2,548,12500,1,1,2,1
STU_3657,2.73,10,2,6,16-20K,1,2,2,1,1,Transitional_Phase_1,12,2024,4,403,18000,1,0,3,0
STU_3658,3.02,16,6,12,10-15K,1,2,1,1,0,Transitional_Phase_1,11,2024,4,376,12500,1,1,2,1
STU_3659,3.69,7,3,8,16-20K,1,2,2,2,1,Transitional_Phase_1,8,2024,3,290,18000,1,2,4,1
STU_3660,3.36,2,5,9,16-20K,0,2,2,1,0,Transitional_Phase_1,4,2025,2,537,18000,1,1,3,1
STU_3661,3.38,13,5,9,Below 10k,0,2,0,1,0,Transitional_Phase_1,5,2025,2,554,8000,1,1,1,1
STU_3662,3.95,12,6,14,10-15K,0,2,1,2,0,Transitional_Phase_1,5,2025,2,575,12500,1,2,3,1
STU_3663,3.8,10,7,0,16-20K,1,2,2,2,1,Transitional_Phase_1,4,2025,2,523,18000,1,2,4,1
STU_3664,3.74,12,3,8,10-15K,1,2,1,2,1,Transitional_Phase_1,3,2025,1,496,12500,1,2,3,1
STU_3665,3.48,16,4,13,Below 10k,1,2,0,1,0,Transitional_Phase_1,12,2024,4,425,8000,1,2,1,0
STU_3666,3.44,7,1,17,16-20K,1,2,2,1,1,Transitional_Phase_1,2,2025,1,485,18000,1,2,3,0
STU_3667,3.19,20,1,11,Below 10k,1,2,0,1,0,Transitional_Phase_1,10,2024,4,356,8000,1,1,1,1
STU_3668,3.79,14,4,13,Below 10k,1,2,0,2,0,Transitional_Phase_1,8,2024,3,292,8000,1,2,2,1
STU_3669,3.28,3,2,6,Below 10k,1,2,0,1,0,Transitional_Phase_1,1,2025,1,432,8000,1,1,1,1
STU_3670,3.13,6,1,18,16-20K,1,2,2,1,1,Transitional_Phase_1,9,2024,3,334,18000,1,1,3,1
STU_3671,3.32,15,6,14,Below 10k,0,2,0,1,0,Transitional_Phase_1,4,2025,2,528,8000,1,1,1,1
STU_3672,3.16,16,6,10,10-15K,0,2,1,1,1,Transitional_Phase_1,12,2024,4,425,12500,1,1,2,1
STU_3673,3.48,6,6,10,Below 10k,0,2,0,1,0,Transitional_Phase_1,10,2024,4,354,8000,1,2,1,0
STU_3674,2.85,8,7,0,Below 10k,1,2,0,1,0,Transitional_Phase_1,3,2025,1,495,8000,1,0,1,0
STU_3675,2.75,5,1,18,10-15K,1,2,1,1,0,Transitional_Phase_1,1,2025,1,434,12500,1,0,2,0
STU_3676,3.24,7,3,8,Below 10k,0,2,0,1,0,Transitional_Phase_1,12,2024,4,411,8000,1,1,1,1
STU_3677,3.45,19,6,14,10-15K,1,2,1,1,0,Transitional_Phase_1,11,2024,4,381,12500,1,2,2,0
STU_3678,3.16,5,1,18,16-20K,1,2,2,1,1,Transitional_Phase_1,4,2025,2,544,18000,1,1,3,1
STU_3679,3.17,16,4,13,10-15K,1,2,1,1,0,Transitional_Phase_1,12,2024,4,411,12500,1,1,2,1
STU_3680,3.29,0,7,0,Below 10k,0,2,0,1,0,Transitional_Phase_1,9,2024,3,334,8000,1,1,1,1
STU_3681,3.12,17,2,6,16-20K,1,2,2,1,1,Transitional_Phase_1,12,2024,4,409,18000,1,1,3,1
STU_3682,3.34,10,7,0,10-15K,0,2,1,1,0,Transitional_Phase_1,5,2025,2,549,12500,1,1,2,1
STU_3683,2.86,5,1,11,16-20K,0,2,2,1,1,Transitional_Phase_1,2,2025,1,476,18000,1,0,3,0
STU_3684,3.17,11,5,9,16-20K,0,2,2,1,0,Transitional_Phase_1,1,2025,1,430,18000,1,1,3,1
STU_3685,3.25,12,3,8,10-15K,0,2,1,1,0,Transitional_Phase_1,1,2025,1,447,12500,1,1,2,1
STU_3686,3.46,14,4,13,16-20K,0,2,2,1,0,Transitional_Phase_1,8,2024,3,292,18000,1,2,3,0
STU_3687,2.83,10,7,0,16-20K,1,2,2,1,1,Transitional_Phase_1,5,2025,2,553,18000,1,0,3,0
STU_3688,2.03,8,7,0,Below 10k,0,2,0,0,1,Transitional_Phase_1,12,2024,4,403,8000,1,0,0,1
STU_3689,3.18,7,7,0,16-20K,1,2,2,1,1,Transitional_Phase_1,11,2024,4,387,18000,1,1,3,1
STU_3690,2.99,2,5,9,10-15K,1,2,1,1,0,Transitional_Phase_1,1,2025,1,433,12500,1,0,2,0
STU_3691,3.37,1,4,13,16-20K,1,2,2,1,1,Transitional_Phase_1,1,2025,1,451,18000,1,1,3,1
STU_3692,3.22,7,3,8,10-15K,0,2,1,1,0,Transitional_Phase_1,11,2024,4,372,12500,1,1,2,1
STU_3693,3.26,16,4,13,16-20K,1,2,2,1,1,Transitional_Phase_1,8,2024,3,299,18000,1,1,3,1
STU_3694,3.26,14,4,13,10-15K,0,2,1,1,0,Transitional_Phase_1,1,2025,1,445,12500,1,1,2,1
STU_3695,3.48,7,7,0,16-20K,1,2,2,1,1,Transitional_Phase_1,5,2025,2,570,18000,1,2,3,0
STU_3696,3.25,4,4,13,Below 10k,1,2,0,1,0,Transitional_Phase_1,4,2025,2,526,8000,1,1,1,1
STU_3697,3.36,3,2,6,10-15K,0,2,1,1,0,Transitional_Phase_1,11,2024,4,371,12500,1,1,2,1
STU_3698,3.9,9,2,6,10-15K,1,2,1,2,1,Transitional_Phase_1,9,2024,3,318,12500,1,2,3,1
STU_3699,3.12,4,4,13,10-15K,1,2,1,1,0,Transitional_Phase_1,3,2025,1,487,12500,1,1,2,1
STU_3700,3.41,2,5,9,Below 10k,1,2,0,1,0,Transitional_Phase_1,8,2024,3,302,8000,1,2,1,0
STU_3701,3.0,7,7,0,16-20K,1,2,2,1,1,Transitional_Phase_1,6,2025,2,604,18000,1,1,3,1
STU_3702,2.77,3,2,6,Below 10k,1,2,0,1,0,Transitional_Phase_1,2,2025,1,483,8000,1,0,1,0
STU_3703,3.21,3,2,6,10-15K,1,2,1,1,0,Transitional_Phase_1,3,2025,1,498,12500,1,1,2,1
STU_3704,3.11,13,5,9,10-15K,1,2,1,1,0,Transitional_Phase_1,4,2025,2,543,12500,1,1,2,1
STU_3705,3.12,7,7,0,16-20K,1,2,2,1,1,Transitional_Phase_1,1,2025,1,441,18000,1,1,3,1
STU_3706,2.84,15,6,3,16-20K,1,2,2,1,1,Transitional_Phase_1,1,2025,1,452,18000,1,0,3,0
STU_3707,3.44,1,4,13,16-20K,0,2,2,1,0,Transitional_Phase_1,1,2025,1,452,18000,1,2,3,0
STU_3708,3.03,7,7,0,10-15K,1,2,1,1,0,Transitional_Phase_1,2,2025,1,471,12500,1,1,2,1
STU_3709,2.61,22,3,8,10-15K,0,2,1,1,0,Transitional_Phase_1,3,2025,1,487,12500,1,0,2,0
STU_3710,3.33,10,7,0,Below 10k,0,2,0,1,0,Transitional_Phase_1,6,2025,2,585,8000,1,1,1,1
STU_3711,3.22,11,5,9,10-15K,1,2,1,1,0,Transitional_Phase_1,10,2024,4,338,12500,1,1,2,1
STU_3712,3.37,14,4,13,Below 10k,1,2,0,1,0,Transitional_Phase_1,3,2025,1,496,8000,1,1,1,1
STU_3713,3.33,7,7,0,10-15K,0,2,1,1,0,Transitional_Phase_1,10,2024,4,364,12500,1,1,2,1
STU_3714,3.45,7,3,8,10-15K,1,2,1,1,0,Transitional_Phase_1,5,2025,2,550,12500,1,2,2,0
STU_3715,2.57,14,4,13,10-15K,1,2,1,1,0,Transitional_Phase_1,11,2024,4,371,12500,1,0,2,0
STU_3716,3.26,14,4,13,10-15K,0,2,1,1,1,Transitional_Phase_1,5,2025,2,551,12500,1,1,2,1
STU_3717,3.45,9,0,4,10-15K,1,2,1,1,0,Transitional_Phase_1,11,2024,4,384,12500,1,2,2,0
STU_3718,3.15,5,0,4,16-20K,0,2,2,1,0,Transitional_Phase_1,8,2024,3,281,18000,1,1,3,1
STU_3719,3.14,6,6,14,16-20K,0,2,2,1,0,Transitional_Phase_1,4,2025,2,522,18000,1,1,3,1
STU_3720,3.4,0,7,0,16-20K,0,2,2,1,0,Transitional_Phase_1,6,2025,2,588,18000,1,2,3,0
STU_3721,2.52,22,3,8,10-15K,0,2,1,1,0,Transitional_Phase_1,2,2025,1,479,12500,1,0,2,0
STU_3722,3.27,20,1,11,Below 10k,1,2,0,1,0,Transitional_Phase_1,9,2024,3,311,8000,1,1,1,1
STU_3723,3.73,5,3,8,10-15K,1,2,1,2,1,Transitional_Phase_1,11,2024,4,388,12500,1,2,3,1
STU_3724,3.41,7,1,18,16-20K,1,2,2,1,1,Transitional_Phase_1,1,2025,1,457,18000,1,2,3,0
STU_3725,3.18,5,1,11,Below 10k,1,2,0,1,0,Transitional_Phase_1,4,2025,2,526,8000,1,1,1,1
STU_3726,2.76,6,6,1,16-20K,0,2,2,1,0,Transitional_Phase_1,8,2024,3,302,18000,1,0,3,0
STU_3727,3.03,7,1,17,16-20K,1,2,2,1,1,Transitional_Phase_1,5,2025,2,570,18000,1,1,3,1
STU_3728,3.32,12,3,8,Below 10k,1,2,0,1,0,Transitional_Phase_1,5,2025,2,564,8000,1,1,1,1
STU_3729,3.47,16,6,10,16-20K,1,2,2,1,1,Transitional_Phase_1,6,2025,2,581,18000,1,2,3,0
STU_3730,3.15,5,0,5,16-20K,0,2,2,1,0,Transitional_Phase_1,1,2025,1,453,18000,1,1,3,1
STU_3731,3.18,11,5,9,Below 10k,0,2,0,1,0,Transitional_Phase_1,1,2025,1,454,8000,1,1,1,1
STU_3732,3.41,9,0,16,16-20K,0,2,2,1,0,Transitional_Phase_1,3,2025,1,495,18000,1,2,3,0
STU_3733,3.14,22,3,8,16-20K,1,2,2,1,1,Transitional_Phase_1,4,2025,2,525,18000,1,1,3,1
STU_3734,3.32,21,0,5,10-15K,1,2,1,1,0,Transitional_Phase_1,6,2025,2,579,12500,1,1,2,1
STU_3735,3.13,9,7,0,Below 10k,1,2,0,1,0,Transitional_Phase_1,12,2024,4,425,8000,1,1,1,1
STU_3736,3.26,3,2,6,16-20K,0,2,2,1,0,Transitional_Phase_1,2,2025,1,485,18000,1,1,3,1
STU_3737,2.72,0,7,0,10-15K,0,2,1,1,0,Transitional_Phase_1,11,2024,4,394,12500,1,0,2,0
STU_3738,2.51,20,1,17,16-20K,0,2,2,1,0,Transitional_Phase_1,8,2024,3,285,18000,1,0,3,0
STU_3739,3.31,4,4,13,Below 10k,1,2,0,1,0,Transitional_Phase_1,6,2025,2,602,8000,1,1,1,1
STU_3740,3.14,7,3,8,10-15K,1,2,1,1,0,Transitional_Phase_1,4,2025,2,523,12500,1,1,2,1
STU_3741,3.48,13,5,9,Below 10k,0,2,0,1,0,Transitional_Phase_1,6,2025,2,593,8000,1,2,1,0
STU_3742,3.14,9,2,6,10-15K,1,2,1,1,0,Transitional_Phase_1,1,2025,1,438,12500,1,1,2,1
STU_3743,3.91,12,6,10,Below 10k,1,2,0,2,0,Transitional_Phase_1,2,2025,1,485,8000,1,2,2,1
STU_3744,3.4,10,7,0,Below 10k,0,2,0,1,0,Transitional_Phase_1,6,2025,2,580,8000,1,2,1,0
STU_3745,3.0,7,3,8,10-15K,1,2,1,1,0,Transitional_Phase_1,10,2024,4,343,12500,1,1,2,1
STU_3746,3.47,10,7,0,16-20K,1,2,2,1,0,Transitional_Phase_1,3,2025,1,497,18000,1,2,3,0
STU_3747,2.58,7,3,8,10-15K,0,2,1,1,0,Transitional_Phase_1,8,2024,3,303,12500,1,0,2,0
STU_3748,3.23,21,0,16,Below 10k,0,2,0,1,0,Transitional_Phase_1,8,2024,3,301,8000,1,1,1,1
STU_3749,3.14,11,5,9,Below 10k,1,2,0,1,0,Transitional_Phase_1,3,2025,1,505,8000,1,1,1,1
STU_3750,3.14,0,1,17,10-15K,1,2,1,1,0,Transitional_Phase_1,1,2025,1,444,12500,1,1,2,1
STU_3751,3.61,3,2,6,10-15K,1,2,1,2,1,Transitional_Phase_1,4,2025,2,517,12500,1,2,3,1
STU_3752,3.13,11,5,9,16-20K,0,2,2,1,0,Transitional_Phase_1,8,2024,3,283,18000,1,1,3,1
STU_3753,3.33,5,1,17,10-15K,1,2,1,1,0,Transitional_Phase_1,12,2024,4,408,12500,1,1,2,1
STU_3754,3.35,6,6,3,10-15K,0,2,1,1,1,Transitional_Phase_1,8,2024,3,303,12500,1,1,2,1
STU_3755,3.4,8,7,0,Below 10k,1,2,0,1,0,Transitional_Phase_1,12,2024,4,396,8000,1,2,1,0
STU_3756,3.58,5,3,8,Below 10k,1,2,0,2,0,Transitional_Phase_1,4,2025,2,543,8000,1,2,2,1
STU_3757,3.19,19,6,14,10-15K,0,2,1,1,0,Transitional_Phase_1,10,2024,4,349,12500,1,1,2,1
STU_3758,2.19,9,2,6,16-20K,0,2,2,0,0,Transitional_Phase_1,12,2024,4,406,18000,1,0,2,1
STU_3759,3.07,0,7,0,10-15K,0,2,1,1,0,Transitional_Phase_1,9,2024,3,334,12500,1,1,2,1
STU_3760,3.27,9,2,6,10-15K,1,2,1,1,0,Transitional_Phase_1,4,2025,2,518,12500,1,1,2,1
STU_3761,3.32,13,5,9,10-15K,0,2,1,1,0,Transitional_Phase_1,10,2024,4,364,12500,1,1,2,1
STU_3762,2.97,12,3,8,Below 10k,0,2,0,1,0,Transitional_Phase_1,10,2024,4,360,8000,1,0,1,0
STU_3763,3.31,10,2,6,10-15K,1,2,1,1,0,Transitional_Phase_1,3,2025,1,502,12500,1,1,2,1
STU_3764,3.18,14,4,13,10-15K,1,2,1,1,0,Transitional_Phase_1,12,2024,4,412,12500,1,1,2,1
STU_3765,2.78,20,1,18,Below 10k,1,2,0,1,0,Transitional_Phase_1,6,2025,2,589,8000,1,0,1,0
STU_3766,3.39,12,3,8,10-15K,1,2,1,1,0,Transitional_Phase_1,10,2024,4,354,12500,1,1,2,1
STU_3767,3.03,10,2,6,16-20K,0,2,2,1,0,Transitional_Phase_1,9,2024,3,330,18000,1,1,3,1
STU_3768,3.21,5,3,8,16-20K,0,2,2,1,0,Transitional_Phase_1,6,2025,2,604,18000,1,1,3,1
STU_3769,2.63,8,7,0,Below 10k,1,2,0,1,0,Transitional_Phase_1,4,2025,2,536,8000,1,0,1,0
STU_3770,2.61,1,4,13,16-20K,0,2,2,1,1,Transitional_Phase_1,1,2025,1,430,18000,1,0,3,0
STU_3771,3.1,7,1,18,10-15K,1,2,1,1,0,Transitional_Phase_1,11,2024,4,384,12500,1,1,2,1
STU_3772,3.22,13,5,9,10-15K,0,2,1,1,0,Transitional_Phase_1,9,2024,3,320,12500,1,1,2,1
STU_3773,2.66,9,0,2,16-20K,0,2,2,1,0,Transitional_Phase_1,9,2024,3,332,18000,1,0,3,0
STU_3774,3.2,13,5,9,16-20K,0,2,2,1,0,Transitional_Phase_1,5,2025,2,573,18000,1,1,3,1
STU_3775,3.81,10,2,6,16-20K,0,2,2,2,0,Transitional_Phase_1,5,2025,2,564,18000,1,2,4,1
STU_3776,3.37,5,0,5,16-20K,1,2,2,1,0,Transitional_Phase_1,1,2025,1,445,18000,1,1,3,1
STU_3777,2.73,1,4,13,Below 10k,1,2,0,1,0,Transitional_Phase_1,5,2025,2,569,8000,1,0,1,0
STU_3778,3.41,9,7,0,10-15K,1,2,1,1,0,Transitional_Phase_1,11,2024,4,386,12500,1,2,2,0
STU_3779,2.56,15,6,1,10-15K,1,2,1,1,0,Transitional_Phase_1,8,2024,3,285,12500,1,0,2,0
STU_3780,3.75,12,3,8,Below 10k,1,2,0,2,0,Transitional_Phase_1,9,2024,3,311,8000,1,2,2,1
STU_3781,3.43,13,0,4,10-15K,1,2,1,1,0,Transitional_Phase_1,3,2025,1,488,12500,1,2,2,0
STU_3782,3.24,7,3,8,Below 10k,0,2,0,1,0,Transitional_Phase_1,6,2025,2,578,8000,1,1,1,1
STU_3783,3.41,10,2,6,16-20K,1,2,2,1,1,Transitional_Phase_1,1,2025,1,435,18000,1,2,3,0
STU_3784,3.1,15,6,1,10-15K,0,2,1,1,1,Transitional_Phase_1,5,2025,2,556,12500,1,1,2,1
STU_3785,3.65,21,0,15,16-20K,0,2,2,2,0,Transitional_Phase_1,9,2024,3,332,18000,1,2,4,1
STU_3786,3.25,6,1,17,Below 10k,1,2,0,1,0,Transitional_Phase_1,6,2025,2,583,8000,1,1,1,1
STU_3787,3.48,10,7,0,16-20K,0,2,2,1,0,Transitional_Phase_1,9,2024,3,307,18000,1,2,3,0
STU_3788,2.21,16,6,1,Below 10k,0,2,0,0,0,Transitional_Phase_1,3,2025,1,514,8000,1,0,0,1
STU_3789,3.21,7,3,8,16-20K,1,2,2,1,1,Transitional_Phase_1,12,2024,4,413,18000,1,1,3,1
STU_3790,3.14,7,1,17,Below 10k,1,2,0,1,0,Transitional_Phase_1,6,2025,2,589,8000,1,1,1,1
STU_3791,3.3,17,2,6,10-15K,0,2,1,1,0,Transitional_Phase_1,2,2025,1,465,12500,1,1,2,1
STU_3792,3.22,5,1,11,16-20K,0,2,2,1,0,Transitional_Phase_1,12,2024,4,423,18000,1,1,3,1
STU_3793,3.19,13,5,9,16-20K,0,2,2,1,0,Transitional_Phase_1,1,2025,1,427,18000,1,1,3,1
STU_3794,3.2,16,6,1,10-15K,0,2,1,1,0,Transitional_Phase_1,8,2024,3,300,12500,1,1,2,1
STU_3795,3.26,7,7,0,16-20K,1,2,2,1,1,Transitional_Phase_1,3,2025,1,514,18000,1,1,3,1
STU_3796,3.19,3,2,6,10-15K,0,2,1,1,0,Transitional_Phase_1,3,2025,1,509,12500,1,1,2,1
STU_3797,3.15,12,3,8,10-15K,0,2,1,1,0,Transitional_Phase_1,11,2024,4,368,12500,1,1,2,1
STU_3798,3.28,18,0,16,10-15K,0,2,1,1,0,Transitional_Phase_1,1,2025,1,436,12500,1,1,2,1
STU_3799,3.4,9,7,0,Below 10k,0,2,0,1,1,Transitional_Phase_1,4,2025,2,520,8000,1,2,1,0
STU_3800,2.55,13,5,9,Below 10k,1,2,0,1,0,Transitional_Phase_1,9,2024,3,315,8000,1,0,1,0
STU_3801,3.37,1,4,13,10-15K,1,2,1,1,0,Transitional_Phase_1,3,2025,1,487,12500,1,1,2,1
STU_3802,3.48,6,1,11,Below 10k,0,2,0,1,0,Transitional_Phase_1,9,2024,3,312,8000,1,2,1,0
STU_3803,3.23,18,0,16,16-20K,0,2,2,1,0,Transitional_Phase_1,1,2025,1,441,18000,1,1,3,1
STU_3804,3.29,4,4,13,16-20K,0,2,2,1,0,Transitional_Phase_1,10,2024,4,347,18000,1,1,3,1
STU_3805,3.43,2,5,9,Below 10k,0,2,0,1,0,Transitional_Phase_1,2,2025,1,474,8000,1,2,1,0
STU_3806,3.23,5,0,4,10-15K,1,2,1,1,0,Transitional_Phase_1,12,2024,4,409,12500,1,1,2,1
STU_3807,3.02,16,6,14,16-20K,0,2,2,1,0,Transitional_Phase_1,3,2025,1,499,18000,1,1,3,1
STU_3808,2.51,9,2,6,Below 10k,1,2,0,1,0,Transitional_Phase_1,2,2025,1,482,8000,1,0,1,0
STU_3809,3.29,12,6,10,16-20K,1,2,2,1,1,Transitional_Phase_1,9,2024,3,305,18000,1,1,3,1
STU_3810,3.24,4,4,13,10-15K,1,2,1,1,0,Transitional_Phase_1,10,2024,4,340,12500,1,1,2,1
STU_3811,3.35,20,1,11,Below 10k,1,2,0,1,0,Transitional_Phase_1,3,2025,1,495,8000,1,1,1,1
STU_3812,3.49,12,6,14,Below 10k,0,2,0,1,1,Transitional_Phase_1,9,2024,3,329,8000,1,2,1,0
STU_3813,2.42,3,2,6,Below 10k,1,2,0,0,0,Transitional_Phase_1,5,2025,2,556,8000,1,0,0,1
STU_3814,3.02,10,2,6,Below 10k,0,2,0,1,0,Transitional_Phase_1,4,2025,2,537,8000,1,1,1,1
STU_3815,3.48,3,2,6,10-15K,0,2,1,1,0,Transitional_Phase_1,2,2025,1,475,12500,1,2,2,0
STU_3816,3.14,0,1,11,Below 10k,1,2,0,1,0,Transitional_Phase_1,2,2025,1,465,8000,1,1,1,1
STU_3817,3.24,22,3,8,Below 10k,1,2,0,1,0,Transitional_Phase_1,5,2025,2,563,8000,1,1,1,1
STU_3818,3.44,8,7,0,Below 10k,0,2,0,1,0,Transitional_Phase_1,8,2024,3,294,8000,1,2,1,0
STU_3819,3.48,10,7,0,16-20K,1,2,2,1,1,Transitional_Phase_1,6,2025,2,579,18000,1,2,3,0
STU_3820,3.27,10,7,0,10-15K,1,2,1,1,0,Transitional_Phase_1,4,2025,2,521,12500,1,1,2,1
STU_3821,3.44,22,3,8,10-15K,0,2,1,1,0,Transitional_Phase_1,4,2025,2,532,12500,1,2,2,0
STU_3822,3.17,6,1,18,10-15K,1,2,1,1,0,Transitional_Phase_1,1,2025,1,433,12500,1,1,2,1
STU_3823,2.99,20,1,11,Below 10k,0,2,0,1,0,Transitional_Phase_1,8,2024,3,301,8000,1,0,1,0
STU_3824,3.73,16,6,12,10-15K,0,2,1,2,0,Transitional_Phase_1,2,2025,1,479,12500,1,2,3,1
STU_3825,3.14,19,6,14,Below 10k,1,2,0,1,0,Transitional_Phase_1,11,2024,4,376,8000,1,1,1,1
STU_3826,3.47,5,3,8,10-15K,1,2,1,1,0,Transitional_Phase_1,4,2025,2,527,12500,1,2,2,0
STU_3827,3.47,13,5,9,Below 10k,0,2,0,1,0,Transitional_Phase_1,1,2025,1,442,8000,1,2,1,0
STU_3828,3.93,22,3,8,10-15K,1,2,1,2,1,Transitional_Phase_1,5,2025,2,555,12500,1,2,3,1
STU_3829,3.44,21,0,16,Below 10k,0,2,0,1,0,Transitional_Phase_1,1,2025,1,442,8000,1,2,1,0
STU_3830,3.43,6,6,1,Below 10k,1,2,0,1,0,Transitional_Phase_1,11,2024,4,395,8000,1,2,1,0
STU_3831,3.21,5,0,5,Below 10k,1,2,0,1,0,Transitional_Phase_1,9,2024,3,317,8000,1,1,1,1
STU_3832,3.06,12,3,8,10-15K,0,2,1,1,0,Transitional_Phase_1,3,2025,1,501,12500,1,1,2,1
STU_3833,3.46,20,1,11,Below 10k,1,2,0,1,0,Transitional_Phase_1,6,2025,2,592,8000,1,2,1,0
STU_3834,3.26,13,0,4,16-20K,0,2,2,1,0,Transitional_Phase_1,2,2025,1,462,18000,1,1,3,1
STU_3835,3.31,0,1,17,10-15K,1,2,1,1,0,Transitional_Phase_1,6,2025,2,587,12500,1,1,2,1
STU_3836,3.21,9,7,0,10-15K,1,2,1,1,0,Transitional_Phase_1,9,2024,3,319,12500,1,1,2,1
STU_3837,3.32,9,2,6,Below 10k,0,2,0,1,0,Transitional_Phase_1,5,2025,2,558,8000,1,1,1,1
STU_3838,3.27,14,4,13,10-15K,0,2,1,1,0,Transitional_Phase_1,11,2024,4,369,12500,1,1,2,1
STU_3839,3.02,0,1,18,16-20K,0,2,2,1,0,Transitional_Phase_1,10,2024,4,363,18000,1,1,3,1
STU_3840,2.32,7,7,0,Below 10k,1,2,0,0,0,Transitional_Phase_1,12,2024,4,412,8000,1,0,0,1
STU_3841,3.43,16,4,13,10-15K,1,2,1,1,0,Transitional_Phase_1,4,2025,2,517,12500,1,2,2,0
STU_3842,2.52,6,6,12,16-20K,1,2,2,1,1,Transitional_Phase_1,6,2025,2,584,18000,1,0,3,0
STU_3843,3.16,5,0,2,Below 10k,1,2,0,1,0,Transitional_Phase_1,6,2025,2,597,8000,1,1,1,1
STU_3844,3.78,16,4,13,16-20K,0,2,2,2,0,Transitional_Phase_1,9,2024,3,310,18000,1,2,4,1
STU_3845,3.2,6,6,14,10-15K,1,2,1,1,0,Transitional_Phase_1,12,2024,4,420,12500,1,1,2,1
STU_3846,3.39,10,2,6,Below 10k,0,2,0,1,0,Transitional_Phase_1,1,2025,1,441,8000,1,1,1,1
STU_3847,3.49,7,3,8,16-20K,0,2,2,1,0,Transitional_Phase_1,5,2025,2,548,18000,1,2,3,0
STU_3848,3.85,0,7,0,Below 10k,0,2,0,2,0,Transitional_Phase_1,3,2025,1,489,8000,1,2,2,1
STU_3849,3.4,0,7,0,10-15K,1,2,1,1,0,Transitional_Phase_1,2,2025,1,473,12500,1,2,2,0
STU_3850,3.62,15,6,10,10-15K,1,2,1,2,1,Transitional_Phase_1,11,2024,4,376,12500,1,2,3,1
STU_3851,3.12,11,5,9,16-20K,1,2,2,1,1,Transitional_Phase_1,10,2024,4,363,18000,1,1,3,1
STU_3852,3.55,11,5,9,16-20K,1,2,2,2,1,Transitional_Phase_1,10,2024,4,344,18000,1,2,4,1
STU_3853,2.55,7,3,8,10-15K,0,2,1,1,0,Transitional_Phase_1,8,2024,3,301,12500,1,0,2,0
STU_3854,3.15,16,6,1,16-20K,0,2,2,1,0,Transitional_Phase_1,5,2025,2,558,18000,1,1,3,1
STU_3855,3.32,17,2,6,Below 10k,0,2,0,1,0,Transitional_Phase_1,4,2025,2,522,8000,1,1,1,1
STU_3856,2.64,6,6,10,10-15K,1,2,1,1,0,Transitional_Phase_1,1,2025,1,429,12500,1,0,2,0
STU_3857,3.51,13,0,16,Below 10k,1,2,0,2,0,Transitional_Phase_1,2,2025,1,485,8000,1,2,2,1
STU_3858,3.14,20,1,17,Below 10k,0,2,0,1,0,Transitional_Phase_1,11,2024,4,371,8000,1,1,1,1
STU_3859,3.37,7,1,18,10-15K,1,2,1,1,0,Transitional_Phase_1,3,2025,1,500,12500,1,1,2,1
STU_3860,3.72,2,5,9,10-15K,0,2,1,2,0,Transitional_Phase_1,6,2025,2,589,12500,1,2,3,1
STU_3861,3.38,15,6,1,Below 10k,1,2,0,1,0,Transitional_Phase_1,8,2024,3,295,8000,1,1,1,1
STU_3862,3.2,7,3,8,16-20K,1,2,2,1,1,Transitional_Phase_1,5,2025,2,564,18000,1,1,3,1
STU_3863,3.28,16,4,13,Below 10k,0,2,0,1,0,Transitional_Phase_1,10,2024,4,361,8000,1,1,1,1
STU_3864,2.77,5,1,17,10-15K,1,2,1,1,0,Transitional_Phase_1,10,2024,4,340,12500,1,0,2,0
STU_3865,3.31,13,5,9,10-15K,0,2,1,1,0,Transitional_Phase_1,6,2025,2,581,12500,1,1,2,1
STU_3866,3.23,15,6,3,Below 10k,1,2,0,1,0,Transitional_Phase_1,5,2025,2,571,8000,1,1,1,1
STU_3867,3.19,12,6,3,10-15K,1,2,1,1,0,Transitional_Phase_1,11,2024,4,386,12500,1,1,2,1
STU_3868,2.58,7,1,18,16-20K,0,2,2,1,0,Transitional_Phase_1,12,2024,4,401,18000,1,0,3,0
STU_3869,3.16,8,7,0,10-15K,1,2,1,1,0,Transitional_Phase_1,12,2024,4,406,12500,1,1,2,1
STU_3870,3.22,13,5,9,16-20K,0,2,2,1,0,Transitional_Phase_1,12,2024,4,407,18000,1,1,3,1
STU_3871,3.12,12,6,1,10-15K,0,2,1,1,0,Transitional_Phase_1,1,2025,1,431,12500,1,1,2,1
STU_3872,3.14,13,5,9,10-15K,1,2,1,1,0,Transitional_Phase_1,10,2024,4,347,12500,1,1,2,1
STU_3873,2.55,9,0,15,Below 10k,0,2,0,1,0,Transitional_Phase_1,9,2024,3,330,8000,1,0,1,0
STU_3874,3.14,22,3,8,16-20K,1,2,2,1,0,Transitional_Phase_1,9,2024,3,326,18000,1,1,3,1
STU_3875,3.22,10,7,0,Below 10k,1,2,0,1,0,Transitional_Phase_1,10,2024,4,353,8000,1,1,1,1
STU_3876,3.16,16,6,1,16-20K,0,2,2,1,0,Transitional_Phase_1,3,2025,1,495,18000,1,1,3,1
STU_3877,3.14,2,5,9,Below 10k,1,2,0,1,0,Transitional_Phase_1,8,2024,3,284,8000,1,1,1,1
STU_3878,3.39,7,1,17,16-20K,1,2,2,1,1,Transitional_Phase_1,9,2024,3,308,18000,1,1,3,1
STU_3879,2.68,12,6,1,16-20K,0,2,2,1,0,Transitional_Phase_1,4,2025,2,534,18000,1,0,3,0
STU_3880,3.38,13,5,9,Below 10k,1,2,0,1,0,Transitional_Phase_1,8,2024,3,287,8000,1,1,1,1
STU_3881,3.19,21,0,5,Below 10k,1,2,0,1,0,Transitional_Phase_1,2,2025,1,460,8000,1,1,1,1
STU_3882,3.46,16,4,13,Below 10k,0,2,0,1,0,Transitional_Phase_1,3,2025,1,508,8000,1,2,1,0
STU_3883,2.38,5,0,2,16-20K,1,2,2,0,1,Transitional_Phase_1,3,2025,1,508,18000,1,0,2,1
STU_3884,3.39,8,7,0,Below 10k,0,2,0,1,0,Transitional_Phase_1,10,2024,4,347,8000,1,1,1,1
STU_3885,3.21,20,1,11,16-20K,1,2,2,1,1,Transitional_Phase_1,5,2025,2,574,18000,1,1,3,1
STU_3886,3.26,12,6,3,10-15K,1,2,1,1,0,Transitional_Phase_1,1,2025,1,445,12500,1,1,2,1
STU_3887,2.69,20,1,18,16-20K,0,2,2,1,0,Transitional_Phase_1,12,2024,4,412,18000,1,0,3,0
STU_3888,3.8,0,7,0,10-15K,0,2,1,2,1,Transitional_Phase_1,9,2024,3,322,12500,1,2,3,1
STU_3889,3.15,0,7,0,10-15K,1,2,1,1,0,Transitional_Phase_1,6,2025,2,585,12500,1,1,2,1
STU_3890,3.4,0,1,18,Below 10k,0,2,0,1,0,Transitional_Phase_1,1,2025,1,454,8000,1,2,1,0
STU_3891,3.33,10,7,0,16-20K,1,2,2,1,1,Transitional_Phase_1,5,2025,2,556,18000,1,1,3,1
STU_3892,3.09,20,1,18,16-20K,0,2,2,1,0,Transitional_Phase_1,8,2024,3,285,18000,1,1,3,1
STU_3893,3.12,6,6,12,Below 10k,0,2,0,1,0,Transitional_Phase_1,11,2024,4,384,8000,1,1,1,1
STU_3894,3.64,11,5,9,10-15K,0,2,1,2,0,Transitional_Phase_1,4,2025,2,545,12500,1,2,3,1
STU_3895,3.17,6,6,10,10-15K,0,2,1,1,0,Transitional_Phase_1,1,2025,1,430,12500,1,1,2,1
STU_3896,3.25,5,3,8,16-20K,1,2,2,1,1,Transitional_Phase_1,6,2025,2,580,18000,1,1,3,1
STU_3897,3.34,6,6,3,Below 10k,1,2,0,1,0,Transitional_Phase_1,8,2024,3,295,8000,1,1,1,1
STU_3898,3.33,7,3,8,16-20K,1,2,2,1,1,Transitional_Phase_1,2,2025,1,461,18000,1,1,3,1
STU_3899,3.45,21,0,15,16-20K,1,2,2,1,1,Transitional_Phase_1,8,2024,3,303,18000,1,2,3,0
STU_3900,3.47,12,6,3,Below 10k,0,2,0,1,0,Transitional_Phase_1,2,2025,1,479,8000,1,2,1,0
STU_3901,2.55,2,5,9,16-20K,0,2,2,1,0,Transitional_Phase_1,12,2024,4,421,18000,1,0,3,0
STU_3902,3.24,11,5,9,16-20K,0,2,2,1,0,Transitional_Phase_1,5,2025,2,577,18000,1,1,3,1
STU_3903,3.62,17,2,6,Below 10k,1,2,0,2,0,Transitional_Phase_1,5,2025,2,557,8000,1,2,2,1
STU_3904,3.1,19,6,1,10-15K,0,2,1,1,0,Transitional_Phase_1,5,2025,2,564,12500,1,1,2,1
STU_3905,3.25,21,0,15,10-15K,0,2,1,1,0,Transitional_Phase_1,11,2024,4,373,12500,1,1,2,1
STU_3906,3.22,11,5,9,16-20K,1,2,2,1,1,Transitional_Phase_1,4,2025,2,524,18000,1,1,3,1
STU_3907,3.39,9,2,6,16-20K,1,2,2,1,1,Transitional_Phase_1,9,2024,3,321,18000,1,1,3,1
STU_3908,2.62,11,5,9,16-20K,1,2,2,1,1,Transitional_Phase_1,11,2024,4,377,18000,1,0,3,0
STU_3909,2.85,16,4,13,16-20K,1,2,2,1,1,Transitional_Phase_1,1,2025,1,443,18000,1,0,3,0
STU_3910,3.21,2,5,9,Below 10k,1,2,0,1,0,Transitional_Phase_1,4,2025,2,531,8000,1,1,1,1
STU_3911,2.99,6,6,14,16-20K,0,2,2,1,0,Transitional_Phase_1,9,2024,3,306,18000,1,0,3,0
STU_3912,3.35,21,0,2,Below 10k,1,2,0,1,0,Transitional_Phase_1,4,2025,2,544,8000,1,1,1,1
STU_3913,3.36,21,0,15,16-20K,0,2,2,1,0,Transitional_Phase_1,11,2024,4,380,18000,1,1,3,1
STU_3914,2.71,16,4,13,10-15K,0,2,1,1,0,Transitional_Phase_1,5,2025,2,556,12500,1,0,2,0
STU_3915,2.77,1,4,13,16-20K,0,2,2,1,0,Transitional_Phase_1,4,2025,2,545,18000,1,0,3,0
STU_3916,2.54,11,5,9,10-15K,1,2,1,1,0,Transitional_Phase_1,12,2024,4,401,12500,1,0,2,0
STU_3917,3.45,2,5,9,16-20K,0,2,2,1,0,Transitional_Phase_1,4,2025,2,533,18000,1,2,3,0
STU_3918,3.39,12,6,1,Below 10k,1,2,0,1,0,Transitional_Phase_1,5,2025,2,570,8000,1,1,1,1
STU_3919,2.8,10,2,6,Below 10k,0,2,0,1,0,Transitional_Phase_1,11,2024,4,384,8000,1,0,1,0
STU_3920,3.17,0,1,18,16-20K,1,2,2,1,1,Transitional_Phase_1,11,2024,4,395,18000,1,1,3,1
STU_3921,2.7,12,6,14,16-20K,0,2,2,1,0,Transitional_Phase_1,9,2024,3,319,18000,1,0,3,0
STU_3922,3.11,13,5,9,16-20K,0,2,2,1,0,Transitional_Phase_1,3,2025,1,506,18000,1,1,3,1
STU_3923,3.1,20,1,17,10-15K,0,2,1,1,0,Transitional_Phase_1,9,2024,3,310,12500,1,1,2,1
STU_3924,2.56,16,4,13,Below 10k,0,2,0,1,0,Transitional_Phase_1,5,2025,2,564,8000,1,0,1,0
STU_3925,2.74,14,4,13,16-20K,0,2,2,1,0,Transitional_Phase_1,4,2025,2,542,18000,1,0,3,0
STU_3926,3.95,5,0,5,10-15K,0,2,1,2,1,Transitional_Phase_1,2,2025,1,471,12500,1,2,3,1
STU_3927,3.57,7,7,0,16-20K,1,2,2,2,1,Transitional_Phase_1,9,2024,3,325,18000,1,2,4,1
STU_3928,3.13,1,4,13,Below 10k,0,2,0,1,0,Transitional_Phase_1,11,2024,4,377,8000,1,1,1,1
STU_3929,3.27,10,2,6,Below 10k,1,2,0,1,0,Transitional_Phase_1,11,2024,4,392,8000,1,1,1,1
STU_3930,3.84,11,5,9,10-15K,1,2,1,2,1,Transitional_Phase_1,2,2025,1,465,12500,1,2,3,1
STU_3931,3.48,17,2,6,Below 10k,0,2,0,1,0,Transitional_Phase_1,12,2024,4,419,8000,1,2,1,0
STU_3932,3.28,10,7,0,Below 10k,0,2,0,1,0,Transitional_Phase_1,10,2024,4,353,8000,1,1,1,1
STU_3933,3.46,17,2,6,Below 10k,1,2,0,1,0,Transitional_Phase_1,4,2025,2,517,8000,1,2,1,0
STU_3934,3.9,3,2,6,16-20K,0,2,2,2,1,Transitional_Phase_1,5,2025,2,569,18000,1,2,4,1
STU_3935,3.25,10,2,6,16-20K,1,2,2,1,1,Transitional_Phase_1,6,2025,2,603,18000,1,1,3,1
STU_3936,3.49,11,5,9,10-15K,1,2,1,1,0,Transitional_Phase_1,9,2024,3,316,12500,1,2,2,0
STU_3937,3.45,2,5,9,16-20K,1,2,2,1,1,Transitional_Phase_1,5,2025,2,577,18000,1,2,3,0
STU_3938,3.45,1,4,13,Below 10k,0,2,0,1,0,Transitional_Phase_1,10,2024,4,361,8000,1,2,1,0
STU_3939,3.33,18,0,15,Below 10k,1,2,0,1,0,Transitional_Phase_1,4,2025,2,534,8000,1,1,1,1
STU_3940,3.2,1,4,13,10-15K,1,2,1,1,0,Transitional_Phase_1,4,2025,2,523,12500,1,1,2,1
STU_3941,3.29,10,7,0,Below 10k,1,2,0,1,0,Transitional_Phase_1,5,2025,2,563,8000,1,1,1,1
STU_3942,3.48,17,2,6,10-15K,1,2,1,1,0,Transitional_Phase_1,2,2025,1,469,12500,1,2,2,0
STU_3943,3.43,9,7,0,Below 10k,1,2,0,1,0,Transitional_Phase_1,3,2025,1,490,8000,1,2,1,0
STU_3944,2.54,21,0,15,16-20K,1,2,2,1,1,Transitional_Phase_1,3,2025,1,487,18000,1,0,3,0
STU_3945,3.17,22,3,8,16-20K,0,2,2,1,0,Transitional_Phase_1,6,2025,2,599,18000,1,1,3,1
STU_3946,3.32,21,0,16,16-20K,0,2,2,1,0,Transitional_Phase_1,12,2024,4,421,18000,1,1,3,1
STU_3947,3.17,5,0,16,Below 10k,1,2,0,1,0,Transitional_Phase_1,12,2024,4,422,8000,1,1,1,1
STU_3948,2.96,4,4,13,Below 10k,0,2,0,1,0,Transitional_Phase_1,3,2025,1,516,8000,1,0,1,0
STU_3949,3.39,22,3,8,10-15K,1,2,1,1,0,Transitional_Phase_1,4,2025,2,540,12500,1,1,2,1
STU_3950,3.37,2,5,9,10-15K,1,2,1,1,0,Transitional_Phase_1,11,2024,4,366,12500,1,1,2,1
STU_3951,3.18,10,2,6,16-20K,1,2,2,1,0,Transitional_Phase_1,5,2025,2,560,18000,1,1,3,1
STU_3952,3.29,16,4,13,16-20K,1,2,2,1,1,Transitional_Phase_1,10,2024,4,341,18000,1,1,3,1
STU_3953,3.3,4,4,13,Below 10k,0,2,0,1,0,Transitional_Phase_1,12,2024,4,411,8000,1,1,1,1
STU_3954,3.15,9,7,0,Below 10k,1,2,0,1,0,Transitional_Phase_1,10,2024,4,364,8000,1,1,1,1
STU_3955,3.4,16,4,13,16-20K,0,2,2,1,0,Transitional_Phase_1,11,2024,4,385,18000,1,2,3,0
STU_3956,3.22,0,1,17,Below 10k,1,2,0,1,0,Transitional_Phase_1,10,2024,4,362,8000,1,1,1,1
STU_3957,3.56,5,1,17,10-15K,0,2,1,2,0,Transitional_Phase_1,10,2024,4,337,12500,1,2,3,1
STU_3958,3.13,9,0,2,Below 10k,1,2,0,1,0,Transitional_Phase_1,2,2025,1,473,8000,1,1,1,1
STU_3959,2.7,13,5,9,16-20K,1,2,2,1,1,Transitional_Phase_1,2,2025,1,475,18000,1,0,3,0
STU_3960,3.33,14,4,13,Below 10k,1,2,0,1,0,Transitional_Phase_1,11,2024,4,388,8000,1,1,1,1
STU_3961,3.17,7,7,0,16-20K,0,2,2,1,0,Transitional_Phase_1,8,2024,3,285,18000,1,1,3,1
STU_3962,3.46,18,0,2,Below 10k,0,2,0,1,0,Transitional_Phase_1,9,2024,3,319,8000,1,2,1,0
STU_3963,2.6,9,2,6,10-15K,0,2,1,1,1,Transitional_Phase_1,11,2024,4,366,12500,1,0,2,0
STU_3964,3.14,18,0,2,16-20K,1,2,2,1,1,Transitional_Phase_1,1,2025,1,450,18000,1,1,3,1
STU_3965,3.12,21,0,16,16-20K,1,2,2,1,1,Transitional_Phase_1,8,2024,3,289,18000,1,1,3,1
STU_3966,3.16,8,7,0,10-15K,1,2,1,1,0,Transitional_Phase_1,2,2025,1,473,12500,1,1,2,1
STU_3967,3.05,5,0,5,10-15K,0,2,1,1,0,Transitional_Phase_1,6,2025,2,597,12500,1,1,2,1
STU_3968,3.16,12,6,10,10-15K,1,2,1,1,0,Transitional_Phase_1,9,2024,3,327,12500,1,1,2,1
STU_3969,2.95,14,4,13,10-15K,1,2,1,1,0,Transitional_Phase_1,4,2025,2,521,12500,1,0,2,0
STU_3970,3.42,8,7,0,10-15K,1,2,1,1,0,Transitional_Phase_1,1,2025,1,447,12500,1,2,2,0
STU_3971,3.29,18,0,16,16-20K,0,2,2,1,0,Transitional_Phase_1,5,2025,2,564,18000,1,1,3,1
STU_3972,3.36,1,4,13,16-20K,1,2,2,1,1,Transitional_Phase_1,6,2025,2,593,18000,1,1,3,1
STU_3973,2.96,8,7,0,10-15K,1,2,1,1,0,Transitional_Phase_1,8,2024,3,281,12500,1,0,2,0
STU_3974,2.83,10,2,6,16-20K,1,2,2,1,1,Transitional_Phase_1,9,2024,3,334,18000,1,0,3,0
STU_3975,3.11,13,0,2,16-20K,1,2,2,1,1,Transitional_Phase_1,12,2024,4,396,18000,1,1,3,1
STU_3976,3.28,10,2,6,10-15K,0,2,1,1,0,Transitional_Phase_1,4,2025,2,520,12500,1,1,2,1
STU_3977,3.25,22,3,8,16-20K,0,2,2,1,0,Transitional_Phase_1,5,2025,2,575,18000,1,1,3,1
STU_3978,3.06,2,5,9,Below 10k,1,2,0,1,0,Transitional_Phase_1,3,2025,1,496,8000,1,1,1,1
STU_3979,2.52,13,5,9,16-20K,0,2,2,1,0,Transitional_Phase_1,11,2024,4,371,18000,1,0,3,0
STU_3980,2.82,16,4,13,16-20K,1,2,2,1,1,Transitional_Phase_1,5,2025,2,548,18000,1,0,3,0
STU_3981,2.91,4,4,13,10-15K,1,2,1,1,0,Transitional_Phase_1,6,2025,2,598,12500,1,0,2,0
STU_3982,3.46,0,7,0,10-15K,1,2,1,1,0,Transitional_Phase_1,9,2024,3,317,12500,1,2,2,0
STU_3983,3.22,17,2,6,10-15K,0,2,1,1,0,Transitional_Phase_1,11,2024,4,382,12500,1,1,2,1
STU_3984,3.32,0,1,11,16-20K,1,2,2,1,1,Transitional_Phase_1,4,2025,2,540,18000,1,1,3,1
STU_3985,3.37,9,7,0,16-20K,1,2,2,1,1,Transitional_Phase_1,2,2025,1,462,18000,1,1,3,1
STU_3986,3.21,0,7,0,Below 10k,1,2,0,1,0,Transitional_Phase_1,1,2025,1,449,8000,1,1,1,1
STU_3987,3.16,22,3,8,16-20K,1,2,2,1,1,Transitional_Phase_1,10,2024,4,339,18000,1,1,3,1
STU_3988,3.37,22,3,8,Below 10k,1,2,0,1,0,Transitional_Phase_1,9,2024,3,317,8000,1,1,1,1
STU_3989,3.43,1,4,13,Below 10k,1,2,0,1,0,Transitional_Phase_1,5,2025,2,576,8000,1,2,1,0
STU_3990,3.16,7,3,8,10-15K,1,2,1,1,0,Transitional_Phase_1,1,2025,1,457,12500,1,1,2,1
STU_3991,2.85,13,5,9,16-20K,1,2,2,1,1,Transitional_Phase_1,10,2024,4,363,18000,1,0,3,0
STU_3992,2.86,0,1,18,16-20K,0,2,2,1,0,Transitional_Phase_1,5,2025,2,572,18000,1,0,3,0
STU_3993,3.3,20,1,11,Below 10k,1,2,0,1,0,Transitional_Phase_1,12,2024,4,425,8000,1,1,1,1
STU_3994,3.3,13,0,15,10-15K,1,2,1,1,0,Transitional_Phase_1,8,2024,3,284,12500,1,1,2,1
STU_3995,3.25,4,4,13,10-15K,0,2,1,1,0,Transitional_Phase_1,10,2024,4,342,12500,1,1,2,1
STU_3996,3.28,5,1,11,10-15K,1,2,1,1,0,Transitional_Phase_1,2,2025,1,484,12500,1,1,2,1
STU_3997,3.94,18,0,4,16-20K,0,2,2,2,0,Transitional_Phase_1,4,2025,2,524,18000,1,2,4,1
STU_3998,3.23,6,6,3,10-15K,1,2,1,1,0,Transitional_Phase_1,6,2025,2,605,12500,1,1,2,1
STU_3999,3.24,17,2,6,16-20K,0,2,2,1,0,Transitional_Phase_1,1,2025,1,449,18000,1,1,3,1
STU_4000,2.7,9,0,5,16-20K,0,2,2,1,0,Transitional_Phase_1,2,2025,1,461,18000,1,0,3,0
STU_4001,3.63,9,2,6,Below 10k,0,2,0,2,0,Transitional_Phase_1,12,2024,4,396,8000,1,2,2,1
STU_4002,3.63,5,3,8,16-20K,0,2,2,2,1,Transitional_Phase_1,11,2024,4,387,18000,1,2,4,1
STU_4003,3.46,12,3,8,10-15K,0,2,1,1,0,Transitional_Phase_1,4,2025,2,530,12500,1,2,2,0
STU_4004,3.22,5,0,4,Below 10k,0,2,0,1,0,Transitional_Phase_1,12,2024,4,412,8000,1,1,1,1
STU_4005,3.33,9,7,0,10-15K,0,2,1,1,0,Transitional_Phase_1,9,2024,3,310,12500,1,1,2,1
STU_4006,3.29,9,0,16,16-20K,1,2,2,1,1,Transitional_Phase_1,1,2025,1,432,18000,1,1,3,1
STU_4007,2.52,6,6,3,16-20K,0,2,2,1,0,Transitional_Phase_1,1,2025,1,454,18000,1,0,3,0
STU_4008,3.42,17,2,6,Below 10k,1,2,0,1,0,Transitional_Phase_1,10,2024,4,354,8000,1,2,1,0
STU_4009,3.52,5,1,11,16-20K,0,2,2,2,0,Transitional_Phase_1,1,2025,1,446,18000,1,2,4,1
STU_4010,3.32,9,2,6,16-20K,0,2,2,1,0,Transitional_Phase_1,10,2024,4,349,18000,1,1,3,1
STU_4011,3.27,13,0,5,16-20K,1,2,2,1,0,Transitional_Phase_1,3,2025,1,512,18000,1,1,3,1
STU_4012,3.01,13,5,9,Below 10k,1,2,0,1,0,Transitional_Phase_1,2,2025,1,458,8000,1,1,1,1
STU_4013,3.36,0,7,0,16-20K,0,2,2,1,1,Transitional_Phase_1,10,2024,4,336,18000,1,1,3,1
STU_4014,3.05,11,5,9,Below 10k,1,2,0,1,0,Transitional_Phase_1,5,2025,2,552,8000,1,1,1,1
STU_4015,2.81,2,5,9,10-15K,1,2,1,1,0,Transitional_Phase_1,9,2024,3,331,12500,1,0,2,0
STU_4016,2.28,7,7,0,10-15K,1,2,1,0,0,Transitional_Phase_1,8,2024,3,286,12500,1,0,1,1
STU_4017,3.79,21,0,15,16-20K,0,2,2,2,0,Transitional_Phase_1,6,2025,2,607,18000,1,2,4,1
STU_4018,3.16,7,7,0,16-20K,1,2,2,1,1,Transitional_Phase_1,10,2024,4,351,18000,1,1,3,1
STU_4019,2.75,3,2,6,10-15K,0,2,1,1,0,Transitional_Phase_1,1,2025,1,450,12500,1,0,2,0
STU_4020,3.66,22,3,8,16-20K,1,2,2,2,1,Transitional_Phase_1,3,2025,1,491,18000,1,2,4,1
STU_4021,3.18,1,4,13,10-15K,0,2,1,1,0,Transitional_Phase_1,6,2025,2,581,12500,1,1,2,1
STU_4022,2.27,7,7,0,Below 10k,0,2,0,0,0,Transitional_Phase_1,8,2024,3,283,8000,1,0,0,1
STU_4023,3.1,14,4,13,Below 10k,0,2,0,1,0,Transitional_Phase_1,12,2024,4,426,8000,1,1,1,1
STU_4024,3.03,3,2,6,Below 10k,0,2,0,1,0,Transitional_Phase_1,6,2025,2,600,8000,1,1,1,1
STU_4025,3.68,6,1,18,Below 10k,1,2,0,2,0,Transitional_Phase_1,11,2024,4,372,8000,1,2,2,1
STU_4026,3.47,18,0,16,10-15K,1,2,1,1,0,Transitional_Phase_1,12,2024,4,406,12500,1,2,2,0
STU_4027,2.74,10,2,6,10-15K,0,2,1,1,0,Transitional_Phase_1,12,2024,4,417,12500,1,0,2,0
STU_4028,3.13,12,6,1,10-15K,1,2,1,1,0,Transitional_Phase_1,4,2025,2,529,12500,1,1,2,1
STU_4029,3.21,6,6,10,10-15K,0,2,1,1,0,Transitional_Phase_1,5,2025,2,555,12500,1,1,2,1
STU_4030,3.34,2,5,9,16-20K,1,2,2,1,0,Transitional_Phase_1,1,2025,1,444,18000,1,1,3,1
STU_4031,2.9,17,2,6,10-15K,1,2,1,1,0,Transitional_Phase_1,5,2025,2,561,12500,1,0,2,0
STU_4032,3.47,6,1,11,Below 10k,1,2,0,1,0,Transitional_Phase_1,12,2024,4,409,8000,1,2,1,0
STU_4033,3.19,10,2,6,16-20K,1,2,2,1,1,Transitional_Phase_1,12,2024,4,396,18000,1,1,3,1
STU_4034,2.21,14,4,13,16-20K,0,2,2,0,0,Transitional_Phase_1,12,2024,4,410,18000,1,0,2,1
STU_4035,2.84,6,1,11,Below 10k,0,2,0,1,1,Transitional_Phase_1,8,2024,3,295,8000,1,0,1,0
STU_4036,2.65,13,0,4,Below 10k,0,2,0,1,0,Transitional_Phase_1,2,2025,1,458,8000,1,0,1,0
STU_4037,2.82,0,7,0,Below 10k,0,2,0,1,0,Transitional_Phase_1,12,2024,4,414,8000,1,0,1,0
STU_4038,3.34,5,3,8,10-15K,0,2,1,1,0,Transitional_Phase_1,10,2024,4,350,12500,1,1,2,1
STU_4039,3.36,8,7,0,10-15K,0,2,1,1,0,Transitional_Phase_1,9,2024,3,327,12500,1,1,2,1
STU_4040,3.46,19,6,3,Below 10k,1,2,0,1,0,Transitional_Phase_1,1,2025,1,455,8000,1,2,1,0
STU_4041,2.65,0,7,0,16-20K,0,2,2,1,0,Transitional_Phase_1,12,2024,4,413,18000,1,0,3,0
STU_4042,3.39,9,7,0,10-15K,0,2,1,1,0,Transitional_Phase_1,10,2024,4,339,12500,1,1,2,1
STU_4043,3.41,12,6,1,10-15K,1,2,1,1,0,Transitional_Phase_1,4,2025,2,537,12500,1,2,2,0
STU_4044,3.25,6,6,12,Below 10k,1,2,0,1,0,Transitional_Phase_1,2,2025,1,466,8000,1,1,1,1
STU_4045,3.38,9,7,0,Below 10k,0,2,0,1,0,Transitional_Phase_1,11,2024,4,389,8000,1,1,1,1
STU_4046,3.81,5,3,8,16-20K,1,2,2,2,1,Transitional_Phase_1,5,2025,2,548,18000,1,2,4,1
STU_4047,3.25,9,0,2,10-15K,0,2,1,1,0,Transitional_Phase_1,9,2024,3,326,12500,1,1,2,1
STU_4048,3.46,2,5,9,10-15K,1,2,1,1,0,Transitional_Phase_1,5,2025,2,555,12500,1,2,2,0
STU_4049,3.52,9,2,6,Below 10k,1,2,0,2,0,Transitional_Phase_1,11,2024,4,395,8000,1,2,2,1
STU_4050,2.83,21,0,2,10-15K,1,2,1,1,0,Transitional_Phase_1,4,2025,2,530,12500,1,0,2,0
STU_4051,3.33,7,3,8,10-15K,1,2,1,1,0,Transitional_Phase_1,3,2025,1,495,12500,1,1,2,1
STU_4052,3.38,3,2,6,16-20K,0,2,2,1,0,Transitional_Phase_1,5,2025,2,573,18000,1,1,3,1
STU_4053,2.53,18,0,4,10-15K,0,2,1,1,0,Transitional_Phase_1,12,2024,4,400,12500,1,0,2,0
STU_4054,3.34,13,0,2,Below 10k,1,2,0,1,0,Transitional_Phase_1,2,2025,1,478,8000,1,1,1,1
STU_4055,3.18,6,1,17,10-15K,0,2,1,1,0,Transitional_Phase_1,6,2025,2,605,12500,1,1,2,1
STU_4056,3.48,12,3,8,Below 10k,0,2,0,1,1,Transitional_Phase_1,12,2024,4,401,8000,1,2,1,0
STU_4057,3.22,2,5,9,16-20K,0,2,2,1,0,Transitional_Phase_1,3,2025,1,486,18000,1,1,3,1
STU_4058,3.49,13,5,9,Below 10k,1,2,0,1,0,Transitional_Phase_1,3,2025,1,486,8000,1,2,1,0
STU_4059,3.3,0,7,0,16-20K,1,2,2,1,1,Transitional_Phase_1,1,2025,1,430,18000,1,1,3,1
STU_4060,3.27,7,7,0,16-20K,0,2,2,1,0,Transitional_Phase_1,11,2024,4,371,18000,1,1,3,1
STU_4061,3.26,16,6,3,10-15K,1,2,1,1,0,Transitional_Phase_1,4,2025,2,532,12500,1,1,2,1
STU_4062,3.1,16,4,13,10-15K,1,2,1,1,0,Transitional_Phase_1,3,2025,1,512,12500,1,1,2,1
STU_4063,3.2,5,1,18,Below 10k,0,2,0,1,0,Transitional_Phase_1,1,2025,1,454,8000,1,1,1,1
STU_4064,3.48,9,0,5,Below 10k,0,2,0,1,0,Transitional_Phase_1,10,2024,4,346,8000,1,2,1,0
STU_4065,3.56,7,7,0,10-15K,1,2,1,2,1,Transitional_Phase_1,4,2025,2,531,12500,1,2,3,1
STU_4066,3.49,1,4,13,10-15K,0,2,1,1,0,Transitional_Phase_1,12,2024,4,414,12500,1,2,2,0
STU_4067,2.99,15,6,10,16-20K,1,2,2,1,1,Transitional_Phase_1,12,2024,4,409,18000,1,0,3,0
STU_4068,3.47,12,3,8,Below 10k,1,2,0,1,0,Transitional_Phase_1,6,2025,2,595,8000,1,2,1,0
STU_4069,3.12,15,6,1,10-15K,0,2,1,1,0,Transitional_Phase_1,4,2025,2,528,12500,1,1,2,1
STU_4070,3.31,5,0,15,Below 10k,0,2,0,1,0,Transitional_Phase_1,2,2025,1,477,8000,1,1,1,1
STU_4071,3.37,9,0,2,Below 10k,0,2,0,1,0,Transitional_Phase_1,3,2025,1,499,8000,1,1,1,1
STU_4072,3.11,6,1,18,10-15K,1,2,1,1,0,Transitional_Phase_1,9,2024,3,305,12500,1,1,2,1
STU_4073,3.31,1,4,13,10-15K,1,2,1,1,0,Transitional_Phase_1,2,2025,1,472,12500,1,1,2,1
STU_4074,3.25,11,5,9,Below 10k,1,2,0,1,0,Transitional_Phase_1,12,2024,4,423,8000,1,1,1,1
STU_4075,3.73,21,0,15,16-20K,1,2,2,2,1,Transitional_Phase_1,5,2025,2,562,18000,1,2,4,1
STU_4076,3.11,17,2,6,10-15K,1,2,1,1,0,Transitional_Phase_1,1,2025,1,437,12500,1,1,2,1
STU_4077,3.39,22,3,8,16-20K,1,2,2,1,0,Transitional_Phase_1,10,2024,4,356,18000,1,1,3,1
STU_4078,3.22,8,7,0,10-15K,1,2,1,1,0,Transitional_Phase_1,6,2025,2,581,12500,1,1,2,1
STU_4079,3.44,11,5,9,16-20K,0,2,2,1,0,Transitional_Phase_1,6,2025,2,604,18000,1,2,3,0
STU_4080,3.02,5,1,18,16-20K,0,2,2,1,0,Transitional_Phase_1,12,2024,4,405,18000,1,1,3,1
STU_4081,2.77,3,2,6,Below 10k,1,2,0,1,0,Transitional_Phase_1,4,2025,2,542,8000,1,0,1,0
STU_4082,3.16,5,1,11,10-15K,0,2,1,1,0,Transitional_Phase_1,9,2024,3,328,12500,1,1,2,1
STU_4083,3.32,5,3,8,10-15K,1,2,1,1,0,Transitional_Phase_1,11,2024,4,392,12500,1,1,2,1
STU_4084,3.23,15,6,14,Below 10k,0,2,0,1,1,Transitional_Phase_1,8,2024,3,289,8000,1,1,1,1
STU_4085,2.81,2,5,9,Below 10k,0,2,0,1,0,Transitional_Phase_1,11,2024,4,381,8000,1,0,1,0
STU_4086,3.43,22,3,8,16-20K,0,2,2,1,0,Transitional_Phase_1,11,2024,4,388,18000,1,2,3,0
STU_4087,3.22,17,2,6,16-20K,0,2,2,1,1,Transitional_Phase_1,12,2024,4,398,18000,1,1,3,1
STU_4088,3.46,1,4,13,10-15K,0,2,1,1,0,Transitional_Phase_1,1,2025,1,428,12500,1,2,2,0
STU_4089,2.17,9,0,5,16-20K,1,2,2,0,1,Transitional_Phase_1,6,2025,2,605,18000,1,0,2,1
STU_4090,3.11,16,6,3,10-15K,0,2,1,1,0,Transitional_Phase_1,3,2025,1,490,12500,1,1,2,1
STU_4091,3.59,16,4,13,10-15K,0,2,1,2,0,Transitional_Phase_1,11,2024,4,375,12500,1,2,3,1
STU_4092,3.27,7,1,18,Below 10k,0,2,0,1,0,Transitional_Phase_1,12,2024,4,411,8000,1,1,1,1
STU_4093,3.15,10,2,6,10-15K,0,2,1,1,0,Transitional_Phase_1,11,2024,4,383,12500,1,1,2,1
STU_4094,2.86,13,5,9,10-15K,0,2,1,1,0,Transitional_Phase_1,8,2024,3,292,12500,1,0,2,0
STU_4095,3.42,13,0,16,10-15K,0,2,1,1,0,Transitional_Phase_1,12,2024,4,409,12500,1,2,2,0
STU_4096,3.35,4,4,13,Below 10k,0,2,0,1,0,Transitional_Phase_1,8,2024,3,290,8000,1,1,1,1
STU_4097,3.26,5,3,8,16-20K,1,2,2,1,1,Transitional_Phase_1,2,2025,1,459,18000,1,1,3,1
STU_4098,3.25,12,3,8,Below 10k,0,2,0,1,1,Transitional_Phase_1,3,2025,1,497,8000,1,1,1,1
STU_4099,2.51,9,2,6,10-15K,0,2,1,1,0,Transitional_Phase_1,3,2025,1,508,12500,1,0,2,0
STU_4100,3.27,8,7,0,10-15K,1,2,1,1,0,Transitional_Phase_1,5,2025,2,568,12500,1,1,2,1
STU_4101,3.18,5,1,11,16-20K,1,2,2,1,1,Transitional_Phase_1,12,2024,4,403,18000,1,1,3,1
STU_4102,3.36,10,2,6,10-15K,1,2,1,1,0,Transitional_Phase_1,11,2024,4,379,12500,1,1,2,1
STU_4103,3.77,19,6,1,16-20K,1,2,2,2,1,Transitional_Phase_1,12,2024,4,399,18000,1,2,4,1
STU_4104,3.34,13,0,16,Below 10k,1,2,0,1,0,Transitional_Phase_1,3,2025,1,516,8000,1,1,1,1
STU_4105,3.28,3,2,6,16-20K,0,2,2,1,0,Transitional_Phase_1,4,2025,2,538,18000,1,1,3,1
STU_4106,3.51,8,7,0,16-20K,0,2,2,2,0,Transitional_Phase_1,3,2025,1,490,18000,1,2,4,1
STU_4107,3.0,9,2,6,10-15K,0,2,1,1,0,Transitional_Phase_1,10,2024,4,354,12500,1,1,2,1
STU_4108,3.35,7,3,8,10-15K,0,2,1,1,0,Transitional_Phase_1,4,2025,2,519,12500,1,1,2,1
STU_4109,3.12,10,7,0,Below 10k,0,2,0,1,0,Transitional_Phase_1,3,2025,1,510,8000,1,1,1,1
STU_4110,3.16,9,0,4,10-15K,0,2,1,1,0,Transitional_Phase_1,10,2024,4,352,12500,1,1,2,1
STU_4111,3.34,9,2,6,16-20K,1,2,2,1,1,Transitional_Phase_1,11,2024,4,392,18000,1,1,3,1
STU_4112,3.46,2,5,9,Below 10k,0,2,0,1,0,Transitional_Phase_1,9,2024,3,332,8000,1,2,1,0
STU_4113,3.47,15,6,10,16-20K,0,2,2,1,0,Transitional_Phase_1,4,2025,2,533,18000,1,2,3,0
STU_4114,3.42,12,3,8,Below 10k,1,2,0,1,0,Transitional_Phase_1,2,2025,1,461,8000,1,2,1,0
STU_4115,3.48,7,1,11,10-15K,0,2,1,1,0,Transitional_Phase_1,5,2025,2,567,12500,1,2,2,0
STU_4116,3.17,16,6,10,10-15K,0,2,1,1,1,Transitional_Phase_1,2,2025,1,485,12500,1,1,2,1
STU_4117,3.17,18,0,5,10-15K,0,2,1,1,0,Transitional_Phase_1,3,2025,1,508,12500,1,1,2,1
STU_4118,3.94,7,3,8,16-20K,0,2,2,2,0,Transitional_Phase_1,1,2025,1,438,18000,1,2,4,1
STU_4119,3.34,8,7,0,16-20K,0,2,2,1,0,Transitional_Phase_1,6,2025,2,584,18000,1,1,3,1
STU_4120,3.2,6,6,12,16-20K,1,2,2,1,1,Transitional_Phase_1,3,2025,1,489,18000,1,1,3,1
STU_4121,2.65,7,1,11,Below 10k,1,2,0,1,0,Transitional_Phase_1,11,2024,4,378,8000,1,0,1,0
STU_4122,3.21,7,3,8,Below 10k,1,2,0,1,0,Transitional_Phase_1,6,2025,2,582,8000,1,1,1,1
STU_4123,3.31,9,7,0,10-15K,0,2,1,1,0,Transitional_Phase_1,3,2025,1,493,12500,1,1,2,1
STU_4124,3.32,3,2,6,10-15K,0,2,1,1,0,Transitional_Phase_1,4,2025,2,539,12500,1,1,2,1
STU_4125,3.14,6,6,14,Below 10k,0,2,0,1,1,Transitional_Phase_1,1,2025,1,452,8000,1,1,1,1
STU_4126,3.31,3,2,6,Below 10k,1,2,0,1,0,Transitional_Phase_1,10,2024,4,362,8000,1,1,1,1
STU_4127,3.29,6,1,18,Below 10k,0,2,0,1,0,Transitional_Phase_1,4,2025,2,536,8000,1,1,1,1
STU_4128,3.29,13,0,2,10-15K,0,2,1,1,0,Transitional_Phase_1,3,2025,1,512,12500,1,1,2,1
STU_4129,3.03,19,6,1,10-15K,0,2,1,1,1,Transitional_Phase_1,3,2025,1,511,12500,1,1,2,1
STU_4130,3.42,10,7,0,10-15K,0,2,1,1,0,Transitional_Phase_1,1,2025,1,440,12500,1,2,2,0
STU_4131,2.66,9,0,5,16-20K,0,2,2,1,0,Transitional_Phase_1,3,2025,1,494,18000,1,0,3,0
STU_4132,3.89,20,1,17,Below 10k,1,2,0,2,0,Transitional_Phase_1,8,2024,3,303,8000,1,2,2,1
STU_4133,3.48,16,6,3,Below 10k,1,2,0,1,0,Transitional_Phase_1,12,2024,4,403,8000,1,2,1,0
STU_4134,3.33,12,3,8,10-15K,0,2,1,1,0,Transitional_Phase_1,4,2025,2,528,12500,1,1,2,1
STU_4135,2.51,1,4,13,10-15K,1,2,1,1,0,Transitional_Phase_1,12,2024,4,420,12500,1,0,2,0
STU_4136,2.81,0,7,0,Below 10k,0,2,0,1,0,Transitional_Phase_1,4,2025,2,524,8000,1,0,1,0
STU_4137,3.42,4,4,13,16-20K,1,2,2,1,1,Transitional_Phase_1,10,2024,4,361,18000,1,2,3,0
STU_4138,3.17,2,5,9,Below 10k,0,2,0,1,0,Transitional_Phase_1,8,2024,3,294,8000,1,1,1,1
STU_4139,3.9,18,0,16,Below 10k,1,2,0,2,0,Transitional_Phase_1,11,2024,4,386,8000,1,2,2,1
STU_4140,3.28,13,0,4,10-15K,1,2,1,1,0,Transitional_Phase_1,11,2024,4,385,12500,1,1,2,1
STU_4141,3.18,1,4,13,16-20K,0,2,2,1,0,Transitional_Phase_1,3,2025,1,510,18000,1,1,3,1
STU_4142,3.11,0,7,0,Below 10k,1,2,0,1,0,Transitional_Phase_1,5,2025,2,573,8000,1,1,1,1
STU_4143,3.61,16,4,13,16-20K,1,2,2,2,1,Transitional_Phase_1,8,2024,3,291,18000,1,2,4,1
STU_4144,3.31,5,1,11,Below 10k,1,2,0,1,0,Transitional_Phase_1,5,2025,2,562,8000,1,1,1,1
STU_4145,3.13,2,5,9,Below 10k,1,2,0,1,0,Transitional_Phase_1,9,2024,3,330,8000,1,1,1,1
STU_4146,3.19,15,6,12,16-20K,1,2,2,1,1,Transitional_Phase_1,1,2025,1,440,18000,1,1,3,1
STU_4147,3.47,7,7,0,10-15K,1,2,1,1,0,Transitional_Phase_1,6,2025,2,589,12500,1,2,2,0
STU_4148,3.17,4,4,13,10-15K,1,2,1,1,0,Transitional_Phase_1,9,2024,3,308,12500,1,1,2,1
STU_4149,3.19,14,4,13,Below 10k,0,2,0,1,0,Transitional_Phase_1,5,2025,2,552,8000,1,1,1,1
STU_4150,3.26,16,4,13,10-15K,0,2,1,1,0,Transitional_Phase_1,9,2024,3,321,12500,1,1,2,1
STU_4151,3.41,19,6,3,Below 10k,1,2,0,1,0,Transitional_Phase_1,10,2024,4,355,8000,1,2,1,0
STU_4152,3.12,9,2,6,Below 10k,1,2,0,1,0,Transitional_Phase_1,1,2025,1,445,8000,1,1,1,1
STU_4153,3.36,22,3,8,10-15K,1,2,1,1,0,Transitional_Phase_1,1,2025,1,431,12500,1,1,2,1
STU_4154,3.47,7,1,18,10-15K,1,2,1,1,0,Transitional_Phase_1,2,2025,1,479,12500,1,2,2,0
STU_4155,3.17,2,5,9,10-15K,0,2,1,1,0,Transitional_Phase_1,12,2024,4,423,12500,1,1,2,1
STU_4156,3.26,6,6,1,Below 10k,1,2,0,1,0,Transitional_Phase_1,8,2024,3,287,8000,1,1,1,1
STU_4157,3.25,15,6,10,Below 10k,0,2,0,1,0,Transitional_Phase_1,8,2024,3,293,8000,1,1,1,1
STU_4158,3.28,2,5,9,16-20K,1,2,2,1,1,Transitional_Phase_1,5,2025,2,569,18000,1,1,3,1
STU_4159,3.94,0,7,0,16-20K,1,2,2,2,1,Transitional_Phase_1,5,2025,2,547,18000,1,2,4,1
STU_4160,3.19,7,7,0,Below 10k,1,2,0,1,0,Transitional_Phase_1,10,2024,4,362,8000,1,1,1,1
STU_4161,3.17,7,3,8,Below 10k,0,2,0,1,0,Transitional_Phase_1,12,2024,4,417,8000,1,1,1,1
STU_4162,3.49,9,2,6,Below 10k,1,2,0,1,0,Transitional_Phase_1,2,2025,1,470,8000,1,2,1,0
STU_4163,3.56,19,6,3,10-15K,0,2,1,2,0,Transitional_Phase_1,10,2024,4,353,12500,1,2,3,1
STU_4164,2.72,5,3,8,16-20K,0,2,2,1,0,Transitional_Phase_1,5,2025,2,556,18000,1,0,3,0
STU_4165,3.46,17,2,6,10-15K,1,2,1,1,0,Transitional_Phase_1,1,2025,1,439,12500,1,2,2,0
STU_4166,3.15,6,1,11,16-20K,1,2,2,1,1,Transitional_Phase_1,10,2024,4,360,18000,1,1,3,1
STU_4167,3.19,21,0,2,10-15K,0,2,1,1,0,Transitional_Phase_1,12,2024,4,420,12500,1,1,2,1
STU_4168,3.08,6,6,14,16-20K,1,2,2,1,1,Transitional_Phase_1,3,2025,1,508,18000,1,1,3,1
STU_4169,3.35,16,4,13,16-20K,1,2,2,1,1,Transitional_Phase_1,1,2025,1,455,18000,1,1,3,1
STU_4170,2.6,5,1,11,16-20K,1,2,2,1,1,Transitional_Phase_1,4,2025,2,546,18000,1,0,3,0
STU_4171,3.21,19,6,14,16-20K,0,2,2,1,0,Transitional_Phase_1,12,2024,4,425,18000,1,1,3,1
STU_4172,3.34,11,5,9,Below 10k,1,2,0,1,0,Transitional_Phase_1,1,2025,1,433,8000,1,1,1,1
STU_4173,3.25,6,6,14,16-20K,0,2,2,1,0,Transitional_Phase_1,6,2025,2,605,18000,1,1,3,1
STU_4174,2.73,1,4,13,10-15K,1,2,1,1,0,Transitional_Phase_1,6,2025,2,596,12500,1,0,2,0
STU_4175,3.54,0,7,0,16-20K,1,2,2,2,1,Transitional_Phase_1,6,2025,2,590,18000,1,2,4,1
STU_4176,3.36,10,2,6,Below 10k,1,2,0,1,0,Transitional_Phase_1,12,2024,4,410,8000,1,1,1,1
STU_4177,2.94,8,7,0,10-15K,1,2,1,1,0,Transitional_Phase_1,6,2025,2,584,12500,1,0,2,0
STU_4178,3.49,17,2,6,Below 10k,1,2,0,1,0,Transitional_Phase_1,9,2024,3,328,8000,1,2,1,0
STU_4179,3.22,6,1,11,10-15K,0,2,1,1,0,Transitional_Phase_1,1,2025,1,446,12500,1,1,2,1
STU_4180,3.46,13,0,16,Below 10k,1,2,0,1,0,Transitional_Phase_1,12,2024,4,424,8000,1,2,1,0
STU_4181,3.16,14,4,13,10-15K,1,2,1,1,0,Transitional_Phase_1,4,2025,2,530,12500,1,1,2,1
STU_4182,3.13,16,4,13,16-20K,1,2,2,1,1,Transitional_Phase_1,2,2025,1,476,18000,1,1,3,1
STU_4183,3.19,2,5,9,Below 10k,1,2,0,1,0,Transitional_Phase_1,11,2024,4,386,8000,1,1,1,1
STU_4184,3.2,22,3,8,Below 10k,0,2,0,1,0,Transitional_Phase_1,12,2024,4,398,8000,1,1,1,1
STU_4185,2.27,2,5,9,10-15K,0,2,1,0,0,Transitional_Phase_1,8,2024,3,299,12500,1,0,1,1
STU_4186,3.39,7,3,8,16-20K,0,2,2,1,0,Transitional_Phase_1,2,2025,1,463,18000,1,1,3,1
STU_4187,3.2,12,6,3,16-20K,1,2,2,1,1,Transitional_Phase_1,9,2024,3,333,18000,1,1,3,1
STU_4188,3.18,20,1,18,16-20K,0,2,2,1,0,Transitional_Phase_1,5,2025,2,559,18000,1,1,3,1
STU_4189,3.37,13,5,9,16-20K,0,2,2,1,0,Transitional_Phase_1,11,2024,4,367,18000,1,1,3,1
STU_4190,3.23,17,2,6,10-15K,0,2,1,1,0,Transitional_Phase_1,10,2024,4,349,12500,1,1,2,1
STU_4191,3.3,13,0,15,16-20K,1,2,2,1,0,Transitional_Phase_1,12,2024,4,397,18000,1,1,3,1
STU_4192,3.24,16,6,10,10-15K,1,2,1,1,0,Transitional_Phase_1,5,2025,2,575,12500,1,1,2,1
STU_4193,3.12,17,2,6,10-15K,0,2,1,1,0,Transitional_Phase_1,1,2025,1,442,12500,1,1,2,1
STU_4194,3.12,20,1,17,Below 10k,0,2,0,1,0,Transitional_Phase_1,10,2024,4,356,8000,1,1,1,1
STU_4195,3.44,9,0,5,10-15K,1,2,1,1,0,Transitional_Phase_1,5,2025,2,550,12500,1,2,2,0
STU_4196,3.16,14,4,13,10-15K,1,2,1,1,0,Transitional_Phase_1,1,2025,1,443,12500,1,1,2,1
STU_4197,3.19,12,6,14,Below 10k,0,2,0,1,0,Transitional_Phase_1,2,2025,1,463,8000,1,1,1,1
STU_4198,3.46,13,0,5,16-20K,0,2,2,1,0,Transitional_Phase_1,8,2024,3,298,18000,1,2,3,0
STU_4199,2.99,16,6,12,Below 10k,1,2,0,1,0,Transitional_Phase_1,8,2024,3,298,8000,1,0,1,0
STU_4200,3.11,8,7,0,10-15K,0,2,1,1,0,Transitional_Phase_1,10,2024,4,351,12500,1,1,2,1
STU_4201,3.34,11,5,9,Below 10k,1,2,0,1,0,Transitional_Phase_1,8,2024,3,301,8000,1,1,1,1
STU_4202,2.92,9,0,4,16-20K,0,2,2,1,0,Transitional_Phase_1,10,2024,4,356,18000,1,0,3,0
STU_4203,3.28,22,3,8,10-15K,1,2,1,1,0,Transitional_Phase_1,5,2025,2,571,12500,1,1,2,1
STU_4204,3.4,16,6,14,16-20K,0,2,2,1,0,Transitional_Phase_1,5,2025,2,553,18000,1,2,3,0
STU_4205,2.1,7,1,18,10-15K,1,2,1,0,0,Transitional_Phase_1,2,2025,1,483,12500,1,0,1,1
STU_4206,3.22,13,5,9,10-15K,1,2,1,1,0,Transitional_Phase_1,1,2025,1,451,12500,1,1,2,1
STU_4207,3.29,4,4,13,10-15K,1,2,1,1,0,Transitional_Phase_1,4,2025,2,533,12500,1,1,2,1
STU_4208,3.56,13,5,9,16-20K,0,2,2,2,0,Transitional_Phase_1,11,2024,4,377,18000,1,2,4,1
STU_4209,3.18,19,6,14,16-20K,0,2,2,1,0,Transitional_Phase_1,6,2025,2,596,18000,1,1,3,1
STU_4210,3.47,16,4,13,10-15K,1,2,1,1,0,Transitional_Phase_1,11,2024,4,394,12500,1,2,2,0
STU_4211,3.44,16,4,13,Below 10k,0,2,0,1,1,Transitional_Phase_1,4,2025,2,529,8000,1,2,1,0
STU_4212,3.28,9,2,6,10-15K,1,2,1,1,0,Transitional_Phase_1,10,2024,4,346,12500,1,1,2,1
STU_4213,2.56,6,1,17,16-20K,0,2,2,1,0,Transitional_Phase_1,12,2024,4,425,18000,1,0,3,0
STU_4214,2.77,9,2,6,10-15K,1,2,1,1,0,Transitional_Phase_1,12,2024,4,413,12500,1,0,2,0
STU_4215,3.39,17,2,6,Below 10k,0,2,0,1,0,Transitional_Phase_1,10,2024,4,363,8000,1,1,1,1
STU_4216,3.67,11,5,9,10-15K,1,2,1,2,1,Transitional_Phase_1,4,2025,2,522,12500,1,2,3,1
STU_4217,3.41,11,5,9,10-15K,0,2,1,1,0,Transitional_Phase_1,8,2024,3,299,12500,1,2,2,0
STU_4218,3.15,16,6,1,16-20K,1,2,2,1,1,Transitional_Phase_1,2,2025,1,474,18000,1,1,3,1
STU_4219,2.21,9,0,5,Below 10k,0,2,0,0,0,Transitional_Phase_1,6,2025,2,585,8000,1,0,0,1
STU_4220,2.69,19,6,12,Below 10k,1,2,0,1,0,Transitional_Phase_1,12,2024,4,396,8000,1,0,1,0
STU_4221,3.37,11,5,9,10-15K,1,2,1,1,0,Transitional_Phase_1,12,2024,4,401,12500,1,1,2,1
STU_4222,3.42,6,1,11,Below 10k,1,2,0,1,0,Transitional_Phase_1,6,2025,2,586,8000,1,2,1,0
STU_4223,3.27,20,1,11,10-15K,1,2,1,1,0,Transitional_Phase_1,2,2025,1,462,12500,1,1,2,1
STU_4224,3.78,17,2,6,10-15K,1,2,1,2,1,Transitional_Phase_1,11,2024,4,387,12500,1,2,3,1
STU_4225,3.21,5,1,18,Below 10k,1,2,0,1,0,Transitional_Phase_1,4,2025,2,527,8000,1,1,1,1
STU_4226,2.77,5,1,11,Below 10k,0,2,0,1,0,Transitional_Phase_1,11,2024,4,383,8000,1,0,1,0
STU_4227,2.92,11,5,9,Below 10k,1,2,0,1,0,Transitional_Phase_1,4,2025,2,544,8000,1,0,1,0
STU_4228,3.48,9,2,6,Below 10k,0,2,0,1,0,Transitional_Phase_1,6,2025,2,591,8000,1,2,1,0
STU_4229,3.18,9,0,2,16-20K,1,2,2,1,1,Transitional_Phase_1,11,2024,4,367,18000,1,1,3,1
STU_4230,3.2,1,4,13,Below 10k,0,2,0,1,0,Transitional_Phase_1,5,2025,2,564,8000,1,1,1,1
STU_4231,3.34,0,7,0,16-20K,0,2,2,1,0,Transitional_Phase_1,9,2024,3,315,18000,1,1,3,1
STU_4232,3.79,6,1,11,Below 10k,0,2,0,2,0,Transitional_Phase_1,1,2025,1,428,8000,1,2,2,1
STU_4233,3.33,4,4,13,16-20K,0,2,2,1,0,Transitional_Phase_1,5,2025,2,556,18000,1,1,3,1
STU_4234,2.51,22,3,8,Below 10k,1,2,0,1,0,Transitional_Phase_1,11,2024,4,373,8000,1,0,1,0
STU_4235,2.9,10,7,0,Below 10k,0,2,0,1,0,Transitional_Phase_1,5,2025,2,549,8000,1,0,1,0
STU_4236,3.1,20,1,11,Below 10k,1,2,0,1,0,Transitional_Phase_1,5,2025,2,575,8000,1,1,1,1
STU_4237,3.47,11,5,9,10-15K,1,2,1,1,0,Transitional_Phase_1,4,2025,2,532,12500,1,2,2,0
STU_4238,3.12,17,2,6,10-15K,1,2,1,1,0,Transitional_Phase_1,9,2024,3,315,12500,1,1,2,1
STU_4239,3.0,13,5,9,10-15K,0,2,1,1,1,Transitional_Phase_1,4,2025,2,530,12500,1,1,2,1
STU_4240,3.42,7,1,18,Below 10k,0,2,0,1,0,Transitional_Phase_1,6,2025,2,599,8000,1,2,1,0
STU_4241,3.41,15,6,14,16-20K,0,2,2,1,0,Transitional_Phase_1,4,2025,2,527,18000,1,2,3,0
STU_4242,3.26,10,7,0,16-20K,0,2,2,1,0,Transitional_Phase_1,3,2025,1,486,18000,1,1,3,1
STU_4243,3.48,6,6,1,10-15K,1,2,1,1,0,Transitional_Phase_1,10,2024,4,341,12500,1,2,2,0
STU_4244,3.83,7,3,8,10-15K,1,2,1,2,1,Transitional_Phase_1,9,2024,3,333,12500,1,2,3,1
STU_4245,3.36,10,2,6,10-15K,0,2,1,1,0,Transitional_Phase_1,10,2024,4,357,12500,1,1,2,1
STU_4246,3.35,7,3,8,10-15K,1,2,1,1,0,Transitional_Phase_1,9,2024,3,312,12500,1,1,2,1
STU_4247,3.17,9,7,0,10-15K,1,2,1,1,0,Transitional_Phase_1,5,2025,2,551,12500,1,1,2,1
STU_4248,3.15,7,7,0,16-20K,1,2,2,1,1,Transitional_Phase_1,11,2024,4,389,18000,1,1,3,1
STU_4249,3.37,9,0,15,10-15K,1,2,1,1,0,Transitional_Phase_1,1,2025,1,440,12500,1,1,2,1
STU_4250,3.35,18,0,5,10-15K,0,2,1,1,0,Transitional_Phase_1,3,2025,1,491,12500,1,1,2,1
STU_4251,3.44,7,1,11,16-20K,1,2,2,1,1,Transitional_Phase_1,11,2024,4,373,18000,1,2,3,0
STU_4252,3.58,9,7,0,16-20K,0,2,2,2,0,Transitional_Phase_1,4,2025,2,523,18000,1,2,4,1
STU_4253,3.25,2,5,9,16-20K,1,2,2,1,0,Transitional_Phase_1,4,2025,2,534,18000,1,1,3,1
STU_4254,3.31,10,2,6,10-15K,0,2,1,1,0,Transitional_Phase_1,12,2024,4,422,12500,1,1,2,1
STU_4255,3.48,9,0,5,Below 10k,1,2,0,1,0,Transitional_Phase_1,12,2024,4,405,8000,1,2,1,0
STU_4256,3.13,5,0,4,10-15K,0,2,1,1,0,Transitional_Phase_1,3,2025,1,503,12500,1,1,2,1
STU_4257,3.32,10,2,6,16-20K,1,2,2,1,1,Transitional_Phase_1,11,2024,4,388,18000,1,1,3,1
STU_4258,3.87,5,3,8,10-15K,1,2,1,2,1,Transitional_Phase_1,9,2024,3,318,12500,1,2,3,1
STU_4259,3.34,2,5,9,Below 10k,1,2,0,1,0,Transitional_Phase_1,2,2025,1,464,8000,1,1,1,1
STU_4260,3.1,20,1,17,Below 10k,0,2,0,1,0,Transitional_Phase_1,12,2024,4,414,8000,1,1,1,1
STU_4261,3.18,8,7,0,Below 10k,0,2,0,1,0,Transitional_Phase_1,1,2025,1,437,8000,1,1,1,1
STU_4262,3.2,7,7,0,16-20K,0,2,2,1,0,Transitional_Phase_1,2,2025,1,459,18000,1,1,3,1
STU_4263,3.47,9,0,2,16-20K,0,2,2,1,0,Transitional_Phase_1,5,2025,2,577,18000,1,2,3,0
STU_4264,2.7,18,0,16,16-20K,1,2,2,1,1,Transitional_Phase_1,9,2024,3,306,18000,1,0,3,0
STU_4265,2.5,10,2,6,Below 10k,0,2,0,1,0,Transitional_Phase_1,4,2025,2,518,8000,1,0,1,0
STU_4266,3.55,12,3,8,16-20K,1,2,2,2,1,Transitional_Phase_1,6,2025,2,605,18000,1,2,4,1
STU_4267,2.9,5,3,8,16-20K,1,2,2,1,1,Transitional_Phase_1,9,2024,3,305,18000,1,0,3,0
STU_4268,3.38,9,7,0,Below 10k,1,2,0,1,0,Transitional_Phase_1,3,2025,1,489,8000,1,1,1,1
STU_4269,2.62,13,0,5,10-15K,1,2,1,1,0,Transitional_Phase_1,2,2025,1,476,12500,1,0,2,0
STU_4270,3.22,12,3,8,16-20K,1,2,2,1,1,Transitional_Phase_1,2,2025,1,474,18000,1,1,3,1
STU_4271,2.62,12,3,8,16-20K,1,2,2,1,1,Transitional_Phase_1,10,2024,4,348,18000,1,0,3,0
STU_4272,2.89,13,5,9,Below 10k,1,2,0,1,0,Transitional_Phase_1,9,2024,3,319,8000,1,0,1,0
STU_4273,2.53,5,0,5,10-15K,0,2,1,1,0,Transitional_Phase_1,12,2024,4,419,12500,1,0,2,0
STU_4274,3.14,10,7,0,10-15K,0,2,1,1,0,Transitional_Phase_1,12,2024,4,420,12500,1,1,2,1
STU_4275,2.64,15,6,14,10-15K,0,2,1,1,0,Transitional_Phase_1,4,2025,2,543,12500,1,0,2,0
STU_4276,3.12,15,6,14,10-15K,1,2,1,1,0,Transitional_Phase_1,8,2024,3,293,12500,1,1,2,1
STU_4277,3.45,1,4,13,16-20K,1,2,2,1,1,Transitional_Phase_1,3,2025,1,498,18000,1,2,3,0
STU_4278,3.24,5,0,5,Below 10k,0,2,0,1,0,Transitional_Phase_1,11,2024,4,379,8000,1,1,1,1
STU_4279,3.33,8,7,0,10-15K,1,2,1,1,0,Transitional_Phase_1,4,2025,2,523,12500,1,1,2,1
STU_4280,3.24,18,0,15,Below 10k,1,2,0,1,0,Transitional_Phase_1,8,2024,3,294,8000,1,1,1,1
STU_4281,3.24,8,7,0,16-20K,1,2,2,1,1,Transitional_Phase_1,9,2024,3,329,18000,1,1,3,1
STU_4282,3.46,7,3,8,Below 10k,0,2,0,1,0,Transitional_Phase_1,1,2025,1,448,8000,1,2,1,0
STU_4283,2.75,10,2,6,10-15K,0,2,1,1,0,Transitional_Phase_1,8,2024,3,299,12500,1,0,2,0
STU_4284,3.43,20,1,11,10-15K,1,2,1,1,0,Transitional_Phase_1,6,2025,2,607,12500,1,2,2,0
STU_4285,2.58,20,1,18,Below 10k,1,2,0,1,0,Transitional_Phase_1,10,2024,4,363,8000,1,0,1,0
STU_4286,3.73,16,6,3,10-15K,0,2,1,2,0,Transitional_Phase_1,12,2024,4,415,12500,1,2,3,1
STU_4287,3.43,9,2,6,16-20K,1,2,2,1,1,Transitional_Phase_1,3,2025,1,505,18000,1,2,3,0
STU_4288,3.28,3,2,6,10-15K,0,2,1,1,0,Transitional_Phase_1,4,2025,2,545,12500,1,1,2,1
STU_4289,3.28,1,4,13,10-15K,0,2,1,1,0,Transitional_Phase_1,1,2025,1,456,12500,1,1,2,1
STU_4290,3.33,6,6,10,Below 10k,0,2,0,1,0,Transitional_Phase_1,3,2025,1,512,8000,1,1,1,1
STU_4291,3.31,12,3,8,Below 10k,0,2,0,1,0,Transitional_Phase_1,8,2024,3,281,8000,1,1,1,1
STU_4292,3.18,5,0,4,16-20K,1,2,2,1,1,Transitional_Phase_1,12,2024,4,412,18000,1,1,3,1
STU_4293,3.13,9,7,0,16-20K,0,2,2,1,0,Transitional_Phase_1,2,2025,1,470,18000,1,1,3,1
STU_4294,3.85,12,6,3,10-15K,0,2,1,2,0,Transitional_Phase_1,3,2025,1,488,12500,1,2,3,1
STU_4295,3.36,9,0,16,16-20K,0,2,2,1,0,Transitional_Phase_1,12,2024,4,398,18000,1,1,3,1
STU_4296,3.48,5,3,8,Below 10k,1,2,0,1,0,Transitional_Phase_1,11,2024,4,394,8000,1,2,1,0
STU_4297,3.2,9,7,0,10-15K,0,2,1,1,0,Transitional_Phase_1,1,2025,1,440,12500,1,1,2,1
STU_4298,3.04,14,4,13,16-20K,1,2,2,1,1,Transitional_Phase_1,11,2024,4,368,18000,1,1,3,1
STU_4299,3.34,1,4,13,16-20K,0,2,2,1,0,Transitional_Phase_1,12,2024,4,409,18000,1,1,3,1
STU_4300,3.34,7,3,8,Below 10k,0,2,0,1,0,Transitional_Phase_1,4,2025,2,545,8000,1,1,1,1
STU_4301,3.53,8,7,0,Below 10k,0,2,0,2,0,Transitional_Phase_1,12,2024,4,409,8000,1,2,2,1
STU_4302,3.36,14,4,13,10-15K,0,2,1,1,0,Transitional_Phase_1,4,2025,2,518,12500,1,1,2,1
STU_4303,3.37,9,2,6,Below 10k,0,2,0,1,0,Transitional_Phase_1,5,2025,2,552,8000,1,1,1,1
STU_4304,3.31,6,6,1,10-15K,0,2,1,1,0,Transitional_Phase_1,11,2024,4,389,12500,1,1,2,1
STU_4305,3.29,2,5,9,10-15K,0,2,1,1,0,Transitional_Phase_1,5,2025,2,567,12500,1,1,2,1
STU_4306,3.39,10,7,0,16-20K,0,2,2,1,0,Transitional_Phase_1,4,2025,2,521,18000,1,1,3,1
STU_4307,3.41,15,6,14,10-15K,1,2,1,1,0,Transitional_Phase_1,4,2025,2,538,12500,1,2,2,0
STU_4308,3.35,5,3,8,Below 10k,1,2,0,1,0,Transitional_Phase_1,8,2024,3,299,8000,1,1,1,1
STU_4309,3.4,17,2,6,10-15K,0,2,1,1,1,Transitional_Phase_1,1,2025,1,457,12500,1,2,2,0
STU_4310,3.11,21,0,2,16-20K,1,2,2,1,1,Transitional_Phase_1,9,2024,3,314,18000,1,1,3,1
STU_4311,3.49,9,7,0,16-20K,0,2,2,1,0,Transitional_Phase_1,3,2025,1,492,18000,1,2,3,0
STU_4312,2.78,2,5,9,10-15K,0,2,1,1,0,Transitional_Phase_1,1,2025,1,456,12500,1,0,2,0
STU_4313,3.43,13,5,9,Below 10k,0,2,0,1,0,Transitional_Phase_1,8,2024,3,285,8000,1,2,1,0
STU_4314,3.46,0,7,0,Below 10k,0,2,0,1,0,Transitional_Phase_1,3,2025,1,506,8000,1,2,1,0
STU_4315,3.19,19,6,1,Below 10k,0,2,0,1,0,Transitional_Phase_1,6,2025,2,600,8000,1,1,1,1
STU_4316,3.24,14,4,13,10-15K,0,2,1,1,0,Transitional_Phase_1,1,2025,1,450,12500,1,1,2,1
STU_4317,3.49,2,5,9,Below 10k,0,2,0,1,0,Transitional_Phase_1,2,2025,1,483,8000,1,2,1,0
STU_4318,3.21,5,0,4,Below 10k,1,2,0,1,0,Transitional_Phase_1,11,2024,4,392,8000,1,1,1,1
STU_4319,2.68,9,2,6,10-15K,0,2,1,1,0,Transitional_Phase_1,1,2025,1,430,12500,1,0,2,0
STU_4320,3.41,13,0,2,Below 10k,0,2,0,1,0,Transitional_Phase_1,12,2024,4,425,8000,1,2,1,0
STU_4321,3.72,16,4,13,10-15K,0,2,1,2,0,Transitional_Phase_1,10,2024,4,337,12500,1,2,3,1
STU_4322,3.27,9,2,6,Below 10k,0,2,0,1,0,Transitional_Phase_1,11,2024,4,381,8000,1,1,1,1
STU_4323,2.73,6,6,1,10-15K,1,2,1,1,0,Transitional_Phase_1,1,2025,1,435,12500,1,0,2,0
STU_4324,3.23,6,6,12,10-15K,1,2,1,1,0,Transitional_Phase_1,5,2025,2,561,12500,1,1,2,1
STU_4325,3.32,5,3,8,10-15K,0,2,1,1,0,Transitional_Phase_1,9,2024,3,332,12500,1,1,2,1
STU_4326,3.47,15,6,12,Below 10k,0,2,0,1,0,Transitional_Phase_1,11,2024,4,372,8000,1,2,1,0
STU_4327,3.25,16,4,13,Below 10k,1,2,0,1,0,Transitional_Phase_1,5,2025,2,556,8000,1,1,1,1
STU_4328,3.25,9,2,6,10-15K,1,2,1,1,0,Transitional_Phase_1,10,2024,4,353,12500,1,1,2,1
STU_4329,3.29,17,2,6,16-20K,1,2,2,1,1,Transitional_Phase_1,1,2025,1,445,18000,1,1,3,1
STU_4330,2.55,9,0,2,Below 10k,1,2,0,1,0,Transitional_Phase_1,6,2025,2,603,8000,1,0,1,0
STU_4331,3.15,21,0,16,Below 10k,1,2,0,1,0,Transitional_Phase_1,5,2025,2,553,8000,1,1,1,1
STU_4332,3.43,6,1,18,10-15K,1,2,1,1,0,Transitional_Phase_1,2,2025,1,482,12500,1,2,2,0
STU_4333,3.31,7,7,0,10-15K,1,2,1,1,0,Transitional_Phase_1,12,2024,4,426,12500,1,1,2,1
STU_4334,3.72,16,6,14,10-15K,0,2,1,2,0,Transitional_Phase_1,2,2025,1,467,12500,1,2,3,1
STU_4335,3.1,13,5,9,10-15K,1,2,1,1,0,Transitional_Phase_1,5,2025,2,553,12500,1,1,2,1
STU_4336,3.4,22,3,8,Below 10k,1,2,0,1,0,Transitional_Phase_1,5,2025,2,563,8000,1,2,1,0
STU_4337,3.42,13,5,9,Below 10k,0,2,0,1,0,Transitional_Phase_1,5,2025,2,577,8000,1,2,1,0
STU_4338,3.4,16,4,13,Below 10k,0,2,0,1,0,Transitional_Phase_1,9,2024,3,306,8000,1,2,1,0
STU_4339,3.45,5,1,11,Below 10k,0,2,0,1,1,Transitional_Phase_1,3,2025,1,493,8000,1,2,1,0
STU_4340,3.26,12,3,8,Below 10k,1,2,0,1,0,Transitional_Phase_1,5,2025,2,575,8000,1,1,1,1
STU_4341,3.24,2,5,9,16-20K,0,2,2,1,0,Transitional_Phase_1,1,2025,1,453,18000,1,1,3,1
STU_4342,3.13,9,0,5,10-15K,1,2,1,1,0,Transitional_Phase_1,11,2024,4,381,12500,1,1,2,1
STU_4343,3.2,17,2,6,Below 10k,0,2,0,1,0,Transitional_Phase_1,12,2024,4,407,8000,1,1,1,1
STU_4344,3.88,2,5,9,Below 10k,0,2,0,2,0,Transitional_Phase_1,9,2024,3,306,8000,1,2,2,1
STU_4345,3.49,18,0,16,16-20K,0,2,2,1,0,Transitional_Phase_1,4,2025,2,522,18000,1,2,3,0
STU_4346,3.11,22,3,8,10-15K,0,2,1,1,0,Transitional_Phase_1,1,2025,1,440,12500,1,1,2,1
STU_4347,3.31,0,1,17,16-20K,1,2,2,1,0,Transitional_Phase_1,11,2024,4,372,18000,1,1,3,1
STU_4348,3.42,15,6,14,10-15K,1,2,1,1,0,Transitional_Phase_1,11,2024,4,375,12500,1,2,2,0
STU_4349,3.48,5,3,8,Below 10k,0,2,0,1,0,Transitional_Phase_1,3,2025,1,514,8000,1,2,1,0
STU_4350,2.6,14,4,13,16-20K,0,2,2,1,0,Transitional_Phase_1,12,2024,4,397,18000,1,0,3,0
STU_4351,3.44,7,7,0,16-20K,0,2,2,1,0,Transitional_Phase_1,11,2024,4,379,18000,1,2,3,0
STU_4352,3.41,20,1,18,10-15K,0,2,1,1,0,Transitional_Phase_1,5,2025,2,548,12500,1,2,2,0
STU_4353,3.25,13,0,4,Below 10k,0,2,0,1,0,Transitional_Phase_1,5,2025,2,565,8000,1,1,1,1
STU_4354,3.81,7,1,17,Below 10k,1,2,0,2,0,Transitional_Phase_1,4,2025,2,524,8000,1,2,2,1
STU_4355,3.43,10,2,6,Below 10k,0,2,0,1,0,Transitional_Phase_1,2,2025,1,473,8000,1,2,1,0
STU_4356,3.26,13,5,9,10-15K,1,2,1,1,0,Transitional_Phase_1,6,2025,2,583,12500,1,1,2,1
STU_4357,3.3,2,5,9,Below 10k,0,2,0,1,0,Transitional_Phase_1,12,2024,4,411,8000,1,1,1,1
STU_4358,3.47,13,5,9,16-20K,0,2,2,1,0,Transitional_Phase_1,12,2024,4,406,18000,1,2,3,0
STU_4359,3.26,6,6,12,10-15K,0,2,1,1,0,Transitional_Phase_1,3,2025,1,510,12500,1,1,2,1
STU_4360,3.3,0,7,0,16-20K,1,2,2,1,1,Transitional_Phase_1,4,2025,2,540,18000,1,1,3,1
STU_4361,3.45,4,4,13,10-15K,1,2,1,1,0,Transitional_Phase_1,3,2025,1,508,12500,1,2,2,0
STU_4362,3.27,17,2,6,10-15K,1,2,1,1,0,Transitional_Phase_1,1,2025,1,428,12500,1,1,2,1
STU_4363,3.19,5,3,8,Below 10k,1,2,0,1,0,Transitional_Phase_1,3,2025,1,514,8000,1,1,1,1
STU_4364,3.84,1,4,13,16-20K,0,2,2,2,0,Transitional_Phase_1,5,2025,2,564,18000,1,2,4,1
STU_4365,3.46,16,4,13,16-20K,0,2,2,1,0,Transitional_Phase_1,10,2024,4,335,18000,1,2,3,0
STU_4366,3.25,16,6,3,10-15K,0,2,1,1,0,Transitional_Phase_1,12,2024,4,399,12500,1,1,2,1
STU_4367,3.36,19,6,12,10-15K,1,2,1,1,0,Transitional_Phase_1,3,2025,1,504,12500,1,1,2,1
STU_4368,3.37,6,6,14,Below 10k,1,2,0,1,0,Transitional_Phase_1,5,2025,2,572,8000,1,1,1,1
STU_4369,3.3,8,7,0,10-15K,1,2,1,1,0,Transitional_Phase_1,4,2025,2,517,12500,1,1,2,1
STU_4370,2.88,19,6,1,Below 10k,1,2,0,1,0,Transitional_Phase_1,12,2024,4,409,8000,1,0,1,0
STU_4371,3.35,16,4,13,10-15K,0,2,1,1,0,Transitional_Phase_1,9,2024,3,334,12500,1,1,2,1
STU_4372,2.7,7,3,8,Below 10k,0,2,0,1,0,Transitional_Phase_1,6,2025,2,579,8000,1,0,1,0
STU_4373,3.2,9,2,6,Below 10k,0,2,0,1,0,Transitional_Phase_1,11,2024,4,390,8000,1,1,1,1
STU_4374,3.15,10,2,6,10-15K,0,2,1,1,0,Transitional_Phase_1,4,2025,2,517,12500,1,1,2,1
STU_4375,3.48,16,4,13,16-20K,1,2,2,1,1,Transitional_Phase_1,11,2024,4,369,18000,1,2,3,0
STU_4376,3.33,9,2,6,Below 10k,1,2,0,1,0,Transitional_Phase_1,1,2025,1,447,8000,1,1,1,1
STU_4377,3.18,8,7,0,Below 10k,1,2,0,1,0,Transitional_Phase_1,8,2024,3,290,8000,1,1,1,1
STU_4378,2.23,12,6,3,16-20K,0,2,2,0,0,Transitional_Phase_1,3,2025,1,509,18000,1,0,2,1
STU_4379,3.41,2,5,9,10-15K,0,2,1,1,0,Transitional_Phase_1,2,2025,1,475,12500,1,2,2,0
STU_4380,3.14,16,6,1,Below 10k,1,2,0,1,0,Transitional_Phase_1,12,2024,4,397,8000,1,1,1,1
STU_4381,3.4,3,2,6,Below 10k,0,2,0,1,0,Transitional_Phase_1,4,2025,2,543,8000,1,2,1,0
STU_4382,3.21,12,3,8,Below 10k,0,2,0,1,0,Transitional_Phase_1,12,2024,4,411,8000,1,1,1,1
STU_4383,3.85,3,2,6,10-15K,0,2,1,2,0,Transitional_Phase_1,4,2025,2,521,12500,1,2,3,1
STU_4384,2.55,22,3,8,Below 10k,0,2,0,1,0,Transitional_Phase_1,10,2024,4,360,8000,1,0,1,0
STU_4385,3.46,11,5,9,Below 10k,1,2,0,1,0,Transitional_Phase_1,9,2024,3,311,8000,1,2,1,0
STU_4386,3.23,18,0,4,16-20K,1,2,2,1,1,Transitional_Phase_1,11,2024,4,393,18000,1,1,3,1
STU_4387,3.25,9,2,6,Below 10k,1,2,0,1,0,Transitional_Phase_1,12,2024,4,413,8000,1,1,1,1
STU_4388,3.2,9,2,6,Below 10k,0,2,0,1,0,Transitional_Phase_1,8,2024,3,290,8000,1,1,1,1
STU_4389,3.19,12,3,8,Below 10k,0,2,0,1,0,Transitional_Phase_1,6,2025,2,607,8000,1,1,1,1
STU_4390,3.17,6,1,11,Below 10k,0,2,0,1,0,Transitional_Phase_1,12,2024,4,398,8000,1,1,1,1
STU_4391,3.37,7,1,17,Below 10k,1,2,0,1,0,Transitional_Phase_1,9,2024,3,308,8000,1,1,1,1
STU_4392,3.69,1,4,13,16-20K,1,2,2,2,1,Transitional_Phase_1,11,2024,4,395,18000,1,2,4,1
STU_4393,2.99,5,0,2,16-20K,0,2,2,1,0,Transitional_Phase_1,3,2025,1,508,18000,1,0,3,0
STU_4394,2.51,6,6,1,Below 10k,1,2,0,1,0,Transitional_Phase_1,3,2025,1,489,8000,1,0,1,0
STU_4395,3.42,12,3,8,Below 10k,1,2,0,1,0,Transitional_Phase_1,2,2025,1,466,8000,1,2,1,0
STU_4396,3.31,7,3,8,Below 10k,1,2,0,1,0,Transitional_Phase_1,8,2024,3,289,8000,1,1,1,1
STU_4397,3.39,5,0,15,10-15K,1,2,1,1,0,Transitional_Phase_1,11,2024,4,383,12500,1,1,2,1
STU_4398,3.48,9,2,6,16-20K,1,2,2,1,1,Transitional_Phase_1,3,2025,1,494,18000,1,2,3,0
STU_4399,3.88,9,2,6,Below 10k,0,2,0,2,0,Transitional_Phase_1,4,2025,2,523,8000,1,2,2,1
STU_4400,3.14,22,3,8,16-20K,0,2,2,1,0,Transitional_Phase_1,12,2024,4,404,18000,1,1,3,1
STU_4401,3.24,0,7,0,16-20K,1,2,2,1,1,Transitional_Phase_1,3,2025,1,493,18000,1,1,3,1
STU_4402,3.21,5,3,8,Below 10k,1,2,0,1,0,Transitional_Phase_1,3,2025,1,513,8000,1,1,1,1
STU_4403,3.19,7,1,11,Below 10k,1,2,0,1,0,Transitional_Phase_1,3,2025,1,493,8000,1,1,1,1
STU_4404,3.57,1,4,13,Below 10k,0,2,0,2,0,Transitional_Phase_1,11,2024,4,378,8000,1,2,2,1
STU_4405,3.1,7,3,8,16-20K,1,2,2,1,1,Transitional_Phase_1,11,2024,4,388,18000,1,1,3,1
STU_4406,3.37,0,7,0,Below 10k,0,2,0,1,1,Transitional_Phase_1,5,2025,2,561,8000,1,1,1,1
STU_4407,3.9,5,3,8,Below 10k,0,2,0,2,0,Transitional_Phase_1,11,2024,4,390,8000,1,2,2,1
STU_4408,3.24,7,3,8,Below 10k,0,2,0,1,0,Transitional_Phase_1,11,2024,4,383,8000,1,1,1,1
STU_4409,3.36,16,4,13,16-20K,0,2,2,1,0,Transitional_Phase_1,1,2025,1,434,18000,1,1,3,1
STU_4410,3.46,17,2,6,10-15K,1,2,1,1,0,Transitional_Phase_1,11,2024,4,378,12500,1,2,2,0
STU_4411,3.28,9,7,0,10-15K,0,2,1,1,0,Transitional_Phase_1,12,2024,4,412,12500,1,1,2,1
STU_4412,3.11,9,2,6,Below 10k,1,2,0,1,0,Transitional_Phase_1,1,2025,1,445,8000,1,1,1,1
STU_4413,3.2,21,0,16,Below 10k,0,2,0,1,0,Transitional_Phase_1,6,2025,2,589,8000,1,1,1,1
STU_4414,3.18,12,3,8,Below 10k,0,2,0,1,0,Transitional_Phase_1,11,2024,4,385,8000,1,1,1,1
STU_4415,3.21,13,5,9,16-20K,1,2,2,1,1,Transitional_Phase_1,1,2025,1,457,18000,1,1,3,1
STU_4416,2.93,7,1,11,Below 10k,1,2,0,1,0,Transitional_Phase_1,12,2024,4,401,8000,1,0,1,0
STU_4417,3.3,9,7,0,10-15K,1,2,1,1,0,Transitional_Phase_1,4,2025,2,523,12500,1,1,2,1
STU_4418,3.28,10,7,0,16-20K,1,2,2,1,1,Transitional_Phase_1,1,2025,1,444,18000,1,1,3,1
STU_4419,3.47,5,1,18,16-20K,0,2,2,1,0,Transitional_Phase_1,8,2024,3,303,18000,1,2,3,0
STU_4420,3.4,2,5,9,16-20K,1,2,2,1,1,Transitional_Phase_1,9,2024,3,318,18000,1,2,3,0
STU_4421,2.68,8,7,0,16-20K,1,2,2,1,0,Transitional_Phase_1,3,2025,1,513,18000,1,0,3,0
STU_4422,3.26,13,0,4,16-20K,0,2,2,1,0,Transitional_Phase_1,4,2025,2,543,18000,1,1,3,1
STU_4423,3.16,14,4,13,16-20K,1,2,2,1,1,Transitional_Phase_1,3,2025,1,508,18000,1,1,3,1
STU_4424,3.49,13,0,4,10-15K,0,2,1,1,0,Transitional_Phase_1,4,2025,2,530,12500,1,2,2,0
STU_4425,3.36,0,7,0,Below 10k,0,2,0,1,0,Transitional_Phase_1,6,2025,2,583,8000,1,1,1,1
STU_4426,2.73,3,2,6,16-20K,1,2,2,1,0,Transitional_Phase_1,5,2025,2,576,18000,1,0,3,0
STU_4427,3.48,13,5,9,16-20K,0,2,2,1,0,Transitional_Phase_1,2,2025,1,477,18000,1,2,3,0
STU_4428,3.51,16,6,12,16-20K,0,2,2,2,0,Transitional_Phase_1,9,2024,3,318,18000,1,2,4,1
STU_4429,2.63,5,1,18,16-20K,0,2,2,1,0,Transitional_Phase_1,3,2025,1,504,18000,1,0,3,0
STU_4430,3.47,9,2,6,16-20K,1,2,2,1,1,Transitional_Phase_1,3,2025,1,488,18000,1,2,3,0
STU_4431,2.62,8,7,0,Below 10k,0,2,0,1,0,Transitional_Phase_1,11,2024,4,385,8000,1,0,1,0
STU_4432,3.33,2,5,9,10-15K,1,2,1,1,0,Transitional_Phase_1,11,2024,4,391,12500,1,1,2,1
STU_4433,3.06,11,5,9,Below 10k,0,2,0,1,0,Transitional_Phase_1,3,2025,1,507,8000,1,1,1,1
STU_4434,3.46,6,1,11,10-15K,1,2,1,1,0,Transitional_Phase_1,3,2025,1,506,12500,1,2,2,0
STU_4435,3.47,12,3,8,10-15K,0,2,1,1,0,Transitional_Phase_1,6,2025,2,592,12500,1,2,2,0
STU_4436,2.54,13,5,9,16-20K,1,2,2,1,1,Transitional_Phase_1,1,2025,1,440,18000,1,0,3,0
STU_4437,3.11,5,0,4,16-20K,0,2,2,1,0,Transitional_Phase_1,3,2025,1,492,18000,1,1,3,1
STU_4438,3.45,5,3,8,16-20K,1,2,2,1,1,Transitional_Phase_1,5,2025,2,560,18000,1,2,3,0
STU_4439,2.43,14,4,13,Below 10k,1,2,0,0,0,Transitional_Phase_1,3,2025,1,491,8000,1,0,0,1
STU_4440,3.85,1,4,13,Below 10k,1,2,0,2,0,Transitional_Phase_1,8,2024,3,297,8000,1,2,2,1
STU_4441,3.14,4,4,13,10-15K,0,2,1,1,0,Transitional_Phase_1,3,2025,1,502,12500,1,1,2,1
STU_4442,3.9,11,5,9,10-15K,1,2,1,2,0,Transitional_Phase_1,4,2025,2,543,12500,1,2,3,1
STU_4443,3.2,16,4,13,16-20K,0,2,2,1,0,Transitional_Phase_1,6,2025,2,602,18000,1,1,3,1
STU_4444,2.9,9,0,16,10-15K,0,2,1,1,0,Transitional_Phase_1,5,2025,2,570,12500,1,0,2,0
STU_4445,2.9,7,1,17,16-20K,1,2,2,1,1,Transitional_Phase_1,2,2025,1,468,18000,1,0,3,0
STU_4446,3.38,13,5,9,Below 10k,0,2,0,1,0,Transitional_Phase_1,9,2024,3,314,8000,1,1,1,1
STU_4447,3.9,21,0,2,Below 10k,1,2,0,2,0,Transitional_Phase_1,8,2024,3,296,8000,1,2,2,1
STU_4448,3.15,15,6,14,Below 10k,1,2,0,1,0,Transitional_Phase_1,2,2025,1,482,8000,1,1,1,1
STU_4449,3.69,16,4,13,10-15K,0,2,1,2,0,Transitional_Phase_1,9,2024,3,322,12500,1,2,3,1
STU_4450,3.06,5,3,8,16-20K,0,2,2,1,0,Transitional_Phase_1,8,2024,3,284,18000,1,1,3,1
STU_4451,3.12,7,1,18,Below 10k,1,2,0,1,0,Transitional_Phase_1,9,2024,3,327,8000,1,1,1,1
STU_4452,3.28,5,0,15,Below 10k,1,2,0,1,0,Transitional_Phase_1,3,2025,1,502,8000,1,1,1,1
STU_4453,3.22,9,7,0,16-20K,0,2,2,1,0,Transitional_Phase_1,11,2024,4,392,18000,1,1,3,1
STU_4454,3.25,22,3,8,Below 10k,1,2,0,1,0,Transitional_Phase_1,4,2025,2,528,8000,1,1,1,1
STU_4455,3.21,20,1,11,Below 10k,0,2,0,1,0,Transitional_Phase_1,3,2025,1,488,8000,1,1,1,1
STU_4456,3.21,21,0,5,10-15K,1,2,1,1,0,Transitional_Phase_1,11,2024,4,390,12500,1,1,2,1
STU_4457,3.01,2,5,9,10-15K,0,2,1,1,0,Transitional_Phase_1,9,2024,3,309,12500,1,1,2,1
STU_4458,2.61,12,6,12,Below 10k,0,2,0,1,0,Transitional_Phase_1,10,2024,4,356,8000,1,0,1,0
STU_4459,3.36,10,7,0,Below 10k,0,2,0,1,0,Transitional_Phase_1,1,2025,1,452,8000,1,1,1,1
STU_4460,3.23,1,4,13,Below 10k,0,2,0,1,0,Transitional_Phase_1,9,2024,3,325,8000,1,1,1,1
STU_4461,3.36,15,6,10,Below 10k,0,2,0,1,1,Transitional_Phase_1,4,2025,2,536,8000,1,1,1,1
STU_4462,3.83,11,5,9,16-20K,1,2,2,2,1,Transitional_Phase_1,10,2024,4,354,18000,1,2,4,1
STU_4463,2.51,16,4,13,10-15K,1,2,1,1,0,Transitional_Phase_1,6,2025,2,579,12500,1,0,2,0
STU_4464,3.33,7,7,0,16-20K,1,2,2,1,1,Transitional_Phase_1,9,2024,3,317,18000,1,1,3,1
STU_4465,3.29,13,5,9,10-15K,1,2,1,1,0,Transitional_Phase_1,10,2024,4,340,12500,1,1,2,1
STU_4466,3.29,12,6,12,16-20K,1,2,2,1,1,Transitional_Phase_1,3,2025,1,513,18000,1,1,3,1
STU_4467,3.57,22,3,8,16-20K,1,2,2,2,1,Transitional_Phase_1,11,2024,4,370,18000,1,2,4,1
STU_4468,3.47,13,5,9,Below 10k,1,2,0,1,0,Transitional_Phase_1,3,2025,1,489,8000,1,2,1,0
STU_4469,3.14,20,1,17,Below 10k,0,2,0,1,0,Transitional_Phase_1,10,2024,4,345,8000,1,1,1,1
STU_4470,3.38,13,0,4,16-20K,1,2,2,1,1,Transitional_Phase_1,4,2025,2,517,18000,1,1,3,1
STU_4471,2.46,16,6,14,10-15K,1,2,1,0,0,Transitional_Phase_1,12,2024,4,418,12500,1,0,1,1
STU_4472,3.47,6,1,17,Below 10k,0,2,0,1,0,Transitional_Phase_1,9,2024,3,307,8000,1,2,1,0
STU_4473,3.21,3,2,6,16-20K,0,2,2,1,0,Transitional_Phase_1,12,2024,4,403,18000,1,1,3,1
STU_4474,3.32,9,2,6,16-20K,1,2,2,1,1,Transitional_Phase_1,6,2025,2,599,18000,1,1,3,1
STU_4475,3.0,4,4,13,16-20K,0,2,2,1,0,Transitional_Phase_1,11,2024,4,394,18000,1,1,3,1
STU_4476,2.12,8,7,0,Below 10k,1,2,0,0,0,Transitional_Phase_1,2,2025,1,463,8000,1,0,0,1
STU_4477,3.36,9,2,6,16-20K,1,2,2,1,1,Transitional_Phase_1,9,2024,3,329,18000,1,1,3,1
STU_4478,2.81,12,6,12,Below 10k,1,2,0,1,0,Transitional_Phase_1,8,2024,3,292,8000,1,0,1,0
STU_4479,2.61,1,4,13,Below 10k,0,2,0,1,0,Transitional_Phase_1,3,2025,1,491,8000,1,0,1,0
STU_4480,3.38,6,6,1,16-20K,0,2,2,1,0,Transitional_Phase_1,10,2024,4,341,18000,1,1,3,1
STU_4481,3.17,16,6,1,10-15K,1,2,1,1,0,Transitional_Phase_1,10,2024,4,358,12500,1,1,2,1
STU_4482,2.64,12,6,1,16-20K,0,2,2,1,0,Transitional_Phase_1,1,2025,1,429,18000,1,0,3,0
STU_4483,3.19,10,7,0,16-20K,0,2,2,1,0,Transitional_Phase_1,3,2025,1,509,18000,1,1,3,1
STU_4484,3.36,3,2,6,16-20K,0,2,2,1,0,Transitional_Phase_1,9,2024,3,319,18000,1,1,3,1
STU_4485,3.34,1,4,13,Below 10k,1,2,0,1,0,Transitional_Phase_1,1,2025,1,429,8000,1,1,1,1
STU_4486,3.35,17,2,6,16-20K,0,2,2,1,0,Transitional_Phase_1,11,2024,4,381,18000,1,1,3,1
STU_4487,2.5,3,2,6,10-15K,1,2,1,1,0,Transitional_Phase_1,5,2025,2,564,12500,1,0,2,0
STU_4488,3.26,13,5,9,16-20K,0,2,2,1,0,Transitional_Phase_1,11,2024,4,387,18000,1,1,3,1
STU_4489,2.71,13,0,16,16-20K,1,2,2,1,1,Transitional_Phase_1,10,2024,4,361,18000,1,0,3,0
STU_4490,3.22,5,0,2,16-20K,1,2,2,1,1,Transitional_Phase_1,5,2025,2,561,18000,1,1,3,1
STU_4491,2.84,6,1,18,Below 10k,1,2,0,1,0,Transitional_Phase_1,5,2025,2,570,8000,1,0,1,0
STU_4492,3.37,7,3,8,16-20K,1,2,2,1,1,Transitional_Phase_1,4,2025,2,528,18000,1,1,3,1
STU_4493,3.11,12,3,8,10-15K,0,2,1,1,0,Transitional_Phase_1,4,2025,2,532,12500,1,1,2,1
STU_4494,3.39,21,0,5,10-15K,0,2,1,1,0,Transitional_Phase_1,11,2024,4,372,12500,1,1,2,1
STU_4495,2.55,17,2,6,16-20K,0,2,2,1,0,Transitional_Phase_1,5,2025,2,572,18000,1,0,3,0
STU_4496,3.35,2,5,9,10-15K,1,2,1,1,0,Transitional_Phase_1,8,2024,3,285,12500,1,1,2,1
STU_4497,2.93,22,3,8,16-20K,0,2,2,1,0,Transitional_Phase_1,5,2025,2,551,18000,1,0,3,0
STU_4498,3.49,16,6,3,16-20K,1,2,2,1,1,Transitional_Phase_1,1,2025,1,453,18000,1,2,3,0
STU_4499,3.5,6,6,14,Below 10k,1,2,0,2,0,Transitional_Phase_1,10,2024,4,350,8000,1,2,2,1
STU_4500,3.44,9,2,6,10-15K,1,2,1,1,0,Transitional_Phase_1,6,2025,2,607,12500,1,2,2,0
STU_4501,3.22,2,5,9,Below 10k,1,2,0,1,0,Transitional_Phase_1,5,2025,2,551,8000,1,1,1,1
STU_4502,3.29,2,5,9,16-20K,0,2,2,1,0,Transitional_Phase_1,10,2024,4,355,18000,1,1,3,1
STU_4503,3.45,3,2,6,Below 10k,1,2,0,1,0,Transitional_Phase_1,3,2025,1,495,8000,1,2,1,0
STU_4504,2.58,20,1,11,Below 10k,0,2,0,1,0,Transitional_Phase_1,5,2025,2,569,8000,1,0,1,0
STU_4505,3.18,9,2,6,Below 10k,1,2,0,1,0,Transitional_Phase_1,11,2024,4,384,8000,1,1,1,1
STU_4506,3.31,16,6,10,16-20K,0,2,2,1,0,Transitional_Phase_1,4,2025,2,517,18000,1,1,3,1
STU_4507,3.42,20,1,17,10-15K,1,2,1,1,0,Transitional_Phase_1,5,2025,2,554,12500,1,2,2,0
STU_4508,3.39,6,6,10,16-20K,0,2,2,1,0,Transitional_Phase_1,9,2024,3,306,18000,1,1,3,1
STU_4509,3.27,12,3,8,Below 10k,0,2,0,1,0,Transitional_Phase_1,6,2025,2,578,8000,1,1,1,1
STU_4510,2.83,12,3,8,10-15K,1,2,1,1,0,Transitional_Phase_1,11,2024,4,366,12500,1,0,2,0
STU_4511,3.32,7,1,17,16-20K,1,2,2,1,1,Transitional_Phase_1,11,2024,4,367,18000,1,1,3,1
STU_4512,3.87,12,6,3,10-15K,0,2,1,2,0,Transitional_Phase_1,3,2025,1,498,12500,1,2,3,1
STU_4513,2.59,17,2,6,Below 10k,1,2,0,1,0,Transitional_Phase_1,10,2024,4,337,8000,1,0,1,0
STU_4514,3.25,16,4,13,16-20K,1,2,2,1,1,Transitional_Phase_1,4,2025,2,534,18000,1,1,3,1
STU_4515,3.28,9,7,0,16-20K,0,2,2,1,0,Transitional_Phase_1,1,2025,1,455,18000,1,1,3,1
STU_4516,3.12,10,7,0,10-15K,1,2,1,1,0,Transitional_Phase_1,5,2025,2,552,12500,1,1,2,1
STU_4517,2.4,13,0,16,10-15K,1,2,1,0,0,Transitional_Phase_1,3,2025,1,506,12500,1,0,1,1
STU_4518,3.44,14,4,13,16-20K,1,2,2,1,0,Transitional_Phase_1,2,2025,1,461,18000,1,2,3,0
STU_4519,2.78,10,2,6,Below 10k,1,2,0,1,0,Transitional_Phase_1,9,2024,3,325,8000,1,0,1,0
STU_4520,2.91,9,2,6,10-15K,0,2,1,1,0,Transitional_Phase_1,9,2024,3,329,12500,1,0,2,0
STU_4521,3.19,6,1,18,16-20K,0,2,2,1,0,Transitional_Phase_1,8,2024,3,303,18000,1,1,3,1
STU_4522,2.77,12,6,3,Below 10k,0,2,0,1,0,Transitional_Phase_1,5,2025,2,566,8000,1,0,1,0
STU_4523,2.59,13,5,9,Below 10k,0,2,0,1,0,Transitional_Phase_1,2,2025,1,467,8000,1,0,1,0
STU_4524,3.33,7,3,8,16-20K,1,2,2,1,1,Transitional_Phase_1,12,2024,4,416,18000,1,1,3,1
STU_4525,3.14,14,4,13,Below 10k,0,2,0,1,0,Transitional_Phase_1,8,2024,3,288,8000,1,1,1,1
STU_4526,3.42,11,5,9,10-15K,0,2,1,1,0,Transitional_Phase_1,4,2025,2,527,12500,1,2,2,0
STU_4527,3.21,2,5,9,16-20K,0,2,2,1,0,Transitional_Phase_1,2,2025,1,477,18000,1,1,3,1
STU_4528,3.45,17,2,6,16-20K,0,2,2,1,0,Transitional_Phase_1,5,2025,2,576,18000,1,2,3,0
STU_4529,3.34,8,7,0,10-15K,1,2,1,1,0,Transitional_Phase_1,3,2025,1,507,12500,1,1,2,1
STU_4530,3.16,7,3,8,10-15K,0,2,1,1,0,Transitional_Phase_1,4,2025,2,526,12500,1,1,2,1
STU_4531,3.35,12,3,8,10-15K,1,2,1,1,0,Transitional_Phase_1,1,2025,1,451,12500,1,1,2,1
STU_4532,3.48,12,6,10,Below 10k,0,2,0,1,0,Transitional_Phase_1,12,2024,4,403,8000,1,2,1,0
STU_4533,3.05,3,2,6,10-15K,1,2,1,1,0,Transitional_Phase_1,4,2025,2,546,12500,1,1,2,1
STU_4534,3.14,9,0,5,10-15K,1,2,1,1,0,Transitional_Phase_1,9,2024,3,309,12500,1,1,2,1
STU_4535,3.13,5,1,17,10-15K,0,2,1,1,0,Transitional_Phase_1,1,2025,1,453,12500,1,1,2,1
STU_4536,3.35,10,7,0,16-20K,0,2,2,1,0,Transitional_Phase_1,1,2025,1,444,18000,1,1,3,1
STU_4537,3.3,15,6,1,16-20K,0,2,2,1,0,Transitional_Phase_1,9,2024,3,314,18000,1,1,3,1
STU_4538,3.22,12,3,8,10-15K,0,2,1,1,0,Transitional_Phase_1,10,2024,4,345,12500,1,1,2,1
STU_4539,3.38,21,0,2,16-20K,1,2,2,1,1,Transitional_Phase_1,9,2024,3,310,18000,1,1,3,1
STU_4540,3.29,9,2,6,16-20K,1,2,2,1,1,Transitional_Phase_1,2,2025,1,481,18000,1,1,3,1
STU_4541,3.21,10,2,6,Below 10k,1,2,0,1,0,Transitional_Phase_1,9,2024,3,306,8000,1,1,1,1
STU_4542,3.0,13,0,4,10-15K,1,2,1,1,0,Transitional_Phase_1,4,2025,2,533,12500,1,1,2,1
STU_4543,2.86,8,7,0,Below 10k,1,2,0,1,0,Transitional_Phase_1,11,2024,4,379,8000,1,0,1,0
STU_4544,2.11,10,2,6,Below 10k,1,2,0,0,0,Transitional_Phase_1,1,2025,1,441,8000,1,0,0,1
STU_4545,2.86,22,3,8,10-15K,1,2,1,1,0,Transitional_Phase_1,3,2025,1,510,12500,1,0,2,0
STU_4546,3.46,9,7,0,10-15K,0,2,1,1,0,Transitional_Phase_1,11,2024,4,389,12500,1,2,2,0
STU_4547,3.45,6,6,3,10-15K,1,2,1,1,0,Transitional_Phase_1,4,2025,2,539,12500,1,2,2,0
STU_4548,3.45,4,4,13,10-15K,1,2,1,1,0,Transitional_Phase_1,4,2025,2,534,12500,1,2,2,0
STU_4549,3.3,6,1,17,10-15K,0,2,1,1,0,Transitional_Phase_1,1,2025,1,451,12500,1,1,2,1
STU_4550,2.7,4,4,13,10-15K,1,2,1,1,0,Transitional_Phase_1,4,2025,2,543,12500,1,0,2,0
STU_4551,2.92,7,3,8,10-15K,0,2,1,1,0,Transitional_Phase_1,11,2024,4,384,12500,1,0,2,0
STU_4552,3.49,11,5,9,16-20K,1,2,2,1,1,Transitional_Phase_1,4,2025,2,517,18000,1,2,3,0
STU_4553,3.48,9,2,6,10-15K,1,2,1,1,0,Transitional_Phase_1,9,2024,3,312,12500,1,2,2,0
STU_4554,3.23,6,6,1,10-15K,0,2,1,1,0,Transitional_Phase_1,6,2025,2,595,12500,1,1,2,1
STU_4555,3.35,14,4,13,10-15K,1,2,1,1,0,Transitional_Phase_1,11,2024,4,388,12500,1,1,2,1
STU_4556,2.99,12,6,3,16-20K,1,2,2,1,1,Transitional_Phase_1,12,2024,4,412,18000,1,0,3,0
STU_4557,3.16,3,2,6,Below 10k,1,2,0,1,0,Transitional_Phase_1,1,2025,1,447,8000,1,1,1,1
STU_4558,3.93,12,3,8,10-15K,0,2,1,2,0,Transitional_Phase_1,10,2024,4,364,12500,1,2,3,1
STU_4559,3.29,1,4,13,10-15K,1,2,1,1,0,Transitional_Phase_1,5,2025,2,554,12500,1,1,2,1
STU_4560,3.12,10,7,0,16-20K,0,2,2,1,0,Transitional_Phase_1,5,2025,2,562,18000,1,1,3,1
STU_4561,2.84,7,7,0,16-20K,1,2,2,1,1,Transitional_Phase_1,11,2024,4,383,18000,1,0,3,0
STU_4562,3.36,22,3,8,Below 10k,1,2,0,1,0,Transitional_Phase_1,6,2025,2,604,8000,1,1,1,1
STU_4563,3.79,5,1,11,16-20K,0,2,2,2,0,Transitional_Phase_1,12,2024,4,426,18000,1,2,4,1
STU_4564,3.46,14,4,13,16-20K,0,2,2,1,0,Transitional_Phase_1,10,2024,4,340,18000,1,2,3,0
STU_4565,3.11,0,7,0,10-15K,1,2,1,1,0,Transitional_Phase_1,1,2025,1,441,12500,1,1,2,1
STU_4566,2.91,0,1,17,Below 10k,0,2,0,1,0,Transitional_Phase_1,12,2024,4,402,8000,1,0,1,0
STU_4567,3.21,1,4,13,16-20K,1,2,2,1,1,Transitional_Phase_1,6,2025,2,580,18000,1,1,3,1
STU_4568,3.13,11,5,9,10-15K,0,2,1,1,0,Transitional_Phase_1,10,2024,4,335,12500,1,1,2,1
STU_4569,3.28,11,5,9,16-20K,0,2,2,1,0,Transitional_Phase_1,6,2025,2,582,18000,1,1,3,1
STU_4570,3.11,21,0,2,Below 10k,1,2,0,1,0,Transitional_Phase_1,11,2024,4,389,8000,1,1,1,1
STU_4571,3.12,13,5,9,10-15K,1,2,1,1,0,Transitional_Phase_1,4,2025,2,545,12500,1,1,2,1
STU_4572,2.74,18,0,4,10-15K,0,2,1,1,0,Transitional_Phase_1,10,2024,4,363,12500,1,0,2,0
STU_4573,3.47,13,5,9,10-15K,0,2,1,1,0,Transitional_Phase_1,4,2025,2,519,12500,1,2,2,0
STU_4574,3.29,12,6,14,10-15K,0,2,1,1,0,Transitional_Phase_1,10,2024,4,363,12500,1,1,2,1
STU_4575,2.55,0,1,17,10-15K,1,2,1,1,0,Transitional_Phase_1,1,2025,1,429,12500,1,0,2,0
STU_4576,3.33,10,2,6,16-20K,1,2,2,1,1,Transitional_Phase_1,8,2024,3,284,18000,1,1,3,1
STU_4577,3.26,6,6,14,Below 10k,1,2,0,1,0,Transitional_Phase_1,10,2024,4,349,8000,1,1,1,1
STU_4578,3.39,5,0,4,Below 10k,0,2,0,1,0,Transitional_Phase_1,2,2025,1,485,8000,1,1,1,1
STU_4579,3.44,3,2,6,10-15K,0,2,1,1,0,Transitional_Phase_1,4,2025,2,542,12500,1,2,2,0
STU_4580,3.18,12,3,8,10-15K,0,2,1,1,0,Transitional_Phase_1,10,2024,4,345,12500,1,1,2,1
STU_4581,3.1,14,4,13,16-20K,0,2,2,1,0,Transitional_Phase_1,6,2025,2,587,18000,1,1,3,1
STU_4582,3.21,13,5,9,16-20K,0,2,2,1,1,Transitional_Phase_1,5,2025,2,566,18000,1,1,3,1
STU_4583,3.34,2,5,9,Below 10k,1,2,0,1,0,Transitional_Phase_1,3,2025,1,489,8000,1,1,1,1
STU_4584,3.48,8,7,0,Below 10k,1,2,0,1,0,Transitional_Phase_1,1,2025,1,447,8000,1,2,1,0
STU_4585,3.08,16,4,13,16-20K,0,2,2,1,0,Transitional_Phase_1,10,2024,4,344,18000,1,1,3,1
STU_4586,3.41,12,3,8,16-20K,1,2,2,1,1,Transitional_Phase_1,9,2024,3,320,18000,1,2,3,0
STU_4587,3.2,0,7,0,Below 10k,1,2,0,1,0,Transitional_Phase_1,1,2025,1,443,8000,1,1,1,1
STU_4588,3.16,12,3,8,10-15K,0,2,1,1,0,Transitional_Phase_1,6,2025,2,600,12500,1,1,2,1
STU_4589,3.14,6,1,11,16-20K,1,2,2,1,1,Transitional_Phase_1,9,2024,3,331,18000,1,1,3,1
STU_4590,3.95,13,0,16,10-15K,1,2,1,2,1,Transitional_Phase_1,3,2025,1,500,12500,1,2,3,1
STU_4591,3.1,0,7,0,16-20K,1,2,2,1,1,Transitional_Phase_1,12,2024,4,396,18000,1,1,3,1
STU_4592,3.2,9,2,6,Below 10k,0,2,0,1,1,Transitional_Phase_1,9,2024,3,333,8000,1,1,1,1
STU_4593,2.8,10,2,6,16-20K,0,2,2,1,1,Transitional_Phase_1,10,2024,4,357,18000,1,0,3,0
STU_4594,3.28,2,5,9,10-15K,1,2,1,1,0,Transitional_Phase_1,12,2024,4,401,12500,1,1,2,1
STU_4595,3.26,9,2,6,16-20K,0,2,2,1,0,Transitional_Phase_1,8,2024,3,293,18000,1,1,3,1
STU_4596,3.14,19,6,14,10-15K,1,2,1,1,0,Transitional_Phase_1,4,2025,2,518,12500,1,1,2,1
STU_4597,3.94,12,6,14,10-15K,0,2,1,2,0,Transitional_Phase_1,3,2025,1,486,12500,1,2,3,1
STU_4598,3.4,5,1,18,Below 10k,1,2,0,1,0,Transitional_Phase_1,4,2025,2,528,8000,1,2,1,0
STU_4599,2.93,12,3,8,Below 10k,0,2,0,1,0,Transitional_Phase_1,1,2025,1,449,8000,1,0,1,0
STU_4600,3.12,9,0,5,Below 10k,0,2,0,1,0,Transitional_Phase_1,11,2024,4,366,8000,1,1,1,1
STU_4601,3.02,10,2,6,Below 10k,0,2,0,1,0,Transitional_Phase_1,3,2025,1,493,8000,1,1,1,1
STU_4602,3.47,6,1,11,10-15K,1,2,1,1,0,Transitional_Phase_1,3,2025,1,504,12500,1,2,2,0
STU_4603,2.55,12,6,10,10-15K,1,2,1,1,0,Transitional_Phase_1,3,2025,1,516,12500,1,0,2,0
STU_4604,3.32,5,0,16,16-20K,0,2,2,1,0,Transitional_Phase_1,10,2024,4,339,18000,1,1,3,1
STU_4605,3.37,7,3,8,10-15K,1,2,1,1,0,Transitional_Phase_1,3,2025,1,504,12500,1,1,2,1
STU_4606,3.36,21,0,16,16-20K,1,2,2,1,1,Transitional_Phase_1,12,2024,4,406,18000,1,1,3,1
STU_4607,3.37,20,1,17,10-15K,0,2,1,1,0,Transitional_Phase_1,3,2025,1,490,12500,1,1,2,1
STU_4608,3.01,0,1,11,Below 10k,1,2,0,1,0,Transitional_Phase_1,6,2025,2,589,8000,1,1,1,1
STU_4609,3.24,6,1,11,16-20K,0,2,2,1,0,Transitional_Phase_1,3,2025,1,498,18000,1,1,3,1
STU_4610,3.22,7,7,0,10-15K,1,2,1,1,0,Transitional_Phase_1,4,2025,2,545,12500,1,1,2,1
STU_4611,3.24,5,1,11,16-20K,1,2,2,1,1,Transitional_Phase_1,6,2025,2,589,18000,1,1,3,1
STU_4612,3.22,7,7,0,16-20K,1,2,2,1,1,Transitional_Phase_1,10,2024,4,337,18000,1,1,3,1
STU_4613,3.47,5,3,8,16-20K,0,2,2,1,0,Transitional_Phase_1,12,2024,4,422,18000,1,2,3,0
STU_4614,3.34,13,5,9,16-20K,0,2,2,1,0,Transitional_Phase_1,6,2025,2,581,18000,1,1,3,1
STU_4615,3.26,22,3,8,Below 10k,0,2,0,1,0,Transitional_Phase_1,3,2025,1,514,8000,1,1,1,1
STU_4616,3.42,0,1,18,10-15K,1,2,1,1,0,Transitional_Phase_1,5,2025,2,550,12500,1,2,2,0
STU_4617,3.38,11,5,9,10-15K,1,2,1,1,0,Transitional_Phase_1,12,2024,4,398,12500,1,1,2,1
STU_4618,3.36,11,5,9,16-20K,1,2,2,1,1,Transitional_Phase_1,11,2024,4,383,18000,1,1,3,1
STU_4619,3.4,5,1,11,16-20K,0,2,2,1,0,Transitional_Phase_1,8,2024,3,299,18000,1,2,3,0
STU_4620,3.04,6,6,1,10-15K,0,2,1,1,0,Transitional_Phase_1,1,2025,1,437,12500,1,1,2,1
STU_4621,3.45,12,3,8,Below 10k,1,2,0,1,0,Transitional_Phase_1,12,2024,4,406,8000,1,2,1,0
STU_4622,2.51,3,2,6,10-15K,1,2,1,1,0,Transitional_Phase_1,5,2025,2,553,12500,1,0,2,0
STU_4623,3.42,17,2,6,16-20K,0,2,2,1,0,Transitional_Phase_1,11,2024,4,379,18000,1,2,3,0
STU_4624,3.25,12,3,8,Below 10k,1,2,0,1,0,Transitional_Phase_1,5,2025,2,567,8000,1,1,1,1
STU_4625,3.66,12,3,8,Below 10k,0,2,0,2,0,Transitional_Phase_1,9,2024,3,310,8000,1,2,2,1
STU_4626,2.9,12,6,12,16-20K,0,2,2,1,0,Transitional_Phase_1,3,2025,1,498,18000,1,0,3,0
STU_4627,3.12,21,0,5,16-20K,0,2,2,1,0,Transitional_Phase_1,12,2024,4,419,18000,1,1,3,1
STU_4628,3.47,11,5,9,10-15K,1,2,1,1,0,Transitional_Phase_1,12,2024,4,402,12500,1,2,2,0
STU_4629,2.85,6,6,1,16-20K,1,2,2,1,1,Transitional_Phase_1,3,2025,1,505,18000,1,0,3,0
STU_4630,2.97,0,7,0,16-20K,0,2,2,1,0,Transitional_Phase_1,12,2024,4,397,18000,1,0,3,0
STU_4631,3.05,1,4,13,16-20K,1,2,2,1,1,Transitional_Phase_1,3,2025,1,500,18000,1,1,3,1
STU_4632,3.42,5,1,11,16-20K,0,2,2,1,0,Transitional_Phase_1,11,2024,4,383,18000,1,2,3,0
STU_4633,2.65,20,1,18,Below 10k,1,2,0,1,0,Transitional_Phase_1,1,2025,1,434,8000,1,0,1,0
STU_4634,3.34,10,7,0,16-20K,0,2,2,1,0,Transitional_Phase_1,10,2024,4,336,18000,1,1,3,1
STU_4635,3.08,7,3,8,Below 10k,1,2,0,1,0,Transitional_Phase_1,5,2025,2,562,8000,1,1,1,1
STU_4636,3.24,14,4,13,16-20K,1,2,2,1,1,Transitional_Phase_1,12,2024,4,396,18000,1,1,3,1
STU_4637,3.37,2,5,9,Below 10k,0,2,0,1,0,Transitional_Phase_1,6,2025,2,581,8000,1,1,1,1
STU_4638,3.15,9,7,0,16-20K,0,2,2,1,0,Transitional_Phase_1,1,2025,1,457,18000,1,1,3,1
STU_4639,3.16,6,6,10,16-20K,1,2,2,1,1,Transitional_Phase_1,5,2025,2,555,18000,1,1,3,1
STU_4640,2.98,6,1,11,16-20K,0,2,2,1,0,Transitional_Phase_1,1,2025,1,436,18000,1,0,3,0
STU_4641,3.24,2,5,9,Below 10k,0,2,0,1,0,Transitional_Phase_1,3,2025,1,495,8000,1,1,1,1
STU_4642,3.18,7,1,11,Below 10k,0,2,0,1,0,Transitional_Phase_1,1,2025,1,427,8000,1,1,1,1
STU_4643,3.47,0,7,0,16-20K,0,2,2,1,0,Transitional_Phase_1,9,2024,3,316,18000,1,2,3,0
STU_4644,3.43,17,2,6,Below 10k,0,2,0,1,1,Transitional_Phase_1,4,2025,2,541,8000,1,2,1,0
STU_4645,3.28,8,7,0,Below 10k,0,2,0,1,0,Transitional_Phase_1,9,2024,3,306,8000,1,1,1,1
STU_4646,3.14,15,6,14,Below 10k,1,2,0,1,0,Transitional_Phase_1,4,2025,2,542,8000,1,1,1,1
STU_4647,3.34,4,4,13,10-15K,0,2,1,1,0,Transitional_Phase_1,3,2025,1,491,12500,1,1,2,1
STU_4648,2.05,7,3,8,Below 10k,1,2,0,0,0,Transitional_Phase_1,4,2025,2,523,8000,1,0,0,1
STU_4649,3.88,3,2,6,Below 10k,0,2,0,2,0,Transitional_Phase_1,5,2025,2,577,8000,1,2,2,1
STU_4650,3.29,9,0,15,Below 10k,0,2,0,1,0,Transitional_Phase_1,12,2024,4,418,8000,1,1,1,1
STU_4651,3.0,5,1,18,16-20K,0,2,2,1,0,Transitional_Phase_1,6,2025,2,590,18000,1,1,3,1
STU_4652,3.51,6,1,11,Below 10k,0,2,0,2,0,Transitional_Phase_1,2,2025,1,478,8000,1,2,2,1
STU_4653,2.61,9,0,15,10-15K,0,2,1,1,0,Transitional_Phase_1,11,2024,4,387,12500,1,0,2,0
STU_4654,3.1,5,3,8,10-15K,1,2,1,1,0,Transitional_Phase_1,12,2024,4,406,12500,1,1,2,1
STU_4655,3.12,9,2,6,16-20K,0,2,2,1,0,Transitional_Phase_1,9,2024,3,315,18000,1,1,3,1
STU_4656,3.4,4,4,13,10-15K,0,2,1,1,0,Transitional_Phase_1,9,2024,3,332,12500,1,2,2,0
STU_4657,3.36,2,5,9,16-20K,0,2,2,1,0,Transitional_Phase_1,12,2024,4,409,18000,1,1,3,1
STU_4658,2.62,5,1,17,16-20K,1,2,2,1,1,Transitional_Phase_1,9,2024,3,320,18000,1,0,3,0
STU_4659,3.47,11,5,9,10-15K,0,2,1,1,0,Transitional_Phase_1,3,2025,1,492,12500,1,2,2,0
STU_4660,3.15,6,1,11,10-15K,1,2,1,1,0,Transitional_Phase_1,1,2025,1,447,12500,1,1,2,1
STU_4661,3.42,13,5,9,Below 10k,0,2,0,1,0,Transitional_Phase_1,12,2024,4,418,8000,1,2,1,0
STU_4662,2.65,12,6,10,16-20K,0,2,2,1,0,Transitional_Phase_1,10,2024,4,338,18000,1,0,3,0
STU_4663,3.21,16,6,1,10-15K,0,2,1,1,0,Transitional_Phase_1,8,2024,3,287,12500,1,1,2,1
STU_4664,3.07,13,5,9,10-15K,1,2,1,1,0,Transitional_Phase_1,9,2024,3,328,12500,1,1,2,1
STU_4665,3.19,6,6,10,Below 10k,1,2,0,1,0,Transitional_Phase_1,6,2025,2,599,8000,1,1,1,1
STU_4666,3.46,21,0,2,10-15K,1,2,1,1,0,Transitional_Phase_1,11,2024,4,370,12500,1,2,2,0
STU_4667,3.18,10,7,0,Below 10k,1,2,0,1,0,Transitional_Phase_1,11,2024,4,376,8000,1,1,1,1
STU_4668,3.15,12,6,3,Below 10k,0,2,0,1,0,Transitional_Phase_1,1,2025,1,427,8000,1,1,1,1
STU_4669,3.42,5,0,4,10-15K,1,2,1,1,0,Transitional_Phase_1,3,2025,1,504,12500,1,2,2,0
STU_4670,3.11,12,3,8,16-20K,0,2,2,1,1,Transitional_Phase_1,12,2024,4,406,18000,1,1,3,1
STU_4671,3.13,14,4,13,Below 10k,1,2,0,1,0,Transitional_Phase_1,10,2024,4,362,8000,1,1,1,1
STU_4672,3.18,0,7,0,Below 10k,0,2,0,1,0,Transitional_Phase_1,11,2024,4,372,8000,1,1,1,1
STU_4673,3.38,7,7,0,Below 10k,1,2,0,1,0,Transitional_Phase_1,5,2025,2,556,8000,1,1,1,1
STU_4674,3.33,12,3,8,10-15K,0,2,1,1,0,Transitional_Phase_1,4,2025,2,541,12500,1,1,2,1
STU_4675,2.6,15,6,14,10-15K,1,2,1,1,0,Transitional_Phase_1,5,2025,2,570,12500,1,0,2,0
STU_4676,3.12,20,1,17,Below 10k,1,2,0,1,0,Transitional_Phase_1,8,2024,3,298,8000,1,1,1,1
STU_4677,3.34,5,1,18,10-15K,0,2,1,1,0,Transitional_Phase_1,1,2025,1,456,12500,1,1,2,1
STU_4678,3.9,13,0,2,10-15K,0,2,1,2,1,Transitional_Phase_1,10,2024,4,336,12500,1,2,3,1
STU_4679,3.39,18,0,16,16-20K,1,2,2,1,1,Transitional_Phase_1,6,2025,2,603,18000,1,1,3,1
STU_4680,3.35,22,3,8,10-15K,1,2,1,1,0,Transitional_Phase_1,11,2024,4,378,12500,1,1,2,1
STU_4681,3.12,13,5,9,16-20K,0,2,2,1,0,Transitional_Phase_1,11,2024,4,371,18000,1,1,3,1
STU_4682,3.32,10,7,0,10-15K,1,2,1,1,0,Transitional_Phase_1,11,2024,4,381,12500,1,1,2,1
STU_4683,3.24,13,0,2,16-20K,0,2,2,1,0,Transitional_Phase_1,6,2025,2,598,18000,1,1,3,1
STU_4684,3.38,5,3,8,Below 10k,0,2,0,1,0,Transitional_Phase_1,8,2024,3,289,8000,1,1,1,1
STU_4685,3.35,6,6,12,Below 10k,0,2,0,1,0,Transitional_Phase_1,12,2024,4,415,8000,1,1,1,1
STU_4686,3.23,17,2,6,Below 10k,1,2,0,1,0,Transitional_Phase_1,11,2024,4,395,8000,1,1,1,1
STU_4687,3.16,10,2,6,10-15K,0,2,1,1,0,Transitional_Phase_1,8,2024,3,289,12500,1,1,2,1
STU_4688,3.49,5,0,2,16-20K,1,2,2,1,1,Transitional_Phase_1,5,2025,2,571,18000,1,2,3,0
STU_4689,3.06,9,7,0,Below 10k,0,2,0,1,0,Transitional_Phase_1,5,2025,2,552,8000,1,1,1,1
STU_4690,3.49,7,7,0,16-20K,0,2,2,1,0,Transitional_Phase_1,5,2025,2,565,18000,1,2,3,0
STU_4691,3.47,12,3,8,10-15K,1,2,1,1,0,Transitional_Phase_1,8,2024,3,281,12500,1,2,2,0
STU_4692,2.92,13,5,9,Below 10k,0,2,0,1,0,Transitional_Phase_1,4,2025,2,533,8000,1,0,1,0
STU_4693,3.29,1,4,13,Below 10k,0,2,0,1,0,Transitional_Phase_1,11,2024,4,391,8000,1,1,1,1
STU_4694,3.19,6,6,1,10-15K,0,2,1,1,0,Transitional_Phase_1,12,2024,4,401,12500,1,1,2,1
STU_4695,3.34,12,6,14,Below 10k,0,2,0,1,0,Transitional_Phase_1,6,2025,2,593,8000,1,1,1,1
STU_4696,3.05,21,0,5,16-20K,1,2,2,1,1,Transitional_Phase_1,12,2024,4,397,18000,1,1,3,1
STU_4697,3.32,18,0,16,16-20K,1,2,2,1,0,Transitional_Phase_1,11,2024,4,368,18000,1,1,3,1
STU_4698,2.56,7,3,8,Below 10k,0,2,0,1,0,Transitional_Phase_1,2,2025,1,472,8000,1,0,1,0
STU_4699,3.45,2,5,9,16-20K,0,2,2,1,0,Transitional_Phase_1,3,2025,1,494,18000,1,2,3,0
STU_4700,3.92,2,5,9,10-15K,1,2,1,2,1,Transitional_Phase_1,11,2024,4,395,12500,1,2,3,1
STU_4701,3.43,1,4,13,10-15K,0,2,1,1,0,Transitional_Phase_1,1,2025,1,445,12500,1,2,2,0
STU_4702,2.74,20,1,18,16-20K,0,2,2,1,0,Transitional_Phase_1,2,2025,1,473,18000,1,0,3,0
STU_4703,3.33,4,4,13,Below 10k,0,2,0,1,0,Transitional_Phase_1,11,2024,4,375,8000,1,1,1,1
STU_4704,3.32,10,2,6,Below 10k,1,2,0,1,0,Transitional_Phase_1,4,2025,2,539,8000,1,1,1,1
STU_4705,2.67,2,5,9,16-20K,1,2,2,1,1,Transitional_Phase_1,9,2024,3,334,18000,1,0,3,0
STU_4706,3.49,18,0,2,16-20K,0,2,2,1,0,Transitional_Phase_1,9,2024,3,314,18000,1,2,3,0
STU_4707,3.16,13,5,9,Below 10k,0,2,0,1,0,Transitional_Phase_1,6,2025,2,588,8000,1,1,1,1
STU_4708,3.19,18,0,15,16-20K,0,2,2,1,0,Transitional_Phase_1,8,2024,3,287,18000,1,1,3,1
STU_4709,3.93,22,3,8,10-15K,0,2,1,2,0,Transitional_Phase_1,5,2025,2,575,12500,1,2,3,1
STU_4710,2.79,17,2,6,Below 10k,0,2,0,1,0,Transitional_Phase_1,2,2025,1,471,8000,1,0,1,0
STU_4711,3.9,1,4,13,16-20K,0,2,2,2,0,Transitional_Phase_1,6,2025,2,581,18000,1,2,4,1
STU_4712,2.8,6,6,1,16-20K,1,2,2,1,0,Transitional_Phase_1,2,2025,1,482,18000,1,0,3,0
STU_4713,3.48,10,7,0,10-15K,0,2,1,1,0,Transitional_Phase_1,10,2024,4,356,12500,1,2,2,0
STU_4714,3.31,10,2,6,Below 10k,0,2,0,1,0,Transitional_Phase_1,10,2024,4,359,8000,1,1,1,1
STU_4715,3.17,9,2,6,Below 10k,0,2,0,1,0,Transitional_Phase_1,8,2024,3,298,8000,1,1,1,1
STU_4716,3.29,5,1,11,16-20K,0,2,2,1,0,Transitional_Phase_1,5,2025,2,552,18000,1,1,3,1
STU_4717,2.44,7,3,8,Below 10k,0,2,0,0,0,Transitional_Phase_1,8,2024,3,302,8000,1,0,0,1
STU_4718,3.49,7,1,18,Below 10k,0,2,0,1,0,Transitional_Phase_1,2,2025,1,485,8000,1,2,1,0
STU_4719,3.29,4,4,13,16-20K,0,2,2,1,0,Transitional_Phase_1,6,2025,2,584,18000,1,1,3,1
STU_4720,3.17,2,5,9,16-20K,0,2,2,1,1,Transitional_Phase_1,3,2025,1,487,18000,1,1,3,1
STU_4721,3.22,13,5,9,10-15K,1,2,1,1,0,Transitional_Phase_1,9,2024,3,334,12500,1,1,2,1
STU_4722,3.32,4,4,13,16-20K,0,2,2,1,0,Transitional_Phase_1,3,2025,1,490,18000,1,1,3,1
STU_4723,3.43,16,4,13,16-20K,0,2,2,1,0,Transitional_Phase_1,9,2024,3,316,18000,1,2,3,0
STU_4724,3.15,11,5,9,16-20K,1,2,2,1,1,Transitional_Phase_1,11,2024,4,378,18000,1,1,3,1
STU_4725,3.11,18,0,2,Below 10k,1,2,0,1,0,Transitional_Phase_1,6,2025,2,597,8000,1,1,1,1
STU_4726,3.37,5,3,8,10-15K,1,2,1,1,0,Transitional_Phase_1,9,2024,3,316,12500,1,1,2,1
STU_4727,3.1,16,6,14,16-20K,0,2,2,1,0,Transitional_Phase_1,9,2024,3,321,18000,1,1,3,1
STU_4728,3.27,18,0,16,16-20K,1,2,2,1,1,Transitional_Phase_1,9,2024,3,305,18000,1,1,3,1
STU_4729,2.86,16,4,13,10-15K,0,2,1,1,0,Transitional_Phase_1,6,2025,2,593,12500,1,0,2,0
STU_4730,3.49,11,5,9,10-15K,1,2,1,1,0,Transitional_Phase_1,12,2024,4,414,12500,1,2,2,0
STU_4731,3.29,0,1,17,Below 10k,0,2,0,1,0,Transitional_Phase_1,10,2024,4,348,8000,1,1,1,1
STU_4732,3.34,3,2,6,10-15K,0,2,1,1,0,Transitional_Phase_1,9,2024,3,329,12500,1,1,2,1
STU_4733,3.27,13,5,9,16-20K,1,2,2,1,1,Transitional_Phase_1,9,2024,3,329,18000,1,1,3,1
STU_4734,3.1,7,7,0,Below 10k,1,2,0,1,0,Transitional_Phase_1,10,2024,4,338,8000,1,1,1,1
STU_4735,3.21,7,1,17,10-15K,1,2,1,1,0,Transitional_Phase_1,6,2025,2,588,12500,1,1,2,1
STU_4736,3.18,12,3,8,16-20K,0,2,2,1,0,Transitional_Phase_1,6,2025,2,599,18000,1,1,3,1
STU_4737,3.4,7,7,0,Below 10k,0,2,0,1,0,Transitional_Phase_1,9,2024,3,334,8000,1,2,1,0
STU_4738,3.21,2,5,9,10-15K,1,2,1,1,0,Transitional_Phase_1,3,2025,1,506,12500,1,1,2,1
STU_4739,3.32,16,4,13,10-15K,0,2,1,1,0,Transitional_Phase_1,1,2025,1,439,12500,1,1,2,1
STU_4740,3.35,0,7,0,16-20K,1,2,2,1,1,Transitional_Phase_1,4,2025,2,533,18000,1,1,3,1
STU_4741,2.5,3,2,6,10-15K,0,2,1,1,0,Transitional_Phase_1,1,2025,1,453,12500,1,0,2,0
STU_4742,3.4,0,1,17,10-15K,0,2,1,1,0,Transitional_Phase_1,11,2024,4,375,12500,1,2,2,0
STU_4743,2.59,10,2,6,10-15K,0,2,1,1,0,Transitional_Phase_1,4,2025,2,536,12500,1,0,2,0
STU_4744,3.16,20,1,11,10-15K,0,2,1,1,0,Transitional_Phase_1,11,2024,4,389,12500,1,1,2,1
STU_4745,3.34,9,7,0,10-15K,1,2,1,1,0,Transitional_Phase_1,10,2024,4,359,12500,1,1,2,1
STU_4746,3.11,2,5,9,Below 10k,0,2,0,1,0,Transitional_Phase_1,11,2024,4,391,8000,1,1,1,1
STU_4747,3.93,0,1,11,Below 10k,1,2,0,2,0,Transitional_Phase_1,6,2025,2,587,8000,1,2,2,1
STU_4748,3.44,5,1,17,Below 10k,0,2,0,1,0,Transitional_Phase_1,12,2024,4,398,8000,1,2,1,0
STU_4749,2.9,11,5,9,Below 10k,1,2,0,1,0,Transitional_Phase_1,2,2025,1,483,8000,1,0,1,0
STU_4750,2.73,7,3,8,10-15K,0,2,1,1,0,Transitional_Phase_1,10,2024,4,340,12500,1,0,2,0
STU_4751,3.26,4,4,13,10-15K,0,2,1,1,0,Transitional_Phase_1,8,2024,3,294,12500,1,1,2,1
STU_4752,3.32,16,6,14,Below 10k,0,2,0,1,0,Transitional_Phase_1,3,2025,1,497,8000,1,1,1,1
STU_4753,3.37,6,1,18,10-15K,0,2,1,1,0,Transitional_Phase_1,5,2025,2,563,12500,1,1,2,1
STU_4754,3.11,14,4,13,Below 10k,1,2,0,1,0,Transitional_Phase_1,9,2024,3,320,8000,1,1,1,1
STU_4755,3.21,7,3,8,10-15K,1,2,1,1,0,Transitional_Phase_1,1,2025,1,454,12500,1,1,2,1
STU_4756,3.86,5,3,8,16-20K,1,2,2,2,1,Transitional_Phase_1,11,2024,4,380,18000,1,2,4,1
STU_4757,3.37,2,5,9,Below 10k,0,2,0,1,0,Transitional_Phase_1,12,2024,4,400,8000,1,1,1,1
STU_4758,3.2,5,1,17,Below 10k,1,2,0,1,0,Transitional_Phase_1,4,2025,2,537,8000,1,1,1,1
STU_4759,3.23,11,5,9,10-15K,0,2,1,1,0,Transitional_Phase_1,3,2025,1,489,12500,1,1,2,1
STU_4760,3.42,16,4,13,10-15K,0,2,1,1,0,Transitional_Phase_1,11,2024,4,371,12500,1,2,2,0
STU_4761,3.64,22,3,8,Below 10k,0,2,0,2,0,Transitional_Phase_1,3,2025,1,504,8000,1,2,2,1
STU_4762,3.47,16,6,10,16-20K,1,2,2,1,1,Transitional_Phase_1,4,2025,2,539,18000,1,2,3,0
STU_4763,3.49,5,0,16,Below 10k,1,2,0,1,0,Transitional_Phase_1,5,2025,2,554,8000,1,2,1,0
STU_4764,3.3,17,2,6,16-20K,1,2,2,1,1,Transitional_Phase_1,8,2024,3,285,18000,1,1,3,1
STU_4765,3.18,6,6,12,16-20K,0,2,2,1,0,Transitional_Phase_1,11,2024,4,371,18000,1,1,3,1
STU_4766,2.82,16,6,3,16-20K,0,2,2,1,0,Transitional_Phase_1,9,2024,3,332,18000,1,0,3,0
STU_4767,3.11,12,6,14,16-20K,0,2,2,1,0,Transitional_Phase_1,11,2024,4,388,18000,1,1,3,1
STU_4768,3.28,9,7,0,Below 10k,0,2,0,1,0,Transitional_Phase_1,1,2025,1,446,8000,1,1,1,1
STU_4769,3.85,4,4,13,Below 10k,1,2,0,2,0,Transitional_Phase_1,2,2025,1,484,8000,1,2,2,1
STU_4770,3.35,12,3,8,10-15K,1,2,1,1,0,Transitional_Phase_1,5,2025,2,560,12500,1,1,2,1
STU_4771,3.2,21,0,16,Below 10k,0,2,0,1,0,Transitional_Phase_1,12,2024,4,418,8000,1,1,1,1
STU_4772,3.46,19,6,10,10-15K,0,2,1,1,1,Transitional_Phase_1,9,2024,3,329,12500,1,2,2,0
STU_4773,3.27,18,0,2,10-15K,1,2,1,1,0,Transitional_Phase_1,8,2024,3,284,12500,1,1,2,1
STU_4774,3.19,5,0,16,10-15K,0,2,1,1,1,Transitional_Phase_1,10,2024,4,345,12500,1,1,2,1
STU_4775,3.21,10,2,6,10-15K,0,2,1,1,0,Transitional_Phase_1,10,2024,4,360,12500,1,1,2,1
STU_4776,3.13,6,6,1,10-15K,0,2,1,1,0,Transitional_Phase_1,12,2024,4,409,12500,1,1,2,1
STU_4777,2.54,16,4,13,10-15K,0,2,1,1,0,Transitional_Phase_1,4,2025,2,524,12500,1,0,2,0
STU_4778,3.39,16,4,13,16-20K,0,2,2,1,1,Transitional_Phase_1,6,2025,2,586,18000,1,1,3,1
STU_4779,3.27,13,0,2,Below 10k,0,2,0,1,0,Transitional_Phase_1,3,2025,1,499,8000,1,1,1,1
STU_4780,3.32,19,6,14,Below 10k,0,2,0,1,0,Transitional_Phase_1,8,2024,3,292,8000,1,1,1,1
STU_4781,2.48,6,1,17,16-20K,1,2,2,0,1,Transitional_Phase_1,6,2025,2,581,18000,1,0,2,1
STU_4782,3.04,0,1,17,10-15K,0,2,1,1,0,Transitional_Phase_1,11,2024,4,380,12500,1,1,2,1
STU_4783,3.47,9,2,6,Below 10k,1,2,0,1,0,Transitional_Phase_1,1,2025,1,445,8000,1,2,1,0
STU_4784,3.19,12,3,8,Below 10k,1,2,0,1,0,Transitional_Phase_1,10,2024,4,348,8000,1,1,1,1
STU_4785,3.39,1,4,13,16-20K,1,2,2,1,0,Transitional_Phase_1,4,2025,2,537,18000,1,1,3,1
STU_4786,2.92,20,1,18,Below 10k,0,2,0,1,0,Transitional_Phase_1,1,2025,1,447,8000,1,0,1,0
STU_4787,2.18,19,6,12,16-20K,0,2,2,0,0,Transitional_Phase_1,12,2024,4,404,18000,1,0,2,1
STU_4788,3.24,22,3,8,10-15K,1,2,1,1,0,Transitional_Phase_1,2,2025,1,483,12500,1,1,2,1
STU_4789,3.1,16,4,13,10-15K,1,2,1,1,0,Transitional_Phase_1,3,2025,1,493,12500,1,1,2,1
STU_4790,3.16,14,4,13,10-15K,0,2,1,1,0,Transitional_Phase_1,5,2025,2,572,12500,1,1,2,1
STU_4791,2.58,20,1,18,16-20K,0,2,2,1,0,Transitional_Phase_1,9,2024,3,308,18000,1,0,3,0
STU_4792,3.22,19,6,14,Below 10k,1,2,0,1,0,Transitional_Phase_1,3,2025,1,498,8000,1,1,1,1
STU_4793,2.54,2,5,9,10-15K,1,2,1,1,0,Transitional_Phase_1,4,2025,2,546,12500,1,0,2,0
STU_4794,3.25,5,3,8,16-20K,0,2,2,1,0,Transitional_Phase_1,1,2025,1,452,18000,1,1,3,1
STU_4795,3.23,19,6,14,10-15K,1,2,1,1,0,Transitional_Phase_1,2,2025,1,483,12500,1,1,2,1
STU_4796,3.12,13,5,9,16-20K,1,2,2,1,0,Transitional_Phase_1,12,2024,4,402,18000,1,1,3,1
STU_4797,3.46,13,0,5,10-15K,1,2,1,1,0,Transitional_Phase_1,10,2024,4,335,12500,1,2,2,0
STU_4798,3.14,4,4,13,Below 10k,1,2,0,1,0,Transitional_Phase_1,9,2024,3,319,8000,1,1,1,1
STU_4799,3.58,15,6,3,10-15K,1,2,1,2,1,Transitional_Phase_1,5,2025,2,548,12500,1,2,3,1
STU_4800,3.15,20,1,11,16-20K,0,2,2,1,1,Transitional_Phase_1,3,2025,1,486,18000,1,1,3,1
STU_4801,3.45,0,7,0,16-20K,1,3,2,1,1,Transitional_Phase_2,1,2026,1,795,18000,2,2,3,0
STU_4802,3.27,21,0,5,16-20K,1,3,2,1,1,Transitional_Phase_2,12,2025,4,766,18000,2,1,3,1
STU_4803,2.84,0,7,0,Below 10k,0,3,0,1,1,Transitional_Phase_2,11,2025,4,742,8000,2,0,1,0
STU_4804,3.22,6,1,18,16-20K,1,3,2,1,1,Transitional_Phase_2,1,2026,1,811,18000,2,1,3,1
STU_4805,3.47,5,3,8,10-15K,1,3,1,1,1,Transitional_Phase_2,10,2025,4,719,12500,2,2,2,0
STU_4806,2.66,11,5,9,Below 10k,0,3,0,1,0,Transitional_Phase_2,9,2025,3,681,8000,2,0,1,0
STU_4807,3.29,22,3,8,10-15K,0,3,1,1,0,Transitional_Phase_2,9,2025,3,672,12500,2,1,2,1
STU_4808,3.36,11,5,9,Below 10k,0,3,0,1,0,Transitional_Phase_2,9,2025,3,685,8000,2,1,1,1
STU_4809,2.82,1,4,13,16-20K,0,3,2,1,0,Transitional_Phase_2,1,2026,1,796,18000,2,0,3,0
STU_4810,3.01,10,2,6,10-15K,1,3,1,1,0,Transitional_Phase_2,1,2026,1,799,12500,2,1,2,1
STU_4811,3.15,18,0,16,Below 10k,0,3,0,1,0,Transitional_Phase_2,9,2025,3,691,8000,2,1,1,1
STU_4812,3.12,22,3,8,10-15K,0,3,1,1,0,Transitional_Phase_2,12,2025,4,783,12500,2,1,2,1
STU_4813,3.36,19,6,1,16-20K,0,3,2,1,0,Transitional_Phase_2,10,2025,4,724,18000,2,1,3,1
STU_4814,3.22,3,2,6,10-15K,0,3,1,1,0,Transitional_Phase_2,9,2025,3,675,12500,2,1,2,1
STU_4815,3.3,17,2,6,16-20K,1,3,2,1,1,Transitional_Phase_2,11,2025,4,753,18000,2,1,3,1
STU_4816,3.38,12,6,14,16-20K,0,3,2,1,0,Transitional_Phase_2,11,2025,4,745,18000,2,1,3,1
STU_4817,2.32,16,4,13,10-15K,0,3,1,0,0,Transitional_Phase_2,1,2026,1,794,12500,2,0,1,1
STU_4818,3.36,5,1,18,16-20K,1,3,2,1,1,Transitional_Phase_2,10,2025,4,705,18000,2,1,3,1
STU_4819,3.16,12,3,8,10-15K,0,3,1,1,0,Transitional_Phase_2,11,2025,4,733,12500,2,1,2,1
STU_4820,3.14,6,6,12,Below 10k,1,3,0,1,0,Transitional_Phase_2,1,2026,1,797,8000,2,1,1,1
STU_4821,3.3,11,5,9,Below 10k,0,3,0,1,0,Transitional_Phase_2,10,2025,4,707,8000,2,1,1,1
STU_4822,2.67,10,2,6,16-20K,1,3,2,1,1,Transitional_Phase_2,11,2025,4,743,18000,2,0,3,0
STU_4823,3.14,0,7,0,16-20K,1,3,2,1,1,Transitional_Phase_2,12,2025,4,772,18000,2,1,3,1
STU_4824,3.28,5,1,17,16-20K,1,3,2,1,1,Transitional_Phase_2,12,2025,4,767,18000,2,1,3,1
STU_4825,3.34,17,2,6,10-15K,0,3,1,1,0,Transitional_Phase_2,1,2026,1,804,12500,2,1,2,1
STU_4826,3.25,21,0,2,16-20K,0,3,2,1,0,Transitional_Phase_2,10,2025,4,710,18000,2,1,3,1
STU_4827,3.44,8,7,0,Below 10k,0,3,0,1,0,Transitional_Phase_2,1,2026,1,822,8000,2,2,1,0
STU_4828,3.14,16,4,13,10-15K,1,3,1,1,1,Transitional_Phase_2,11,2025,4,740,12500,2,1,2,1
STU_4829,3.12,1,4,13,16-20K,1,3,2,1,1,Transitional_Phase_2,10,2025,4,700,18000,2,1,3,1
STU_4830,3.11,6,1,11,16-20K,1,3,2,1,1,Transitional_Phase_2,11,2025,4,758,18000,2,1,3,1
STU_4831,3.24,6,1,18,10-15K,1,3,1,1,1,Transitional_Phase_2,10,2025,4,720,12500,2,1,2,1
STU_4832,3.31,18,0,5,Below 10k,1,3,0,1,0,Transitional_Phase_2,12,2025,4,762,8000,2,1,1,1
STU_4833,2.96,19,6,1,10-15K,1,3,1,1,1,Transitional_Phase_2,1,2026,1,821,12500,2,0,2,0
STU_4834,3.14,13,0,16,16-20K,0,3,2,1,0,Transitional_Phase_2,1,2026,1,815,18000,2,1,3,1
STU_4835,3.66,13,5,9,16-20K,0,3,2,2,0,Transitional_Phase_2,11,2025,4,737,18000,2,2,4,1
STU_4836,3.11,10,2,6,Below 10k,0,3,0,1,0,Transitional_Phase_2,9,2025,3,674,8000,2,1,1,1
STU_4837,3.29,5,1,11,16-20K,1,3,2,1,1,Transitional_Phase_2,12,2025,4,771,18000,2,1,3,1
STU_4838,3.23,11,5,9,16-20K,1,3,2,1,1,Transitional_Phase_2,12,2025,4,764,18000,2,1,3,1
STU_4839,2.31,21,0,5,Below 10k,1,3,0,0,1,Transitional_Phase_2,1,2026,1,806,8000,2,0,0,1
STU_4840,3.17,17,2,6,Below 10k,1,3,0,1,0,Transitional_Phase_2,10,2025,4,703,8000,2,1,1,1
STU_4841,3.39,16,6,1,Below 10k,1,3,0,1,1,Transitional_Phase_2,11,2025,4,732,8000,2,1,1,1
STU_4842,3.47,9,0,4,Below 10k,0,3,0,1,0,Transitional_Phase_2,1,2026,1,795,8000,2,2,1,0
STU_4843,3.11,1,4,13,16-20K,1,3,2,1,1,Transitional_Phase_2,9,2025,3,681,18000,2,1,3,1
STU_4844,3.45,10,7,0,16-20K,1,3,2,1,1,Transitional_Phase_2,11,2025,4,748,18000,2,2,3,0
STU_4845,3.13,13,5,9,16-20K,0,3,2,1,1,Transitional_Phase_2,9,2025,3,699,18000,2,1,3,1
STU_4846,2.68,6,1,11,Below 10k,1,3,0,1,1,Transitional_Phase_2,11,2025,4,749,8000,2,0,1,0
STU_4847,3.31,9,7,0,16-20K,1,3,2,1,1,Transitional_Phase_2,12,2025,4,785,18000,2,1,3,1
STU_4848,3.46,0,1,17,16-20K,0,3,2,1,0,Transitional_Phase_2,12,2025,4,763,18000,2,2,3,0
STU_4849,2.23,10,7,0,Below 10k,1,3,0,0,1,Transitional_Phase_2,11,2025,4,758,8000,2,0,0,1
STU_4850,3.25,6,6,14,16-20K,0,3,2,1,0,Transitional_Phase_2,12,2025,4,772,18000,2,1,3,1
STU_4851,2.91,19,6,14,Below 10k,1,3,0,1,0,Transitional_Phase_2,9,2025,3,698,8000,2,0,1,0
STU_4852,3.51,21,0,2,10-15K,1,3,1,2,1,Transitional_Phase_2,12,2025,4,761,12500,2,2,3,1
STU_4853,3.25,10,7,0,10-15K,1,3,1,1,1,Transitional_Phase_2,10,2025,4,717,12500,2,1,2,1
STU_4854,3.39,12,3,8,16-20K,1,3,2,1,1,Transitional_Phase_2,10,2025,4,710,18000,2,1,3,1
STU_4855,3.43,0,1,17,Below 10k,0,3,0,1,1,Transitional_Phase_2,9,2025,3,698,8000,2,2,1,0
STU_4856,3.1,8,7,0,Below 10k,0,3,0,1,0,Transitional_Phase_2,11,2025,4,757,8000,2,1,1,1
STU_4857,3.13,14,4,13,16-20K,0,3,2,1,0,Transitional_Phase_2,10,2025,4,707,18000,2,1,3,1
STU_4858,3.39,8,7,0,10-15K,1,3,1,1,1,Transitional_Phase_2,9,2025,3,670,12500,2,1,2,1
STU_4859,3.29,11,5,9,16-20K,1,3,2,1,1,Transitional_Phase_2,10,2025,4,725,18000,2,1,3,1
STU_4860,3.1,12,6,1,Below 10k,1,3,0,1,1,Transitional_Phase_2,12,2025,4,771,8000,2,1,1,1
STU_4861,3.07,11,5,9,10-15K,0,3,1,1,0,Transitional_Phase_2,1,2026,1,795,12500,2,1,2,1
STU_4862,3.85,18,0,5,10-15K,1,3,1,2,1,Transitional_Phase_2,11,2025,4,746,12500,2,2,3,1
STU_4863,3.41,1,4,13,Below 10k,1,3,0,1,0,Transitional_Phase_2,12,2025,4,786,8000,2,2,1,0
STU_4864,3.28,12,3,8,Below 10k,0,3,0,1,1,Transitional_Phase_2,1,2026,1,800,8000,2,1,1,1
STU_4865,2.62,7,3,8,Below 10k,0,3,0,1,0,Transitional_Phase_2,10,2025,4,702,8000,2,0,1,0
STU_4866,3.43,18,0,5,Below 10k,1,3,0,1,0,Transitional_Phase_2,12,2025,4,779,8000,2,2,1,0
STU_4867,2.7,7,1,18,16-20K,0,3,2,1,1,Transitional_Phase_2,12,2025,4,769,18000,2,0,3,0
STU_4868,3.19,5,1,17,16-20K,1,3,2,1,1,Transitional_Phase_2,9,2025,3,677,18000,2,1,3,1
STU_4869,3.33,9,0,15,Below 10k,1,3,0,1,1,Transitional_Phase_2,9,2025,3,682,8000,2,1,1,1
STU_4870,3.03,16,6,3,Below 10k,0,3,0,1,1,Transitional_Phase_2,1,2026,1,814,8000,2,1,1,1
STU_4871,3.26,18,0,5,16-20K,0,3,2,1,1,Transitional_Phase_2,10,2025,4,706,18000,2,1,3,1
STU_4872,3.32,21,0,15,Below 10k,1,3,0,1,1,Transitional_Phase_2,1,2026,1,802,8000,2,1,1,1
STU_4873,2.58,10,7,0,Below 10k,1,3,0,1,0,Transitional_Phase_2,10,2025,4,726,8000,2,0,1,0
STU_4874,3.32,14,4,13,10-15K,1,3,1,1,1,Transitional_Phase_2,11,2025,4,742,12500,2,1,2,1
STU_4875,3.42,19,6,12,Below 10k,0,3,0,1,0,Transitional_Phase_2,1,2026,1,798,8000,2,2,1,0
STU_4876,3.26,20,1,18,10-15K,0,3,1,1,0,Transitional_Phase_2,10,2025,4,722,12500,2,1,2,1
STU_4877,3.12,8,7,0,16-20K,1,3,2,1,1,Transitional_Phase_2,1,2026,1,821,18000,2,1,3,1
STU_4878,3.55,15,6,1,Below 10k,0,3,0,2,0,Transitional_Phase_2,11,2025,4,738,8000,2,2,2,1
STU_4879,3.24,6,1,17,16-20K,0,3,2,1,0,Transitional_Phase_2,9,2025,3,697,18000,2,1,3,1
STU_4880,3.33,11,5,9,10-15K,0,3,1,1,0,Transitional_Phase_2,1,2026,1,817,12500,2,1,2,1
STU_4881,3.34,4,4,13,Below 10k,1,3,0,1,0,Transitional_Phase_2,9,2025,3,672,8000,2,1,1,1
STU_4882,3.14,19,6,14,16-20K,1,3,2,1,1,Transitional_Phase_2,12,2025,4,763,18000,2,1,3,1
STU_4883,3.53,2,5,9,Below 10k,0,3,0,2,0,Transitional_Phase_2,11,2025,4,758,8000,2,2,2,1
STU_4884,3.15,8,7,0,16-20K,1,3,2,1,1,Transitional_Phase_2,1,2026,1,794,18000,2,1,3,1
STU_4885,2.67,17,2,6,Below 10k,0,3,0,1,0,Transitional_Phase_2,10,2025,4,728,8000,2,0,1,0
STU_4886,3.2,6,6,10,Below 10k,0,3,0,1,1,Transitional_Phase_2,1,2026,1,796,8000,2,1,1,1
STU_4887,2.97,14,4,13,Below 10k,1,3,0,1,0,Transitional_Phase_2,12,2025,4,762,8000,2,0,1,0
STU_4888,3.56,5,1,17,Below 10k,1,3,0,2,1,Transitional_Phase_2,1,2026,1,792,8000,2,2,2,1
STU_4889,3.36,21,0,15,Below 10k,1,3,0,1,0,Transitional_Phase_2,9,2025,3,676,8000,2,1,1,1
STU_4890,3.24,7,1,18,16-20K,0,3,2,1,0,Transitional_Phase_2,11,2025,4,737,18000,2,1,3,1
STU_4891,3.21,14,4,13,16-20K,1,3,2,1,1,Transitional_Phase_2,10,2025,4,705,18000,2,1,3,1
STU_4892,2.71,8,7,0,16-20K,1,3,2,1,1,Transitional_Phase_2,11,2025,4,750,18000,2,0,3,0
STU_4893,3.68,2,5,9,Below 10k,1,3,0,2,0,Transitional_Phase_2,9,2025,3,690,8000,2,2,2,1
STU_4894,3.13,18,0,16,10-15K,0,3,1,1,0,Transitional_Phase_2,12,2025,4,766,12500,2,1,2,1
STU_4895,3.48,10,2,6,Below 10k,0,3,0,1,0,Transitional_Phase_2,1,2026,1,822,8000,2,2,1,0
STU_4896,3.04,5,1,11,16-20K,0,3,2,1,0,Transitional_Phase_2,10,2025,4,714,18000,2,1,3,1
STU_4897,3.24,10,2,6,10-15K,1,3,1,1,1,Transitional_Phase_2,1,2026,1,814,12500,2,1,2,1
STU_4898,3.34,8,7,0,10-15K,1,3,1,1,1,Transitional_Phase_2,9,2025,3,698,12500,2,1,2,1
STU_4899,3.28,5,1,17,16-20K,1,3,2,1,1,Transitional_Phase_2,9,2025,3,698,18000,2,1,3,1
STU_4900,3.1,13,0,5,Below 10k,1,3,0,1,0,Transitional_Phase_2,9,2025,3,681,8000,2,1,1,1
STU_4901,3.32,4,4,13,Below 10k,0,3,0,1,0,Transitional_Phase_2,11,2025,4,759,8000,2,1,1,1
STU_4902,3.13,11,5,9,Below 10k,1,3,0,1,0,Transitional_Phase_2,11,2025,4,732,8000,2,1,1,1
STU_4903,3.45,8,7,0,16-20K,1,3,2,1,1,Transitional_Phase_2,9,2025,3,691,18000,2,2,3,0
STU_4904,3.36,4,4,13,16-20K,1,3,2,1,1,Transitional_Phase_2,10,2025,4,700,18000,2,1,3,1
STU_4905,3.15,7,1,18,16-20K,0,3,2,1,0,Transitional_Phase_2,11,2025,4,757,18000,2,1,3,1
STU_4906,3.29,16,4,13,10-15K,0,3,1,1,0,Transitional_Phase_2,9,2025,3,672,12500,2,1,2,1
STU_4907,3.39,0,1,17,10-15K,1,3,1,1,1,Transitional_Phase_2,1,2026,1,794,12500,2,1,2,1
STU_4908,3.19,7,7,0,16-20K,1,3,2,1,1,Transitional_Phase_2,1,2026,1,798,18000,2,1,3,1
STU_4909,3.26,3,2,6,16-20K,0,3,2,1,0,Transitional_Phase_2,11,2025,4,741,18000,2,1,3,1
STU_4910,2.95,6,6,1,16-20K,1,3,2,1,1,Transitional_Phase_2,10,2025,4,709,18000,2,0,3,0
STU_4911,3.93,21,0,2,Below 10k,0,3,0,2,1,Transitional_Phase_2,9,2025,3,679,8000,2,2,2,1
STU_4912,2.73,9,2,6,16-20K,1,3,2,1,1,Transitional_Phase_2,10,2025,4,729,18000,2,0,3,0
STU_4913,3.23,12,3,8,Below 10k,1,3,0,1,1,Transitional_Phase_2,9,2025,3,682,8000,2,1,1,1
STU_4914,3.35,4,4,13,10-15K,1,3,1,1,1,Transitional_Phase_2,11,2025,4,749,12500,2,1,2,1
STU_4915,3.19,9,7,0,16-20K,0,3,2,1,0,Transitional_Phase_2,12,2025,4,762,18000,2,1,3,1
STU_4916,3.24,8,7,0,16-20K,0,3,2,1,1,Transitional_Phase_2,10,2025,4,713,18000,2,1,3,1
STU_4917,3.16,9,2,6,10-15K,1,3,1,1,0,Transitional_Phase_2,11,2025,4,756,12500,2,1,2,1
STU_4918,3.47,17,2,6,16-20K,1,3,2,1,1,Transitional_Phase_2,9,2025,3,673,18000,2,2,3,0
STU_4919,2.77,10,7,0,16-20K,1,3,2,1,1,Transitional_Phase_2,12,2025,4,768,18000,2,0,3,0
STU_4920,3.42,7,1,11,16-20K,0,3,2,1,0,Transitional_Phase_2,11,2025,4,757,18000,2,2,3,0
STU_4921,2.27,10,2,6,10-15K,0,3,1,0,0,Transitional_Phase_2,10,2025,4,725,12500,2,0,1,1
STU_4922,2.92,5,3,8,16-20K,0,3,2,1,1,Transitional_Phase_2,12,2025,4,776,18000,2,0,3,0
STU_4923,3.16,21,0,16,16-20K,0,3,2,1,0,Transitional_Phase_2,1,2026,1,799,18000,2,1,3,1
STU_4924,2.47,3,2,6,16-20K,0,3,2,0,0,Transitional_Phase_2,11,2025,4,733,18000,2,0,2,1
STU_4925,3.19,22,3,8,Below 10k,1,3,0,1,0,Transitional_Phase_2,12,2025,4,782,8000,2,1,1,1
STU_4926,3.25,19,6,12,16-20K,0,3,2,1,0,Transitional_Phase_2,12,2025,4,768,18000,2,1,3,1
STU_4927,3.34,2,5,9,Below 10k,1,3,0,1,0,Transitional_Phase_2,12,2025,4,770,8000,2,1,1,1
STU_4928,3.07,18,0,2,16-20K,1,3,2,1,1,Transitional_Phase_2,11,2025,4,747,18000,2,1,3,1
STU_4929,2.35,7,3,8,Below 10k,1,3,0,0,0,Transitional_Phase_2,10,2025,4,719,8000,2,0,0,1
STU_4930,3.79,3,2,6,10-15K,0,3,1,2,0,Transitional_Phase_2,10,2025,4,700,12500,2,2,3,1
STU_4931,2.44,20,1,11,16-20K,1,3,2,0,1,Transitional_Phase_2,9,2025,3,687,18000,2,0,2,1
STU_4932,3.47,5,3,8,10-15K,0,3,1,1,0,Transitional_Phase_2,10,2025,4,730,12500,2,2,2,0
STU_4933,3.55,10,7,0,Below 10k,0,3,0,2,0,Transitional_Phase_2,9,2025,3,680,8000,2,2,2,1
STU_4934,3.1,17,2,6,16-20K,1,3,2,1,1,Transitional_Phase_2,12,2025,4,782,18000,2,1,3,1
STU_4935,3.33,14,4,13,Below 10k,1,3,0,1,0,Transitional_Phase_2,10,2025,4,709,8000,2,1,1,1
STU_4936,3.15,14,4,13,16-20K,0,3,2,1,0,Transitional_Phase_2,12,2025,4,779,18000,2,1,3,1
STU_4937,3.44,19,6,3,16-20K,1,3,2,1,1,Transitional_Phase_2,12,2025,4,786,18000,2,2,3,0
STU_4938,3.3,1,4,13,Below 10k,1,3,0,1,0,Transitional_Phase_2,1,2026,1,821,8000,2,1,1,1
STU_4939,3.31,7,7,0,Below 10k,0,3,0,1,0,Transitional_Phase_2,1,2026,1,803,8000,2,1,1,1
STU_4940,3.47,5,3,8,16-20K,0,3,2,1,1,Transitional_Phase_2,9,2025,3,699,18000,2,2,3,0
STU_4941,3.52,7,3,8,Below 10k,0,3,0,2,0,Transitional_Phase_2,1,2026,1,808,8000,2,2,2,1
STU_4942,3.12,13,5,9,Below 10k,0,3,0,1,0,Transitional_Phase_2,10,2025,4,709,8000,2,1,1,1
STU_4943,3.48,16,6,3,Below 10k,0,3,0,1,0,Transitional_Phase_2,11,2025,4,760,8000,2,2,1,0
STU_4944,3.14,9,0,16,16-20K,0,3,2,1,0,Transitional_Phase_2,10,2025,4,725,18000,2,1,3,1
STU_4945,3.34,5,3,8,16-20K,1,3,2,1,1,Transitional_Phase_2,10,2025,4,712,18000,2,1,3,1
STU_4946,3.58,12,3,8,Below 10k,0,3,0,2,0,Transitional_Phase_2,11,2025,4,732,8000,2,2,2,1
STU_4947,3.22,10,2,6,10-15K,0,3,1,1,0,Transitional_Phase_2,9,2025,3,674,12500,2,1,2,1
STU_4948,3.45,3,2,6,10-15K,1,3,1,1,1,Transitional_Phase_2,10,2025,4,724,12500,2,2,2,0
STU_4949,3.45,2,5,9,Below 10k,0,3,0,1,0,Transitional_Phase_2,9,2025,3,695,8000,2,2,1,0
STU_4950,3.7,2,5,9,Below 10k,0,3,0,2,0,Transitional_Phase_2,9,2025,3,671,8000,2,2,2,1
STU_4951,3.55,14,4,13,16-20K,0,3,2,2,1,Transitional_Phase_2,10,2025,4,727,18000,2,2,4,1
STU_4952,3.44,5,3,8,10-15K,0,3,1,1,0,Transitional_Phase_2,1,2026,1,799,12500,2,2,2,0
STU_4953,3.42,16,6,10,Below 10k,1,3,0,1,0,Transitional_Phase_2,10,2025,4,727,8000,2,2,1,0
STU_4954,3.31,2,5,9,Below 10k,0,3,0,1,0,Transitional_Phase_2,12,2025,4,789,8000,2,1,1,1
STU_4955,3.49,4,4,13,16-20K,1,3,2,1,1,Transitional_Phase_2,1,2026,1,794,18000,2,2,3,0
STU_4956,3.44,3,2,6,Below 10k,1,3,0,1,0,Transitional_Phase_2,1,2026,1,819,8000,2,2,1,0
STU_4957,2.63,3,2,6,Below 10k,1,3,0,1,0,Transitional_Phase_2,10,2025,4,702,8000,2,0,1,0
STU_4958,3.41,10,2,6,16-20K,1,3,2,1,1,Transitional_Phase_2,10,2025,4,708,18000,2,2,3,0
STU_4959,2.71,4,4,13,10-15K,1,3,1,1,1,Transitional_Phase_2,1,2026,1,799,12500,2,0,2,0
STU_4960,3.18,5,1,17,16-20K,1,3,2,1,1,Transitional_Phase_2,10,2025,4,729,18000,2,1,3,1
STU_4961,3.16,0,7,0,Below 10k,0,3,0,1,0,Transitional_Phase_2,11,2025,4,746,8000,2,1,1,1
STU_4962,2.54,17,2,6,16-20K,1,3,2,1,1,Transitional_Phase_2,12,2025,4,784,18000,2,0,3,0
STU_4963,3.69,7,7,0,10-15K,0,3,1,2,0,Transitional_Phase_2,10,2025,4,700,12500,2,2,3,1
STU_4964,2.98,3,2,6,Below 10k,1,3,0,1,0,Transitional_Phase_2,12,2025,4,790,8000,2,0,1,0
STU_4965,3.18,18,0,2,Below 10k,0,3,0,1,0,Transitional_Phase_2,1,2026,1,798,8000,2,1,1,1
STU_4966,3.2,9,2,6,Below 10k,0,3,0,1,0,Transitional_Phase_2,9,2025,3,689,8000,2,1,1,1
STU_4967,3.25,17,2,6,16-20K,0,3,2,1,0,Transitional_Phase_2,11,2025,4,748,18000,2,1,3,1
STU_4968,3.3,12,6,3,10-15K,1,3,1,1,1,Transitional_Phase_2,9,2025,3,690,12500,2,1,2,1
STU_4969,3.34,21,0,5,16-20K,1,3,2,1,1,Transitional_Phase_2,9,2025,3,690,18000,2,1,3,1
STU_4970,3.1,14,4,13,Below 10k,1,3,0,1,0,Transitional_Phase_2,11,2025,4,737,8000,2,1,1,1
STU_4971,3.02,13,0,15,16-20K,1,3,2,1,1,Transitional_Phase_2,9,2025,3,682,18000,2,1,3,1
STU_4972,3.84,11,5,9,16-20K,1,3,2,2,1,Transitional_Phase_2,11,2025,4,741,18000,2,2,4,1
STU_4973,3.16,13,5,9,10-15K,0,3,1,1,0,Transitional_Phase_2,12,2025,4,788,12500,2,1,2,1
STU_4974,3.78,6,6,12,16-20K,0,3,2,2,0,Transitional_Phase_2,11,2025,4,736,18000,2,2,4,1
STU_4975,3.43,4,4,13,Below 10k,0,3,0,1,0,Transitional_Phase_2,9,2025,3,699,8000,2,2,1,0
STU_4976,3.45,5,3,8,Below 10k,1,3,0,1,1,Transitional_Phase_2,1,2026,1,817,8000,2,2,1,0
STU_4977,2.98,11,5,9,10-15K,0,3,1,1,0,Transitional_Phase_2,11,2025,4,758,12500,2,0,2,0
STU_4978,3.15,9,2,6,Below 10k,0,3,0,1,0,Transitional_Phase_2,1,2026,1,799,8000,2,1,1,1
STU_4979,3.27,9,2,6,16-20K,1,3,2,1,1,Transitional_Phase_2,10,2025,4,705,18000,2,1,3,1
STU_4980,3.32,2,5,9,16-20K,0,3,2,1,0,Transitional_Phase_2,9,2025,3,686,18000,2,1,3,1
STU_4981,3.03,0,1,11,Below 10k,0,3,0,1,0,Transitional_Phase_2,10,2025,4,713,8000,2,1,1,1
STU_4982,2.99,10,7,0,16-20K,1,3,2,1,1,Transitional_Phase_2,11,2025,4,754,18000,2,0,3,0
STU_4983,2.89,3,2,6,16-20K,0,3,2,1,1,Transitional_Phase_2,11,2025,4,742,18000,2,0,3,0
STU_4984,3.9,5,3,8,16-20K,1,3,2,2,1,Transitional_Phase_2,9,2025,3,683,18000,2,2,4,1
STU_4985,3.02,11,5,9,10-15K,1,3,1,1,1,Transitional_Phase_2,12,2025,4,776,12500,2,1,2,1
STU_4986,2.72,22,3,8,16-20K,1,3,2,1,1,Transitional_Phase_2,1,2026,1,798,18000,2,0,3,0
STU_4987,3.21,13,5,9,16-20K,1,3,2,1,1,Transitional_Phase_2,10,2025,4,715,18000,2,1,3,1
STU_4988,3.42,19,6,1,Below 10k,0,3,0,1,0,Transitional_Phase_2,11,2025,4,740,8000,2,2,1,0
STU_4989,3.0,16,6,10,10-15K,1,3,1,1,1,Transitional_Phase_2,10,2025,4,705,12500,2,1,2,1
STU_4990,3.14,3,2,6,16-20K,1,3,2,1,1,Transitional_Phase_2,9,2025,3,699,18000,2,1,3,1
STU_4991,3.43,2,5,9,10-15K,0,3,1,1,0,Transitional_Phase_2,9,2025,3,679,12500,2,2,2,0
STU_4992,3.86,16,6,14,10-15K,1,3,1,2,1,Transitional_Phase_2,11,2025,4,731,12500,2,2,3,1
STU_4993,3.46,10,7,0,10-15K,1,3,1,1,1,Transitional_Phase_2,12,2025,4,779,12500,2,2,2,0
STU_4994,2.69,1,4,13,Below 10k,1,3,0,1,0,Transitional_Phase_2,11,2025,4,744,8000,2,0,1,0
STU_4995,3.38,17,2,6,10-15K,0,3,1,1,0,Transitional_Phase_2,10,2025,4,703,12500,2,1,2,1
STU_4996,3.27,12,3,8,Below 10k,1,3,0,1,0,Transitional_Phase_2,1,2026,1,808,8000,2,1,1,1
STU_4997,3.28,3,2,6,Below 10k,0,3,0,1,0,Transitional_Phase_2,1,2026,1,795,8000,2,1,1,1
STU_4998,3.22,5,0,4,10-15K,1,3,1,1,1,Transitional_Phase_2,11,2025,4,744,12500,2,1,2,1
STU_4999,3.44,6,1,18,16-20K,0,3,2,1,0,Transitional_Phase_2,11,2025,4,760,18000,2,2,3,0
STU_5000,2.66,19,6,3,Below 10k,1,3,0,1,1,Transitional_Phase_2,1,2026,1,810,8000,2,0,1,0
STU_5001,3.28,6,1,17,16-20K,0,3,2,1,0,Transitional_Phase_2,1,2026,1,802,18000,2,1,3,1
STU_5002,3.15,12,6,1,16-20K,1,3,2,1,1,Transitional_Phase_2,9,2025,3,673,18000,2,1,3,1
STU_5003,3.33,17,2,6,Below 10k,1,3,0,1,0,Transitional_Phase_2,11,2025,4,733,8000,2,1,1,1
STU_5004,3.32,16,6,1,Below 10k,0,3,0,1,0,Transitional_Phase_2,11,2025,4,760,8000,2,1,1,1
STU_5005,3.44,5,3,8,10-15K,0,3,1,1,1,Transitional_Phase_2,11,2025,4,754,12500,2,2,2,0
STU_5006,3.42,12,3,8,Below 10k,0,3,0,1,0,Transitional_Phase_2,9,2025,3,690,8000,2,2,1,0
STU_5007,3.48,0,7,0,10-15K,0,3,1,1,0,Transitional_Phase_2,12,2025,4,783,12500,2,2,2,0
STU_5008,3.15,0,7,0,Below 10k,0,3,0,1,0,Transitional_Phase_2,11,2025,4,744,8000,2,1,1,1
STU_5009,3.26,22,3,8,16-20K,1,3,2,1,1,Transitional_Phase_2,1,2026,1,795,18000,2,1,3,1
STU_5010,3.36,4,4,13,Below 10k,1,3,0,1,0,Transitional_Phase_2,10,2025,4,708,8000,2,1,1,1
STU_5011,3.34,1,4,13,16-20K,1,3,2,1,1,Transitional_Phase_2,10,2025,4,704,18000,2,1,3,1
STU_5012,3.88,0,7,0,Below 10k,0,3,0,2,0,Transitional_Phase_2,12,2025,4,764,8000,2,2,2,1
STU_5013,3.46,9,2,6,10-15K,1,3,1,1,1,Transitional_Phase_2,10,2025,4,718,12500,2,2,2,0
STU_5014,3.32,3,2,6,Below 10k,1,3,0,1,0,Transitional_Phase_2,10,2025,4,715,8000,2,1,1,1
STU_5015,3.19,19,6,3,10-15K,0,3,1,1,0,Transitional_Phase_2,1,2026,1,804,12500,2,1,2,1
STU_5016,3.55,9,2,6,16-20K,0,3,2,2,0,Transitional_Phase_2,10,2025,4,727,18000,2,2,4,1
STU_5017,3.2,17,2,6,10-15K,0,3,1,1,0,Transitional_Phase_2,12,2025,4,775,12500,2,1,2,1
STU_5018,3.42,14,4,13,16-20K,0,3,2,1,0,Transitional_Phase_2,12,2025,4,788,18000,2,2,3,0
STU_5019,3.35,14,4,13,Below 10k,0,3,0,1,0,Transitional_Phase_2,1,2026,1,813,8000,2,1,1,1
STU_5020,3.49,9,0,16,10-15K,1,3,1,1,1,Transitional_Phase_2,9,2025,3,686,12500,2,2,2,0
STU_5021,2.85,15,6,14,16-20K,1,3,2,1,1,Transitional_Phase_2,11,2025,4,754,18000,2,0,3,0
STU_5022,3.11,11,5,9,10-15K,0,3,1,1,0,Transitional_Phase_2,11,2025,4,754,12500,2,1,2,1
STU_5023,3.16,9,7,0,Below 10k,1,3,0,1,0,Transitional_Phase_2,9,2025,3,679,8000,2,1,1,1
STU_5024,3.27,13,5,9,16-20K,1,3,2,1,1,Transitional_Phase_2,9,2025,3,694,18000,2,1,3,1
STU_5025,3.18,21,0,2,Below 10k,1,3,0,1,0,Transitional_Phase_2,1,2026,1,820,8000,2,1,1,1
STU_5026,3.22,7,7,0,10-15K,0,3,1,1,0,Transitional_Phase_2,10,2025,4,709,12500,2,1,2,1
STU_5027,3.11,13,0,5,10-15K,0,3,1,1,0,Transitional_Phase_2,9,2025,3,696,12500,2,1,2,1
STU_5028,3.4,17,2,6,Below 10k,1,3,0,1,0,Transitional_Phase_2,12,2025,4,771,8000,2,2,1,0
STU_5029,3.47,7,7,0,10-15K,0,3,1,1,0,Transitional_Phase_2,1,2026,1,802,12500,2,2,2,0
STU_5030,3.16,14,4,13,16-20K,1,3,2,1,1,Transitional_Phase_2,10,2025,4,701,18000,2,1,3,1
STU_5031,3.15,13,5,9,16-20K,1,3,2,1,1,Transitional_Phase_2,9,2025,3,692,18000,2,1,3,1
STU_5032,3.27,3,2,6,10-15K,0,3,1,1,0,Transitional_Phase_2,12,2025,4,776,12500,2,1,2,1
STU_5033,3.36,6,1,11,10-15K,0,3,1,1,0,Transitional_Phase_2,10,2025,4,722,12500,2,1,2,1
STU_5034,3.77,12,3,8,16-20K,0,3,2,2,0,Transitional_Phase_2,10,2025,4,715,18000,2,2,4,1
STU_5035,3.34,4,4,13,Below 10k,0,3,0,1,0,Transitional_Phase_2,12,2025,4,770,8000,2,1,1,1
STU_5036,3.71,20,1,17,Below 10k,1,3,0,2,0,Transitional_Phase_2,1,2026,1,802,8000,2,2,2,1
STU_5037,3.2,20,1,17,10-15K,1,3,1,1,1,Transitional_Phase_2,1,2026,1,818,12500,2,1,2,1
STU_5038,2.83,15,6,10,Below 10k,1,3,0,1,0,Transitional_Phase_2,10,2025,4,724,8000,2,0,1,0
STU_5039,3.35,5,1,11,10-15K,1,3,1,1,1,Transitional_Phase_2,1,2026,1,793,12500,2,1,2,1
STU_5040,2.81,21,0,16,16-20K,1,3,2,1,1,Transitional_Phase_2,9,2025,3,684,18000,2,0,3,0
STU_5041,2.71,2,5,9,16-20K,1,3,2,1,1,Transitional_Phase_2,1,2026,1,804,18000,2,0,3,0
STU_5042,3.18,17,2,6,Below 10k,1,3,0,1,1,Transitional_Phase_2,12,2025,4,764,8000,2,1,1,1
STU_5043,3.42,22,3,8,10-15K,1,3,1,1,0,Transitional_Phase_2,12,2025,4,771,12500,2,2,2,0
STU_5044,3.27,7,1,18,16-20K,1,3,2,1,1,Transitional_Phase_2,9,2025,3,695,18000,2,1,3,1
STU_5045,3.47,16,4,13,16-20K,0,3,2,1,0,Transitional_Phase_2,10,2025,4,727,18000,2,2,3,0
STU_5046,3.05,7,7,0,10-15K,0,3,1,1,0,Transitional_Phase_2,1,2026,1,795,12500,2,1,2,1
STU_5047,2.14,9,2,6,10-15K,1,3,1,0,1,Transitional_Phase_2,11,2025,4,739,12500,2,0,1,1
STU_5048,3.26,8,7,0,10-15K,0,3,1,1,0,Transitional_Phase_2,10,2025,4,718,12500,2,1,2,1
STU_5049,2.81,14,4,13,10-15K,0,3,1,1,0,Transitional_Phase_2,11,2025,4,756,12500,2,0,2,0
STU_5050,3.11,9,2,6,10-15K,0,3,1,1,0,Transitional_Phase_2,9,2025,3,693,12500,2,1,2,1
STU_5051,3.18,8,7,0,10-15K,0,3,1,1,0,Transitional_Phase_2,11,2025,4,756,12500,2,1,2,1
STU_5052,2.73,19,6,1,16-20K,0,3,2,1,0,Transitional_Phase_2,9,2025,3,678,18000,2,0,3,0
STU_5053,3.26,19,6,1,10-15K,0,3,1,1,0,Transitional_Phase_2,1,2026,1,803,12500,2,1,2,1
STU_5054,3.17,5,3,8,Below 10k,0,3,0,1,0,Transitional_Phase_2,10,2025,4,724,8000,2,1,1,1
STU_5055,3.2,10,2,6,10-15K,1,3,1,1,1,Transitional_Phase_2,10,2025,4,706,12500,2,1,2,1
STU_5056,3.26,12,3,8,16-20K,0,3,2,1,0,Transitional_Phase_2,11,2025,4,756,18000,2,1,3,1
STU_5057,3.13,16,4,13,10-15K,1,3,1,1,1,Transitional_Phase_2,11,2025,4,753,12500,2,1,2,1
STU_5058,3.38,5,3,8,10-15K,0,3,1,1,0,Transitional_Phase_2,12,2025,4,782,12500,2,1,2,1
STU_5059,3.45,16,6,1,16-20K,0,3,2,1,0,Transitional_Phase_2,1,2026,1,812,18000,2,2,3,0
STU_5060,3.44,17,2,6,16-20K,0,3,2,1,0,Transitional_Phase_2,9,2025,3,686,18000,2,2,3,0
STU_5061,3.27,22,3,8,10-15K,1,3,1,1,0,Transitional_Phase_2,12,2025,4,791,12500,2,1,2,1
STU_5062,3.32,14,4,13,Below 10k,0,3,0,1,0,Transitional_Phase_2,11,2025,4,755,8000,2,1,1,1
STU_5063,3.34,5,3,8,Below 10k,1,3,0,1,0,Transitional_Phase_2,9,2025,3,675,8000,2,1,1,1
STU_5064,2.71,7,7,0,16-20K,1,3,2,1,1,Transitional_Phase_2,9,2025,3,696,18000,2,0,3,0
STU_5065,2.6,8,7,0,10-15K,1,3,1,1,0,Transitional_Phase_2,11,2025,4,745,12500,2,0,2,0
STU_5066,3.33,9,2,6,10-15K,0,3,1,1,1,Transitional_Phase_2,11,2025,4,755,12500,2,1,2,1
STU_5067,3.71,1,4,13,16-20K,1,3,2,2,1,Transitional_Phase_2,12,2025,4,777,18000,2,2,4,1
STU_5068,3.37,3,2,6,Below 10k,0,3,0,1,0,Transitional_Phase_2,12,2025,4,770,8000,2,1,1,1
STU_5069,3.3,5,1,11,10-15K,0,3,1,1,0,Transitional_Phase_2,11,2025,4,744,12500,2,1,2,1
STU_5070,2.55,18,0,15,Below 10k,1,3,0,1,0,Transitional_Phase_2,9,2025,3,676,8000,2,0,1,0
STU_5071,2.83,12,3,8,16-20K,1,3,2,1,1,Transitional_Phase_2,1,2026,1,793,18000,2,0,3,0
STU_5072,3.34,7,7,0,Below 10k,0,3,0,1,0,Transitional_Phase_2,11,2025,4,739,8000,2,1,1,1
STU_5073,3.11,10,7,0,16-20K,0,3,2,1,0,Transitional_Phase_2,12,2025,4,767,18000,2,1,3,1
STU_5074,3.2,12,3,8,10-15K,0,3,1,1,0,Transitional_Phase_2,12,2025,4,790,12500,2,1,2,1
STU_5075,3.48,1,4,13,10-15K,0,3,1,1,0,Transitional_Phase_2,11,2025,4,753,12500,2,2,2,0
STU_5076,2.58,5,1,11,16-20K,1,3,2,1,1,Transitional_Phase_2,10,2025,4,713,18000,2,0,3,0
STU_5077,2.82,18,0,4,Below 10k,0,3,0,1,0,Transitional_Phase_2,1,2026,1,797,8000,2,0,1,0
STU_5078,3.08,0,1,18,10-15K,0,3,1,1,0,Transitional_Phase_2,11,2025,4,743,12500,2,1,2,1
STU_5079,2.46,5,3,8,10-15K,0,3,1,0,0,Transitional_Phase_2,11,2025,4,735,12500,2,0,1,1
STU_5080,3.44,21,0,4,Below 10k,1,3,0,1,0,Transitional_Phase_2,9,2025,3,692,8000,2,2,1,0
STU_5081,3.22,10,2,6,16-20K,1,3,2,1,1,Transitional_Phase_2,1,2026,1,803,18000,2,1,3,1
STU_5082,2.63,17,2,6,16-20K,0,3,2,1,0,Transitional_Phase_2,11,2025,4,735,18000,2,0,3,0
STU_5083,3.18,5,0,16,10-15K,0,3,1,1,0,Transitional_Phase_2,12,2025,4,762,12500,2,1,2,1
STU_5084,2.47,9,0,15,16-20K,0,3,2,0,0,Transitional_Phase_2,12,2025,4,780,18000,2,0,2,1
STU_5085,3.46,14,4,13,16-20K,1,3,2,1,1,Transitional_Phase_2,9,2025,3,671,18000,2,2,3,0
STU_5086,2.37,0,7,0,10-15K,1,3,1,0,1,Transitional_Phase_2,12,2025,4,779,12500,2,0,1,1
STU_5087,3.04,3,2,6,10-15K,0,3,1,1,0,Transitional_Phase_2,12,2025,4,770,12500,2,1,2,1
STU_5088,3.51,11,5,9,16-20K,1,3,2,2,1,Transitional_Phase_2,12,2025,4,769,18000,2,2,4,1
STU_5089,2.76,18,0,15,10-15K,1,3,1,1,1,Transitional_Phase_2,1,2026,1,822,12500,2,0,2,0
STU_5090,3.42,14,4,13,16-20K,0,3,2,1,0,Transitional_Phase_2,12,2025,4,780,18000,2,2,3,0
STU_5091,2.75,4,4,13,10-15K,1,3,1,1,1,Transitional_Phase_2,9,2025,3,675,12500,2,0,2,0
STU_5092,3.15,0,1,18,16-20K,1,3,2,1,1,Transitional_Phase_2,11,2025,4,742,18000,2,1,3,1
STU_5093,3.03,21,0,5,Below 10k,0,3,0,1,0,Transitional_Phase_2,12,2025,4,778,8000,2,1,1,1
STU_5094,3.36,18,0,4,10-15K,1,3,1,1,1,Transitional_Phase_2,10,2025,4,712,12500,2,1,2,1
STU_5095,3.23,13,5,9,10-15K,1,3,1,1,1,Transitional_Phase_2,12,2025,4,776,12500,2,1,2,1
STU_5096,2.95,15,6,1,10-15K,1,3,1,1,1,Transitional_Phase_2,12,2025,4,791,12500,2,0,2,0
STU_5097,3.41,12,6,14,10-15K,0,3,1,1,0,Transitional_Phase_2,11,2025,4,743,12500,2,2,2,0
STU_5098,2.47,12,6,12,Below 10k,0,3,0,0,0,Transitional_Phase_2,10,2025,4,726,8000,2,0,0,1
STU_5099,3.68,22,3,8,16-20K,1,3,2,2,1,Transitional_Phase_2,12,2025,4,771,18000,2,2,4,1
STU_5100,3.06,16,4,13,16-20K,1,3,2,1,1,Transitional_Phase_2,10,2025,4,714,18000,2,1,3,1
STU_5101,2.6,4,4,13,10-15K,0,3,1,1,0,Transitional_Phase_2,11,2025,4,735,12500,2,0,2,0
STU_5102,2.77,9,7,0,16-20K,1,3,2,1,1,Transitional_Phase_2,10,2025,4,711,18000,2,0,3,0
STU_5103,3.21,11,5,9,16-20K,1,3,2,1,1,Transitional_Phase_2,10,2025,4,728,18000,2,1,3,1
STU_5104,3.33,14,4,13,10-15K,0,3,1,1,0,Transitional_Phase_2,9,2025,3,678,12500,2,1,2,1
STU_5105,3.4,2,5,9,10-15K,1,3,1,1,0,Transitional_Phase_2,9,2025,3,687,12500,2,2,2,0
STU_5106,3.4,19,6,10,16-20K,0,3,2,1,0,Transitional_Phase_2,12,2025,4,786,18000,2,2,3,0
STU_5107,3.15,9,2,6,Below 10k,1,3,0,1,1,Transitional_Phase_2,10,2025,4,714,8000,2,1,1,1
STU_5108,3.63,9,7,0,16-20K,0,3,2,2,0,Transitional_Phase_2,9,2025,3,684,18000,2,2,4,1
STU_5109,3.37,6,6,12,Below 10k,0,3,0,1,0,Transitional_Phase_2,11,2025,4,737,8000,2,1,1,1
STU_5110,3.11,16,6,3,Below 10k,0,3,0,1,0,Transitional_Phase_2,12,2025,4,768,8000,2,1,1,1
STU_5111,3.48,14,4,13,10-15K,1,3,1,1,1,Transitional_Phase_2,1,2026,1,796,12500,2,2,2,0
STU_5112,3.23,22,3,8,10-15K,1,3,1,1,1,Transitional_Phase_2,9,2025,3,691,12500,2,1,2,1
STU_5113,3.38,20,1,18,10-15K,0,3,1,1,0,Transitional_Phase_2,10,2025,4,727,12500,2,1,2,1
STU_5114,2.84,10,7,0,10-15K,1,3,1,1,1,Transitional_Phase_2,9,2025,3,681,12500,2,0,2,0
STU_5115,2.59,12,3,8,Below 10k,0,3,0,1,0,Transitional_Phase_2,1,2026,1,798,8000,2,0,1,0
STU_5116,2.89,9,0,4,10-15K,1,3,1,1,1,Transitional_Phase_2,1,2026,1,795,12500,2,0,2,0
STU_5117,3.34,0,7,0,10-15K,1,3,1,1,1,Transitional_Phase_2,9,2025,3,677,12500,2,1,2,1
STU_5118,2.59,10,7,0,10-15K,0,3,1,1,0,Transitional_Phase_2,9,2025,3,686,12500,2,0,2,0
STU_5119,3.68,20,1,11,10-15K,1,3,1,2,1,Transitional_Phase_2,10,2025,4,704,12500,2,2,3,1
STU_5120,3.35,9,2,6,Below 10k,0,3,0,1,0,Transitional_Phase_2,11,2025,4,746,8000,2,1,1,1
STU_5121,3.34,19,6,14,10-15K,1,3,1,1,1,Transitional_Phase_2,11,2025,4,752,12500,2,1,2,1
STU_5122,3.71,10,7,0,16-20K,0,3,2,2,1,Transitional_Phase_2,1,2026,1,798,18000,2,2,4,1
STU_5123,3.3,2,5,9,Below 10k,1,3,0,1,0,Transitional_Phase_2,12,2025,4,766,8000,2,1,1,1
STU_5124,3.32,11,5,9,10-15K,0,3,1,1,0,Transitional_Phase_2,1,2026,1,812,12500,2,1,2,1
STU_5125,2.88,7,3,8,16-20K,1,3,2,1,1,Transitional_Phase_2,9,2025,3,678,18000,2,0,3,0
STU_5126,2.98,4,4,13,Below 10k,1,3,0,1,0,Transitional_Phase_2,10,2025,4,729,8000,2,0,1,0
STU_5127,3.47,12,3,8,16-20K,1,3,2,1,1,Transitional_Phase_2,10,2025,4,724,18000,2,2,3,0
STU_5128,3.49,12,3,8,16-20K,0,3,2,1,0,Transitional_Phase_2,12,2025,4,781,18000,2,2,3,0
STU_5129,3.34,2,5,9,Below 10k,0,3,0,1,0,Transitional_Phase_2,12,2025,4,787,8000,2,1,1,1
STU_5130,3.17,16,4,13,Below 10k,1,3,0,1,0,Transitional_Phase_2,10,2025,4,700,8000,2,1,1,1
STU_5131,2.02,20,1,17,Below 10k,1,3,0,0,1,Transitional_Phase_2,1,2026,1,821,8000,2,0,0,1
STU_5132,3.31,13,5,9,16-20K,1,3,2,1,1,Transitional_Phase_2,9,2025,3,682,18000,2,1,3,1
STU_5133,3.0,13,5,9,16-20K,1,3,2,1,1,Transitional_Phase_2,12,2025,4,770,18000,2,1,3,1
STU_5134,2.77,13,5,9,16-20K,0,3,2,1,0,Transitional_Phase_2,1,2026,1,792,18000,2,0,3,0
STU_5135,2.85,8,7,0,10-15K,1,3,1,1,1,Transitional_Phase_2,10,2025,4,722,12500,2,0,2,0
STU_5136,3.18,21,0,16,10-15K,1,3,1,1,0,Transitional_Phase_2,11,2025,4,760,12500,2,1,2,1
STU_5137,3.45,7,1,11,Below 10k,0,3,0,1,0,Transitional_Phase_2,9,2025,3,678,8000,2,2,1,0
STU_5138,3.42,10,2,6,Below 10k,0,3,0,1,0,Transitional_Phase_2,12,2025,4,771,8000,2,2,1,0
STU_5139,2.28,4,4,13,16-20K,0,3,2,0,0,Transitional_Phase_2,11,2025,4,745,18000,2,0,2,1
STU_5140,3.12,10,2,6,16-20K,0,3,2,1,0,Transitional_Phase_2,9,2025,3,687,18000,2,1,3,1
STU_5141,3.1,9,2,6,16-20K,0,3,2,1,1,Transitional_Phase_2,12,2025,4,769,18000,2,1,3,1
STU_5142,3.19,8,7,0,16-20K,0,3,2,1,0,Transitional_Phase_2,10,2025,4,717,18000,2,1,3,1
STU_5143,3.16,13,5,9,10-15K,1,3,1,1,1,Transitional_Phase_2,1,2026,1,806,12500,2,1,2,1
STU_5144,3.31,5,1,17,10-15K,1,3,1,1,1,Transitional_Phase_2,11,2025,4,733,12500,2,1,2,1
STU_5145,3.14,2,5,9,10-15K,0,3,1,1,0,Transitional_Phase_2,11,2025,4,745,12500,2,1,2,1
STU_5146,2.33,15,6,10,Below 10k,0,3,0,0,0,Transitional_Phase_2,10,2025,4,718,8000,2,0,0,1
STU_5147,3.35,16,4,13,16-20K,1,3,2,1,1,Transitional_Phase_2,11,2025,4,757,18000,2,1,3,1
STU_5148,3.36,2,5,9,16-20K,0,3,2,1,0,Transitional_Phase_2,9,2025,3,680,18000,2,1,3,1
STU_5149,2.55,17,2,6,16-20K,0,3,2,1,0,Transitional_Phase_2,10,2025,4,706,18000,2,0,3,0
STU_5150,3.38,0,1,11,10-15K,0,3,1,1,0,Transitional_Phase_2,10,2025,4,703,12500,2,1,2,1
STU_5151,3.66,0,1,11,16-20K,1,3,2,2,1,Transitional_Phase_2,1,2026,1,817,18000,2,2,4,1
STU_5152,3.25,19,6,12,10-15K,1,3,1,1,1,Transitional_Phase_2,10,2025,4,715,12500,2,1,2,1
STU_5153,2.77,11,5,9,10-15K,1,3,1,1,1,Transitional_Phase_2,9,2025,3,688,12500,2,0,2,0
STU_5154,3.15,16,6,14,16-20K,1,3,2,1,1,Transitional_Phase_2,10,2025,4,730,18000,2,1,3,1
STU_5155,3.23,9,2,6,16-20K,0,3,2,1,0,Transitional_Phase_2,11,2025,4,752,18000,2,1,3,1
STU_5156,2.86,7,7,0,16-20K,1,3,2,1,1,Transitional_Phase_2,11,2025,4,738,18000,2,0,3,0
STU_5157,3.13,1,4,13,16-20K,0,3,2,1,0,Transitional_Phase_2,12,2025,4,782,18000,2,1,3,1
STU_5158,3.18,5,0,16,Below 10k,0,3,0,1,0,Transitional_Phase_2,9,2025,3,688,8000,2,1,1,1
STU_5159,3.41,17,2,6,10-15K,0,3,1,1,0,Transitional_Phase_2,11,2025,4,737,12500,2,2,2,0
STU_5160,2.8,9,7,0,10-15K,1,3,1,1,1,Transitional_Phase_2,12,2025,4,763,12500,2,0,2,0
STU_5161,3.71,19,6,14,10-15K,1,3,1,2,1,Transitional_Phase_2,10,2025,4,718,12500,2,2,3,1
STU_5162,3.17,7,1,11,Below 10k,0,3,0,1,0,Transitional_Phase_2,12,2025,4,791,8000,2,1,1,1
STU_5163,3.44,16,6,12,10-15K,0,3,1,1,0,Transitional_Phase_2,9,2025,3,677,12500,2,2,2,0
STU_5164,3.3,3,2,6,10-15K,1,3,1,1,1,Transitional_Phase_2,11,2025,4,738,12500,2,1,2,1
STU_5165,3.4,19,6,10,Below 10k,1,3,0,1,0,Transitional_Phase_2,1,2026,1,794,8000,2,2,1,0
STU_5166,3.38,12,3,8,10-15K,1,3,1,1,1,Transitional_Phase_2,1,2026,1,807,12500,2,1,2,1
STU_5167,3.38,0,7,0,Below 10k,1,3,0,1,1,Transitional_Phase_2,12,2025,4,772,8000,2,1,1,1
STU_5168,3.28,11,5,9,16-20K,0,3,2,1,0,Transitional_Phase_2,11,2025,4,757,18000,2,1,3,1
STU_5169,3.34,21,0,16,16-20K,1,3,2,1,1,Transitional_Phase_2,1,2026,1,808,18000,2,1,3,1
STU_5170,3.11,1,4,13,Below 10k,1,3,0,1,0,Transitional_Phase_2,10,2025,4,720,8000,2,1,1,1
STU_5171,2.97,4,4,13,10-15K,1,3,1,1,1,Transitional_Phase_2,10,2025,4,703,12500,2,0,2,0
STU_5172,2.67,12,3,8,16-20K,0,3,2,1,1,Transitional_Phase_2,11,2025,4,751,18000,2,0,3,0
STU_5173,3.11,16,4,13,Below 10k,0,3,0,1,0,Transitional_Phase_2,9,2025,3,677,8000,2,1,1,1
STU_5174,3.44,10,7,0,Below 10k,1,3,0,1,0,Transitional_Phase_2,11,2025,4,750,8000,2,2,1,0
STU_5175,3.26,13,5,9,10-15K,1,3,1,1,1,Transitional_Phase_2,9,2025,3,677,12500,2,1,2,1
STU_5176,3.34,3,2,6,10-15K,1,3,1,1,1,Transitional_Phase_2,10,2025,4,706,12500,2,1,2,1
STU_5177,3.27,12,3,8,10-15K,1,3,1,1,1,Transitional_Phase_2,10,2025,4,727,12500,2,1,2,1
STU_5178,3.48,1,4,13,10-15K,0,3,1,1,0,Transitional_Phase_2,12,2025,4,790,12500,2,2,2,0
STU_5179,3.32,17,2,6,10-15K,0,3,1,1,0,Transitional_Phase_2,1,2026,1,796,12500,2,1,2,1
STU_5180,2.83,19,6,1,16-20K,1,3,2,1,1,Transitional_Phase_2,1,2026,1,806,18000,2,0,3,0
STU_5181,3.26,10,7,0,Below 10k,1,3,0,1,1,Transitional_Phase_2,1,2026,1,808,8000,2,1,1,1
STU_5182,3.31,22,3,8,10-15K,0,3,1,1,1,Transitional_Phase_2,11,2025,4,753,12500,2,1,2,1
STU_5183,3.36,7,1,17,Below 10k,0,3,0,1,0,Transitional_Phase_2,1,2026,1,804,8000,2,1,1,1
STU_5184,3.34,10,2,6,16-20K,0,3,2,1,0,Transitional_Phase_2,11,2025,4,735,18000,2,1,3,1
STU_5185,3.32,10,2,6,Below 10k,1,3,0,1,0,Transitional_Phase_2,11,2025,4,738,8000,2,1,1,1
STU_5186,3.23,0,7,0,16-20K,0,3,2,1,0,Transitional_Phase_2,9,2025,3,687,18000,2,1,3,1
STU_5187,2.64,7,7,0,16-20K,1,3,2,1,1,Transitional_Phase_2,9,2025,3,697,18000,2,0,3,0
STU_5188,3.8,8,7,0,16-20K,1,3,2,2,1,Transitional_Phase_2,12,2025,4,764,18000,2,2,4,1
STU_5189,3.21,10,7,0,Below 10k,0,3,0,1,1,Transitional_Phase_2,9,2025,3,697,8000,2,1,1,1
STU_5190,3.18,8,7,0,10-15K,0,3,1,1,0,Transitional_Phase_2,11,2025,4,731,12500,2,1,2,1
STU_5191,3.14,12,3,8,10-15K,1,3,1,1,1,Transitional_Phase_2,9,2025,3,696,12500,2,1,2,1
STU_5192,3.31,7,1,17,Below 10k,0,3,0,1,0,Transitional_Phase_2,11,2025,4,749,8000,2,1,1,1
STU_5193,2.55,10,7,0,10-15K,0,3,1,1,1,Transitional_Phase_2,9,2025,3,695,12500,2,0,2,0
STU_5194,3.04,7,7,0,16-20K,1,3,2,1,1,Transitional_Phase_2,1,2026,1,804,18000,2,1,3,1
STU_5195,3.74,22,3,8,10-15K,0,3,1,2,1,Transitional_Phase_2,1,2026,1,792,12500,2,2,3,1
STU_5196,2.95,9,2,6,Below 10k,1,3,0,1,1,Transitional_Phase_2,1,2026,1,797,8000,2,0,1,0
STU_5197,2.67,12,6,14,16-20K,0,3,2,1,0,Transitional_Phase_2,10,2025,4,707,18000,2,0,3,0
STU_5198,3.26,21,0,15,Below 10k,0,3,0,1,0,Transitional_Phase_2,10,2025,4,718,8000,2,1,1,1
STU_5199,3.17,9,7,0,16-20K,0,3,2,1,0,Transitional_Phase_2,11,2025,4,736,18000,2,1,3,1
STU_5200,3.04,10,2,6,16-20K,0,3,2,1,0,Transitional_Phase_2,12,2025,4,782,18000,2,1,3,1
STU_5201,3.11,6,6,12,10-15K,1,3,1,1,1,Transitional_Phase_2,11,2025,4,738,12500,2,1,2,1
STU_5202,3.33,2,5,9,Below 10k,0,3,0,1,0,Transitional_Phase_2,11,2025,4,735,8000,2,1,1,1
STU_5203,3.23,16,6,1,Below 10k,0,3,0,1,0,Transitional_Phase_2,9,2025,3,690,8000,2,1,1,1
STU_5204,3.44,5,0,2,10-15K,1,3,1,1,1,Transitional_Phase_2,9,2025,3,698,12500,2,2,2,0
STU_5205,2.79,1,4,13,Below 10k,0,3,0,1,0,Transitional_Phase_2,10,2025,4,711,8000,2,0,1,0
STU_5206,3.31,1,4,13,10-15K,1,3,1,1,0,Transitional_Phase_2,1,2026,1,816,12500,2,1,2,1
STU_5207,3.55,9,2,6,Below 10k,1,3,0,2,1,Transitional_Phase_2,11,2025,4,751,8000,2,2,2,1
STU_5208,2.59,12,6,3,16-20K,0,3,2,1,1,Transitional_Phase_2,10,2025,4,719,18000,2,0,3,0
STU_5209,2.73,13,5,9,Below 10k,1,3,0,1,0,Transitional_Phase_2,12,2025,4,784,8000,2,0,1,0
STU_5210,3.18,5,3,8,10-15K,0,3,1,1,0,Transitional_Phase_2,1,2026,1,797,12500,2,1,2,1
STU_5211,3.19,3,2,6,16-20K,0,3,2,1,0,Transitional_Phase_2,11,2025,4,750,18000,2,1,3,1
STU_5212,3.44,6,1,18,Below 10k,0,3,0,1,0,Transitional_Phase_2,1,2026,1,818,8000,2,2,1,0
STU_5213,3.17,2,5,9,Below 10k,0,3,0,1,0,Transitional_Phase_2,12,2025,4,767,8000,2,1,1,1
STU_5214,3.06,17,2,6,16-20K,0,3,2,1,0,Transitional_Phase_2,10,2025,4,711,18000,2,1,3,1
STU_5215,3.37,22,3,8,10-15K,0,3,1,1,1,Transitional_Phase_2,10,2025,4,724,12500,2,1,2,1
STU_5216,3.36,11,5,9,10-15K,0,3,1,1,0,Transitional_Phase_2,12,2025,4,778,12500,2,1,2,1
STU_5217,3.45,1,4,13,10-15K,1,3,1,1,1,Transitional_Phase_2,1,2026,1,806,12500,2,2,2,0
STU_5218,3.44,13,0,2,10-15K,1,3,1,1,1,Transitional_Phase_2,10,2025,4,707,12500,2,2,2,0
STU_5219,2.26,1,4,13,Below 10k,0,3,0,0,0,Transitional_Phase_2,9,2025,3,681,8000,2,0,0,1
STU_5220,3.29,16,4,13,16-20K,1,3,2,1,1,Transitional_Phase_2,11,2025,4,752,18000,2,1,3,1
STU_5221,2.99,22,3,8,10-15K,0,3,1,1,0,Transitional_Phase_2,12,2025,4,771,12500,2,0,2,0
STU_5222,2.63,12,6,1,Below 10k,1,3,0,1,0,Transitional_Phase_2,11,2025,4,748,8000,2,0,1,0
STU_5223,3.45,3,2,6,Below 10k,0,3,0,1,1,Transitional_Phase_2,11,2025,4,751,8000,2,2,1,0
STU_5224,3.19,5,3,8,16-20K,1,3,2,1,1,Transitional_Phase_2,12,2025,4,766,18000,2,1,3,1
STU_5225,3.41,0,1,11,16-20K,0,3,2,1,1,Transitional_Phase_2,1,2026,1,796,18000,2,2,3,0
STU_5226,3.31,5,1,11,Below 10k,1,3,0,1,0,Transitional_Phase_2,11,2025,4,746,8000,2,1,1,1
STU_5227,3.87,5,3,8,10-15K,0,3,1,2,0,Transitional_Phase_2,11,2025,4,743,12500,2,2,3,1
STU_5228,3.13,3,2,6,16-20K,1,3,2,1,1,Transitional_Phase_2,1,2026,1,806,18000,2,1,3,1
STU_5229,3.21,12,3,8,16-20K,1,3,2,1,1,Transitional_Phase_2,11,2025,4,755,18000,2,1,3,1
STU_5230,3.3,5,0,5,Below 10k,1,3,0,1,0,Transitional_Phase_2,1,2026,1,792,8000,2,1,1,1
STU_5231,3.44,3,2,6,Below 10k,0,3,0,1,1,Transitional_Phase_2,1,2026,1,802,8000,2,2,1,0
STU_5232,2.9,7,7,0,10-15K,0,3,1,1,0,Transitional_Phase_2,1,2026,1,802,12500,2,0,2,0
STU_5233,3.36,12,3,8,16-20K,1,3,2,1,1,Transitional_Phase_2,11,2025,4,741,18000,2,1,3,1
STU_5234,3.72,4,4,13,16-20K,1,3,2,2,1,Transitional_Phase_2,12,2025,4,775,18000,2,2,4,1
STU_5235,3.29,5,3,8,10-15K,1,3,1,1,1,Transitional_Phase_2,12,2025,4,790,12500,2,1,2,1
STU_5236,3.49,1,4,13,Below 10k,0,3,0,1,0,Transitional_Phase_2,1,2026,1,794,8000,2,2,1,0
STU_5237,2.54,21,0,5,16-20K,0,3,2,1,0,Transitional_Phase_2,9,2025,3,695,18000,2,0,3,0
STU_5238,2.57,16,6,3,10-15K,0,3,1,1,0,Transitional_Phase_2,1,2026,1,822,12500,2,0,2,0
STU_5239,3.39,9,2,6,10-15K,0,3,1,1,0,Transitional_Phase_2,9,2025,3,697,12500,2,1,2,1
STU_5240,3.24,13,0,4,10-15K,0,3,1,1,0,Transitional_Phase_2,9,2025,3,674,12500,2,1,2,1
STU_5241,3.19,3,2,6,Below 10k,0,3,0,1,0,Transitional_Phase_2,10,2025,4,719,8000,2,1,1,1
STU_5242,2.91,7,3,8,16-20K,1,3,2,1,1,Transitional_Phase_2,1,2026,1,807,18000,2,0,3,0
STU_5243,3.29,17,2,6,Below 10k,1,3,0,1,1,Transitional_Phase_2,11,2025,4,738,8000,2,1,1,1
STU_5244,3.29,0,7,0,10-15K,1,3,1,1,1,Transitional_Phase_2,10,2025,4,714,12500,2,1,2,1
STU_5245,3.21,6,6,14,10-15K,1,3,1,1,1,Transitional_Phase_2,1,2026,1,820,12500,2,1,2,1
STU_5246,3.32,10,7,0,Below 10k,0,3,0,1,0,Transitional_Phase_2,11,2025,4,734,8000,2,1,1,1
STU_5247,3.11,0,1,17,16-20K,1,3,2,1,1,Transitional_Phase_2,12,2025,4,785,18000,2,1,3,1
STU_5248,3.26,10,7,0,16-20K,1,3,2,1,1,Transitional_Phase_2,9,2025,3,671,18000,2,1,3,1
STU_5249,2.8,7,7,0,Below 10k,0,3,0,1,0,Transitional_Phase_2,9,2025,3,685,8000,2,0,1,0
STU_5250,2.75,9,2,6,10-15K,0,3,1,1,0,Transitional_Phase_2,9,2025,3,698,12500,2,0,2,0
STU_5251,3.43,5,1,18,Below 10k,1,3,0,1,0,Transitional_Phase_2,12,2025,4,772,8000,2,2,1,0
STU_5252,3.92,17,2,6,10-15K,1,3,1,2,1,Transitional_Phase_2,12,2025,4,781,12500,2,2,3,1
STU_5253,2.73,9,7,0,10-15K,0,3,1,1,0,Transitional_Phase_2,11,2025,4,737,12500,2,0,2,0
STU_5254,2.23,15,6,14,Below 10k,1,3,0,0,0,Transitional_Phase_2,1,2026,1,792,8000,2,0,0,1
STU_5255,3.14,3,2,6,16-20K,1,3,2,1,1,Transitional_Phase_2,12,2025,4,777,18000,2,1,3,1
STU_5256,3.04,13,0,2,Below 10k,1,3,0,1,0,Transitional_Phase_2,1,2026,1,819,8000,2,1,1,1
STU_5257,3.41,5,0,15,10-15K,0,3,1,1,0,Transitional_Phase_2,12,2025,4,773,12500,2,2,2,0
STU_5258,3.45,9,2,6,Below 10k,0,3,0,1,0,Transitional_Phase_2,1,2026,1,802,8000,2,2,1,0
STU_5259,3.11,5,1,18,10-15K,1,3,1,1,1,Transitional_Phase_2,12,2025,4,766,12500,2,1,2,1
STU_5260,3.29,9,2,6,Below 10k,1,3,0,1,0,Transitional_Phase_2,10,2025,4,714,8000,2,1,1,1
STU_5261,3.17,6,1,11,16-20K,1,3,2,1,1,Transitional_Phase_2,1,2026,1,815,18000,2,1,3,1
STU_5262,3.45,10,7,0,Below 10k,0,3,0,1,0,Transitional_Phase_2,10,2025,4,707,8000,2,2,1,0
STU_5263,3.36,16,6,3,Below 10k,1,3,0,1,0,Transitional_Phase_2,11,2025,4,758,8000,2,1,1,1
STU_5264,3.34,4,4,13,10-15K,1,3,1,1,0,Transitional_Phase_2,11,2025,4,738,12500,2,1,2,1
STU_5265,3.27,21,0,2,Below 10k,1,3,0,1,0,Transitional_Phase_2,11,2025,4,760,8000,2,1,1,1
STU_5266,3.3,13,5,9,16-20K,0,3,2,1,0,Transitional_Phase_2,1,2026,1,800,18000,2,1,3,1
STU_5267,3.19,0,7,0,16-20K,0,3,2,1,0,Transitional_Phase_2,10,2025,4,703,18000,2,1,3,1
STU_5268,3.74,16,6,1,16-20K,0,3,2,2,1,Transitional_Phase_2,10,2025,4,712,18000,2,2,4,1
STU_5269,3.29,7,3,8,16-20K,1,3,2,1,1,Transitional_Phase_2,12,2025,4,783,18000,2,1,3,1
STU_5270,2.89,11,5,9,16-20K,0,3,2,1,0,Transitional_Phase_2,10,2025,4,728,18000,2,0,3,0
STU_5271,3.34,11,5,9,16-20K,1,3,2,1,1,Transitional_Phase_2,9,2025,3,671,18000,2,1,3,1
STU_5272,2.91,1,4,13,16-20K,1,3,2,1,1,Transitional_Phase_2,11,2025,4,733,18000,2,0,3,0
STU_5273,3.88,22,3,8,10-15K,1,3,1,2,1,Transitional_Phase_2,9,2025,3,695,12500,2,2,3,1
STU_5274,3.24,5,3,8,10-15K,0,3,1,1,0,Transitional_Phase_2,11,2025,4,740,12500,2,1,2,1
STU_5275,3.38,10,2,6,Below 10k,1,3,0,1,0,Transitional_Phase_2,11,2025,4,739,8000,2,1,1,1
STU_5276,2.82,11,5,9,16-20K,0,3,2,1,0,Transitional_Phase_2,9,2025,3,695,18000,2,0,3,0
STU_5277,3.17,6,6,1,16-20K,0,3,2,1,1,Transitional_Phase_2,1,2026,1,820,18000,2,1,3,1
STU_5278,3.31,13,5,9,Below 10k,0,3,0,1,0,Transitional_Phase_2,1,2026,1,821,8000,2,1,1,1
STU_5279,3.4,3,2,6,16-20K,1,3,2,1,1,Transitional_Phase_2,1,2026,1,801,18000,2,2,3,0
STU_5280,3.4,7,3,8,16-20K,0,3,2,1,0,Transitional_Phase_2,12,2025,4,785,18000,2,2,3,0
STU_5281,3.62,0,7,0,16-20K,1,3,2,2,1,Transitional_Phase_2,12,2025,4,763,18000,2,2,4,1
STU_5282,3.49,10,7,0,16-20K,1,3,2,1,1,Transitional_Phase_2,10,2025,4,720,18000,2,2,3,0
STU_5283,3.1,11,5,9,10-15K,1,3,1,1,0,Transitional_Phase_2,10,2025,4,728,12500,2,1,2,1
STU_5284,3.56,8,7,0,Below 10k,0,3,0,2,0,Transitional_Phase_2,10,2025,4,724,8000,2,2,2,1
STU_5285,3.51,12,6,14,10-15K,0,3,1,2,0,Transitional_Phase_2,12,2025,4,790,12500,2,2,3,1
STU_5286,3.28,9,7,0,10-15K,1,3,1,1,0,Transitional_Phase_2,9,2025,3,692,12500,2,1,2,1
STU_5287,3.37,0,7,0,10-15K,0,3,1,1,0,Transitional_Phase_2,9,2025,3,690,12500,2,1,2,1
STU_5288,2.69,2,5,9,10-15K,0,3,1,1,0,Transitional_Phase_2,11,2025,4,735,12500,2,0,2,0
STU_5289,3.54,17,2,6,Below 10k,1,3,0,2,0,Transitional_Phase_2,12,2025,4,775,8000,2,2,2,1
STU_5290,3.27,11,5,9,10-15K,0,3,1,1,0,Transitional_Phase_2,10,2025,4,713,12500,2,1,2,1
STU_5291,3.36,6,6,3,16-20K,0,3,2,1,0,Transitional_Phase_2,9,2025,3,681,18000,2,1,3,1
STU_5292,3.27,7,1,17,Below 10k,0,3,0,1,0,Transitional_Phase_2,11,2025,4,760,8000,2,1,1,1
STU_5293,3.16,18,0,15,10-15K,1,3,1,1,1,Transitional_Phase_2,10,2025,4,725,12500,2,1,2,1
STU_5294,3.11,2,5,9,16-20K,1,3,2,1,1,Transitional_Phase_2,12,2025,4,786,18000,2,1,3,1
STU_5295,3.0,9,0,2,Below 10k,0,3,0,1,0,Transitional_Phase_2,12,2025,4,763,8000,2,1,1,1
STU_5296,3.49,9,0,15,Below 10k,0,3,0,1,1,Transitional_Phase_2,12,2025,4,770,8000,2,2,1,0
STU_5297,3.32,5,3,8,Below 10k,0,3,0,1,0,Transitional_Phase_2,12,2025,4,784,8000,2,1,1,1
STU_5298,2.93,5,1,17,16-20K,0,3,2,1,0,Transitional_Phase_2,10,2025,4,728,18000,2,0,3,0
STU_5299,3.21,4,4,13,Below 10k,1,3,0,1,1,Transitional_Phase_2,11,2025,4,756,8000,2,1,1,1
STU_5300,3.19,21,0,15,Below 10k,0,3,0,1,0,Transitional_Phase_2,12,2025,4,771,8000,2,1,1,1
STU_5301,3.32,15,6,1,10-15K,0,3,1,1,0,Transitional_Phase_2,12,2025,4,768,12500,2,1,2,1
STU_5302,3.22,14,4,13,10-15K,1,3,1,1,0,Transitional_Phase_2,10,2025,4,709,12500,2,1,2,1
STU_5303,3.23,9,0,5,16-20K,0,3,2,1,0,Transitional_Phase_2,9,2025,3,674,18000,2,1,3,1
STU_5304,3.49,17,2,6,16-20K,1,3,2,1,1,Transitional_Phase_2,1,2026,1,815,18000,2,2,3,0
STU_5305,2.73,21,0,5,Below 10k,1,3,0,1,0,Transitional_Phase_2,12,2025,4,774,8000,2,0,1,0
STU_5306,3.35,7,3,8,10-15K,0,3,1,1,0,Transitional_Phase_2,11,2025,4,754,12500,2,1,2,1
STU_5307,3.3,7,3,8,16-20K,1,3,2,1,1,Transitional_Phase_2,12,2025,4,779,18000,2,1,3,1
STU_5308,3.23,5,1,11,Below 10k,0,3,0,1,0,Transitional_Phase_2,12,2025,4,784,8000,2,1,1,1
STU_5309,3.05,8,7,0,16-20K,1,3,2,1,1,Transitional_Phase_2,11,2025,4,740,18000,2,1,3,1
STU_5310,3.31,17,2,6,10-15K,0,3,1,1,0,Transitional_Phase_2,12,2025,4,761,12500,2,1,2,1
STU_5311,3.36,4,4,13,Below 10k,1,3,0,1,0,Transitional_Phase_2,10,2025,4,723,8000,2,1,1,1
STU_5312,3.23,19,6,14,16-20K,0,3,2,1,0,Transitional_Phase_2,11,2025,4,733,18000,2,1,3,1
STU_5313,3.2,12,6,12,10-15K,0,3,1,1,0,Transitional_Phase_2,10,2025,4,701,12500,2,1,2,1
STU_5314,3.17,10,2,6,Below 10k,1,3,0,1,0,Transitional_Phase_2,11,2025,4,737,8000,2,1,1,1
STU_5315,2.78,2,5,9,10-15K,1,3,1,1,0,Transitional_Phase_2,11,2025,4,733,12500,2,0,2,0
STU_5316,3.24,13,5,9,10-15K,0,3,1,1,0,Transitional_Phase_2,11,2025,4,743,12500,2,1,2,1
STU_5317,3.11,7,1,11,Below 10k,0,3,0,1,0,Transitional_Phase_2,12,2025,4,772,8000,2,1,1,1
STU_5318,3.18,3,2,6,Below 10k,0,3,0,1,0,Transitional_Phase_2,1,2026,1,803,8000,2,1,1,1
STU_5319,3.46,20,1,11,10-15K,1,3,1,1,1,Transitional_Phase_2,11,2025,4,732,12500,2,2,2,0
STU_5320,3.85,5,3,8,10-15K,1,3,1,2,1,Transitional_Phase_2,11,2025,4,748,12500,2,2,3,1
STU_5321,3.44,10,7,0,10-15K,1,3,1,1,1,Transitional_Phase_2,10,2025,4,715,12500,2,2,2,0
STU_5322,3.19,1,4,13,16-20K,1,3,2,1,1,Transitional_Phase_2,9,2025,3,693,18000,2,1,3,1
STU_5323,3.42,18,0,2,16-20K,1,3,2,1,1,Transitional_Phase_2,9,2025,3,674,18000,2,2,3,0
STU_5324,3.31,11,5,9,16-20K,0,3,2,1,0,Transitional_Phase_2,9,2025,3,681,18000,2,1,3,1
STU_5325,3.36,18,0,5,10-15K,0,3,1,1,0,Transitional_Phase_2,1,2026,1,817,12500,2,1,2,1
STU_5326,3.28,9,2,6,10-15K,1,3,1,1,1,Transitional_Phase_2,11,2025,4,758,12500,2,1,2,1
STU_5327,3.35,7,7,0,10-15K,0,3,1,1,0,Transitional_Phase_2,10,2025,4,723,12500,2,1,2,1
STU_5328,3.18,7,3,8,16-20K,1,3,2,1,1,Transitional_Phase_2,1,2026,1,798,18000,2,1,3,1
STU_5329,3.22,14,4,13,10-15K,0,3,1,1,0,Transitional_Phase_2,10,2025,4,712,12500,2,1,2,1
STU_5330,3.19,0,1,17,10-15K,0,3,1,1,0,Transitional_Phase_2,12,2025,4,775,12500,2,1,2,1
STU_5331,3.18,13,5,9,Below 10k,1,3,0,1,0,Transitional_Phase_2,10,2025,4,723,8000,2,1,1,1
STU_5332,3.35,22,3,8,Below 10k,1,3,0,1,1,Transitional_Phase_2,10,2025,4,730,8000,2,1,1,1
STU_5333,3.11,5,0,15,10-15K,1,3,1,1,1,Transitional_Phase_2,12,2025,4,789,12500,2,1,2,1
STU_5334,2.83,13,5,9,Below 10k,1,3,0,1,0,Transitional_Phase_2,9,2025,3,699,8000,2,0,1,0
STU_5335,3.27,14,4,13,10-15K,1,3,1,1,0,Transitional_Phase_2,9,2025,3,677,12500,2,1,2,1
STU_5336,3.21,10,7,0,16-20K,1,3,2,1,1,Transitional_Phase_2,1,2026,1,820,18000,2,1,3,1
STU_5337,3.91,6,1,17,Below 10k,1,3,0,2,1,Transitional_Phase_2,10,2025,4,703,8000,2,2,2,1
STU_5338,3.26,5,3,8,10-15K,1,3,1,1,1,Transitional_Phase_2,10,2025,4,716,12500,2,1,2,1
STU_5339,3.19,7,3,8,16-20K,0,3,2,1,0,Transitional_Phase_2,1,2026,1,802,18000,2,1,3,1
STU_5340,2.94,22,3,8,Below 10k,0,3,0,1,0,Transitional_Phase_2,12,2025,4,791,8000,2,0,1,0
STU_5341,3.26,9,7,0,Below 10k,0,3,0,1,1,Transitional_Phase_2,12,2025,4,763,8000,2,1,1,1
STU_5342,3.28,20,1,11,16-20K,0,3,2,1,1,Transitional_Phase_2,10,2025,4,728,18000,2,1,3,1
STU_5343,3.35,17,2,6,Below 10k,0,3,0,1,0,Transitional_Phase_2,9,2025,3,688,8000,2,1,1,1
STU_5344,3.51,15,6,12,10-15K,1,3,1,2,1,Transitional_Phase_2,11,2025,4,759,12500,2,2,3,1
STU_5345,3.1,13,5,9,16-20K,1,3,2,1,1,Transitional_Phase_2,11,2025,4,744,18000,2,1,3,1
STU_5346,3.34,12,3,8,10-15K,0,3,1,1,0,Transitional_Phase_2,12,2025,4,788,12500,2,1,2,1
STU_5347,3.11,7,3,8,16-20K,1,3,2,1,1,Transitional_Phase_2,10,2025,4,715,18000,2,1,3,1
STU_5348,3.28,16,6,1,Below 10k,0,3,0,1,1,Transitional_Phase_2,12,2025,4,771,8000,2,1,1,1
STU_5349,3.28,5,1,18,Below 10k,0,3,0,1,0,Transitional_Phase_2,10,2025,4,719,8000,2,1,1,1
STU_5350,3.78,5,1,11,Below 10k,1,3,0,2,1,Transitional_Phase_2,9,2025,3,688,8000,2,2,2,1
STU_5351,3.0,7,3,8,Below 10k,0,3,0,1,1,Transitional_Phase_2,12,2025,4,783,8000,2,1,1,1
STU_5352,3.94,9,0,15,10-15K,1,3,1,2,1,Transitional_Phase_2,12,2025,4,790,12500,2,2,3,1
STU_5353,3.36,21,0,2,10-15K,0,3,1,1,0,Transitional_Phase_2,9,2025,3,678,12500,2,1,2,1
STU_5354,2.92,19,6,10,16-20K,1,3,2,1,1,Transitional_Phase_2,10,2025,4,715,18000,2,0,3,0
STU_5355,2.73,6,6,3,10-15K,0,3,1,1,0,Transitional_Phase_2,1,2026,1,800,12500,2,0,2,0
STU_5356,3.37,9,0,2,10-15K,1,3,1,1,1,Transitional_Phase_2,1,2026,1,816,12500,2,1,2,1
STU_5357,3.26,14,4,13,10-15K,0,3,1,1,0,Transitional_Phase_2,9,2025,3,698,12500,2,1,2,1
STU_5358,2.82,14,4,13,16-20K,0,3,2,1,0,Transitional_Phase_2,12,2025,4,773,18000,2,0,3,0
STU_5359,3.23,15,6,12,Below 10k,0,3,0,1,0,Transitional_Phase_2,9,2025,3,671,8000,2,1,1,1
STU_5360,3.14,7,1,18,16-20K,0,3,2,1,0,Transitional_Phase_2,10,2025,4,728,18000,2,1,3,1
STU_5361,3.73,15,6,12,16-20K,1,3,2,2,1,Transitional_Phase_2,12,2025,4,784,18000,2,2,4,1
STU_5362,3.85,8,7,0,Below 10k,1,3,0,2,0,Transitional_Phase_2,12,2025,4,769,8000,2,2,2,1
STU_5363,3.3,11,5,9,Below 10k,1,3,0,1,0,Transitional_Phase_2,10,2025,4,708,8000,2,1,1,1
STU_5364,3.24,0,7,0,Below 10k,0,3,0,1,0,Transitional_Phase_2,12,2025,4,790,8000,2,1,1,1
STU_5365,3.39,15,6,10,Below 10k,1,3,0,1,0,Transitional_Phase_2,1,2026,1,818,8000,2,1,1,1
STU_5366,2.6,17,2,6,16-20K,0,3,2,1,0,Transitional_Phase_2,1,2026,1,794,18000,2,0,3,0
STU_5367,3.22,19,6,1,10-15K,0,3,1,1,1,Transitional_Phase_2,12,2025,4,785,12500,2,1,2,1
STU_5368,3.31,19,6,14,Below 10k,0,3,0,1,0,Transitional_Phase_2,10,2025,4,728,8000,2,1,1,1
STU_5369,2.68,13,5,9,16-20K,1,3,2,1,1,Transitional_Phase_2,10,2025,4,711,18000,2,0,3,0
STU_5370,2.69,12,3,8,10-15K,1,3,1,1,1,Transitional_Phase_2,10,2025,4,725,12500,2,0,2,0
STU_5371,3.33,18,0,2,10-15K,1,3,1,1,1,Transitional_Phase_2,9,2025,3,674,12500,2,1,2,1
STU_5372,3.31,12,6,3,16-20K,1,3,2,1,1,Transitional_Phase_2,1,2026,1,796,18000,2,1,3,1
STU_5373,3.4,21,0,15,16-20K,0,3,2,1,1,Transitional_Phase_2,10,2025,4,711,18000,2,2,3,0
STU_5374,3.3,6,6,10,10-15K,1,3,1,1,1,Transitional_Phase_2,10,2025,4,715,12500,2,1,2,1
STU_5375,2.96,7,3,8,10-15K,0,3,1,1,0,Transitional_Phase_2,1,2026,1,804,12500,2,0,2,0
STU_5376,3.77,21,0,2,10-15K,1,3,1,2,1,Transitional_Phase_2,10,2025,4,723,12500,2,2,3,1
STU_5377,3.54,5,0,15,16-20K,1,3,2,2,1,Transitional_Phase_2,12,2025,4,762,18000,2,2,4,1
STU_5378,3.27,17,2,6,16-20K,0,3,2,1,1,Transitional_Phase_2,9,2025,3,671,18000,2,1,3,1
STU_5379,3.29,5,3,8,16-20K,1,3,2,1,1,Transitional_Phase_2,1,2026,1,794,18000,2,1,3,1
STU_5380,3.9,16,4,13,Below 10k,0,3,0,2,0,Transitional_Phase_2,9,2025,3,684,8000,2,2,2,1
STU_5381,3.46,17,2,6,16-20K,1,3,2,1,1,Transitional_Phase_2,1,2026,1,812,18000,2,2,3,0
STU_5382,3.42,13,5,9,Below 10k,1,3,0,1,0,Transitional_Phase_2,9,2025,3,686,8000,2,2,1,0
STU_5383,3.47,17,2,6,16-20K,0,3,2,1,0,Transitional_Phase_2,11,2025,4,760,18000,2,2,3,0
STU_5384,2.05,14,4,13,16-20K,1,3,2,0,1,Transitional_Phase_2,1,2026,1,803,18000,2,0,2,1
STU_5385,2.87,5,3,8,16-20K,0,3,2,1,0,Transitional_Phase_2,9,2025,3,676,18000,2,0,3,0
STU_5386,3.21,19,6,14,10-15K,0,3,1,1,0,Transitional_Phase_2,1,2026,1,812,12500,2,1,2,1
STU_5387,2.77,9,2,6,Below 10k,1,3,0,1,1,Transitional_Phase_2,1,2026,1,806,8000,2,0,1,0
STU_5388,3.48,9,2,6,10-15K,0,3,1,1,0,Transitional_Phase_2,1,2026,1,815,12500,2,2,2,0
STU_5389,3.15,11,5,9,16-20K,1,3,2,1,1,Transitional_Phase_2,11,2025,4,753,18000,2,1,3,1
STU_5390,2.77,14,4,13,Below 10k,0,3,0,1,0,Transitional_Phase_2,9,2025,3,681,8000,2,0,1,0
STU_5391,2.66,13,5,9,Below 10k,1,3,0,1,0,Transitional_Phase_2,9,2025,3,670,8000,2,0,1,0
STU_5392,3.41,0,1,11,16-20K,1,3,2,1,1,Transitional_Phase_2,12,2025,4,786,18000,2,2,3,0
STU_5393,3.11,7,3,8,10-15K,1,3,1,1,1,Transitional_Phase_2,10,2025,4,707,12500,2,1,2,1
STU_5394,3.81,19,6,12,10-15K,0,3,1,2,0,Transitional_Phase_2,1,2026,1,812,12500,2,2,3,1
STU_5395,2.66,22,3,8,10-15K,0,3,1,1,0,Transitional_Phase_2,9,2025,3,696,12500,2,0,2,0
STU_5396,3.25,7,3,8,Below 10k,1,3,0,1,0,Transitional_Phase_2,1,2026,1,794,8000,2,1,1,1
STU_5397,3.19,11,5,9,10-15K,1,3,1,1,1,Transitional_Phase_2,1,2026,1,812,12500,2,1,2,1
STU_5398,3.14,7,3,8,16-20K,1,3,2,1,1,Transitional_Phase_2,11,2025,4,733,18000,2,1,3,1
STU_5399,3.4,5,0,4,16-20K,0,3,2,1,0,Transitional_Phase_2,9,2025,3,675,18000,2,2,3,0
STU_5400,3.26,5,0,16,Below 10k,1,3,0,1,0,Transitional_Phase_2,1,2026,1,820,8000,2,1,1,1
STU_5401,3.87,7,7,0,Below 10k,1,3,0,2,1,Transitional_Phase_2,1,2026,1,822,8000,2,2,2,1
STU_5402,3.12,5,1,11,16-20K,0,3,2,1,0,Transitional_Phase_2,9,2025,3,693,18000,2,1,3,1
STU_5403,3.04,9,2,6,10-15K,1,3,1,1,0,Transitional_Phase_2,11,2025,4,747,12500,2,1,2,1
STU_5404,2.61,12,3,8,10-15K,1,3,1,1,1,Transitional_Phase_2,11,2025,4,755,12500,2,0,2,0
STU_5405,2.98,12,6,14,16-20K,0,3,2,1,0,Transitional_Phase_2,12,2025,4,766,18000,2,0,3,0
STU_5406,3.31,0,1,17,Below 10k,1,3,0,1,0,Transitional_Phase_2,11,2025,4,745,8000,2,1,1,1
STU_5407,3.14,9,0,15,Below 10k,0,3,0,1,0,Transitional_Phase_2,11,2025,4,756,8000,2,1,1,1
STU_5408,3.66,14,4,13,Below 10k,0,3,0,2,0,Transitional_Phase_2,11,2025,4,754,8000,2,2,2,1
STU_5409,2.81,5,3,8,10-15K,1,3,1,1,1,Transitional_Phase_2,9,2025,3,693,12500,2,0,2,0
STU_5410,2.82,9,0,5,Below 10k,1,3,0,1,0,Transitional_Phase_2,12,2025,4,785,8000,2,0,1,0
STU_5411,3.62,9,2,6,Below 10k,0,3,0,2,1,Transitional_Phase_2,10,2025,4,714,8000,2,2,2,1
STU_5412,3.47,10,7,0,Below 10k,1,3,0,1,0,Transitional_Phase_2,10,2025,4,708,8000,2,2,1,0
STU_5413,3.25,22,3,8,16-20K,1,3,2,1,1,Transitional_Phase_2,9,2025,3,699,18000,2,1,3,1
STU_5414,3.31,13,5,9,Below 10k,0,3,0,1,0,Transitional_Phase_2,1,2026,1,797,8000,2,1,1,1
STU_5415,2.97,12,3,8,Below 10k,1,3,0,1,0,Transitional_Phase_2,11,2025,4,739,8000,2,0,1,0
STU_5416,2.51,9,2,6,Below 10k,0,3,0,1,0,Transitional_Phase_2,11,2025,4,737,8000,2,0,1,0
STU_5417,3.41,16,6,12,Below 10k,0,3,0,1,0,Transitional_Phase_2,11,2025,4,759,8000,2,2,1,0
STU_5418,2.2,13,5,9,16-20K,0,3,2,0,0,Transitional_Phase_2,1,2026,1,822,18000,2,0,2,1
STU_5419,3.4,13,5,9,Below 10k,1,3,0,1,0,Transitional_Phase_2,12,2025,4,786,8000,2,2,1,0
STU_5420,2.9,11,5,9,10-15K,0,3,1,1,0,Transitional_Phase_2,9,2025,3,695,12500,2,0,2,0
STU_5421,2.44,2,5,9,16-20K,1,3,2,0,1,Transitional_Phase_2,9,2025,3,691,18000,2,0,2,1
STU_5422,3.32,3,2,6,10-15K,0,3,1,1,0,Transitional_Phase_2,9,2025,3,689,12500,2,1,2,1
STU_5423,3.32,17,2,6,10-15K,1,3,1,1,1,Transitional_Phase_2,1,2026,1,793,12500,2,1,2,1
STU_5424,3.17,7,7,0,Below 10k,1,3,0,1,0,Transitional_Phase_2,10,2025,4,725,8000,2,1,1,1
STU_5425,3.86,13,0,16,16-20K,0,3,2,2,1,Transitional_Phase_2,10,2025,4,719,18000,2,2,4,1
STU_5426,3.29,0,1,18,10-15K,0,3,1,1,0,Transitional_Phase_2,11,2025,4,752,12500,2,1,2,1
STU_5427,3.44,14,4,13,10-15K,1,3,1,1,1,Transitional_Phase_2,1,2026,1,806,12500,2,2,2,0
STU_5428,3.04,9,7,0,Below 10k,0,3,0,1,0,Transitional_Phase_2,12,2025,4,761,8000,2,1,1,1
STU_5429,3.59,12,6,1,Below 10k,1,3,0,2,0,Transitional_Phase_2,12,2025,4,777,8000,2,2,2,1
STU_5430,3.19,9,2,6,16-20K,0,3,2,1,0,Transitional_Phase_2,10,2025,4,716,18000,2,1,3,1
STU_5431,3.22,5,0,2,16-20K,1,3,2,1,1,Transitional_Phase_2,11,2025,4,757,18000,2,1,3,1
STU_5432,3.45,10,2,6,Below 10k,0,3,0,1,0,Transitional_Phase_2,10,2025,4,701,8000,2,2,1,0
STU_5433,3.36,1,4,13,10-15K,0,3,1,1,0,Transitional_Phase_2,11,2025,4,749,12500,2,1,2,1
STU_5434,2.74,12,6,1,16-20K,1,3,2,1,1,Transitional_Phase_2,10,2025,4,718,18000,2,0,3,0
STU_5435,3.18,8,7,0,Below 10k,1,3,0,1,1,Transitional_Phase_2,11,2025,4,747,8000,2,1,1,1
STU_5436,2.03,3,2,6,Below 10k,1,3,0,0,0,Transitional_Phase_2,1,2026,1,815,8000,2,0,0,1
STU_5437,2.96,1,4,13,Below 10k,0,3,0,1,0,Transitional_Phase_2,11,2025,4,733,8000,2,0,1,0
STU_5438,3.35,18,0,16,10-15K,1,3,1,1,1,Transitional_Phase_2,12,2025,4,778,12500,2,1,2,1
STU_5439,3.45,7,7,0,Below 10k,1,3,0,1,0,Transitional_Phase_2,11,2025,4,732,8000,2,2,1,0
STU_5440,3.33,10,7,0,10-15K,1,3,1,1,0,Transitional_Phase_2,12,2025,4,780,12500,2,1,2,1
STU_5441,3.43,16,4,13,Below 10k,1,3,0,1,0,Transitional_Phase_2,9,2025,3,693,8000,2,2,1,0
STU_5442,2.75,7,1,11,Below 10k,1,3,0,1,0,Transitional_Phase_2,10,2025,4,703,8000,2,0,1,0
STU_5443,3.41,9,2,6,16-20K,0,3,2,1,1,Transitional_Phase_2,10,2025,4,719,18000,2,2,3,0
STU_5444,3.36,20,1,17,16-20K,1,3,2,1,1,Transitional_Phase_2,10,2025,4,704,18000,2,1,3,1
STU_5445,2.6,2,5,9,Below 10k,0,3,0,1,0,Transitional_Phase_2,10,2025,4,709,8000,2,0,1,0
STU_5446,3.39,16,4,13,Below 10k,0,3,0,1,1,Transitional_Phase_2,1,2026,1,815,8000,2,1,1,1
STU_5447,2.8,12,3,8,10-15K,1,3,1,1,0,Transitional_Phase_2,10,2025,4,705,12500,2,0,2,0
STU_5448,3.47,14,4,13,16-20K,1,3,2,1,1,Transitional_Phase_2,1,2026,1,814,18000,2,2,3,0
STU_5449,2.9,17,2,6,16-20K,0,3,2,1,0,Transitional_Phase_2,12,2025,4,790,18000,2,0,3,0
STU_5450,3.03,13,0,4,Below 10k,1,3,0,1,0,Transitional_Phase_2,12,2025,4,787,8000,2,1,1,1
STU_5451,3.38,2,5,9,10-15K,1,3,1,1,1,Transitional_Phase_2,11,2025,4,738,12500,2,1,2,1
STU_5452,3.23,5,0,16,Below 10k,0,3,0,1,1,Transitional_Phase_2,11,2025,4,739,8000,2,1,1,1
STU_5453,3.2,7,7,0,Below 10k,1,3,0,1,0,Transitional_Phase_2,1,2026,1,814,8000,2,1,1,1
STU_5454,3.36,6,6,14,16-20K,0,3,2,1,0,Transitional_Phase_2,9,2025,3,675,18000,2,1,3,1
STU_5455,3.05,13,0,16,Below 10k,0,3,0,1,0,Transitional_Phase_2,1,2026,1,802,8000,2,1,1,1
STU_5456,3.39,5,1,17,Below 10k,1,3,0,1,0,Transitional_Phase_2,12,2025,4,765,8000,2,1,1,1
STU_5457,3.36,5,0,15,16-20K,1,3,2,1,1,Transitional_Phase_2,1,2026,1,822,18000,2,1,3,1
STU_5458,3.34,18,0,16,16-20K,0,3,2,1,0,Transitional_Phase_2,9,2025,3,676,18000,2,1,3,1
STU_5459,3.34,13,5,9,16-20K,1,3,2,1,1,Transitional_Phase_2,12,2025,4,762,18000,2,1,3,1
STU_5460,2.73,15,6,12,10-15K,1,3,1,1,1,Transitional_Phase_2,12,2025,4,791,12500,2,0,2,0
STU_5461,3.36,0,7,0,16-20K,1,3,2,1,1,Transitional_Phase_2,12,2025,4,765,18000,2,1,3,1
STU_5462,3.44,5,1,11,Below 10k,1,3,0,1,0,Transitional_Phase_2,10,2025,4,722,8000,2,2,1,0
STU_5463,3.14,7,7,0,Below 10k,1,3,0,1,0,Transitional_Phase_2,10,2025,4,724,8000,2,1,1,1
STU_5464,3.45,13,5,9,10-15K,0,3,1,1,0,Transitional_Phase_2,1,2026,1,814,12500,2,2,2,0
STU_5465,2.7,0,1,17,Below 10k,1,3,0,1,0,Transitional_Phase_2,1,2026,1,794,8000,2,0,1,0
STU_5466,3.92,13,0,4,10-15K,1,3,1,2,1,Transitional_Phase_2,1,2026,1,818,12500,2,2,3,1
STU_5467,3.92,6,6,10,16-20K,0,3,2,2,0,Transitional_Phase_2,10,2025,4,730,18000,2,2,4,1
STU_5468,3.04,10,7,0,10-15K,1,3,1,1,1,Transitional_Phase_2,1,2026,1,800,12500,2,1,2,1
STU_5469,2.67,16,4,13,10-15K,0,3,1,1,0,Transitional_Phase_2,10,2025,4,724,12500,2,0,2,0
STU_5470,3.3,5,1,11,10-15K,0,3,1,1,0,Transitional_Phase_2,9,2025,3,682,12500,2,1,2,1
STU_5471,3.45,5,0,4,Below 10k,1,3,0,1,0,Transitional_Phase_2,1,2026,1,793,8000,2,2,1,0
STU_5472,3.28,20,1,17,16-20K,1,3,2,1,1,Transitional_Phase_2,1,2026,1,793,18000,2,1,3,1
STU_5473,2.67,20,1,11,Below 10k,1,3,0,1,0,Transitional_Phase_2,10,2025,4,723,8000,2,0,1,0
STU_5474,3.23,7,3,8,Below 10k,0,3,0,1,0,Transitional_Phase_2,1,2026,1,805,8000,2,1,1,1
STU_5475,3.16,8,7,0,16-20K,1,3,2,1,1,Transitional_Phase_2,10,2025,4,703,18000,2,1,3,1
STU_5476,3.33,6,1,11,16-20K,1,3,2,1,1,Transitional_Phase_2,12,2025,4,784,18000,2,1,3,1
STU_5477,2.63,9,2,6,16-20K,1,3,2,1,1,Transitional_Phase_2,10,2025,4,710,18000,2,0,3,0
STU_5478,2.67,18,0,5,10-15K,1,3,1,1,1,Transitional_Phase_2,1,2026,1,813,12500,2,0,2,0
STU_5479,3.36,7,3,8,Below 10k,1,3,0,1,1,Transitional_Phase_2,11,2025,4,745,8000,2,1,1,1
STU_5480,3.17,19,6,14,10-15K,0,3,1,1,0,Transitional_Phase_2,10,2025,4,723,12500,2,1,2,1
STU_5481,3.38,14,4,13,10-15K,0,3,1,1,0,Transitional_Phase_2,12,2025,4,791,12500,2,1,2,1
STU_5482,2.96,4,4,13,16-20K,0,3,2,1,0,Transitional_Phase_2,9,2025,3,699,18000,2,0,3,0
STU_5483,3.19,20,1,17,Below 10k,0,3,0,1,1,Transitional_Phase_2,10,2025,4,730,8000,2,1,1,1
STU_5484,3.38,5,3,8,10-15K,0,3,1,1,0,Transitional_Phase_2,9,2025,3,690,12500,2,1,2,1
STU_5485,2.73,7,7,0,16-20K,1,3,2,1,1,Transitional_Phase_2,1,2026,1,818,18000,2,0,3,0
STU_5486,3.31,6,6,1,10-15K,0,3,1,1,1,Transitional_Phase_2,12,2025,4,765,12500,2,1,2,1
STU_5487,3.1,22,3,8,10-15K,1,3,1,1,1,Transitional_Phase_2,12,2025,4,769,12500,2,1,2,1
STU_5488,3.36,8,7,0,16-20K,1,3,2,1,1,Transitional_Phase_2,1,2026,1,809,18000,2,1,3,1
STU_5489,2.57,16,6,10,16-20K,1,3,2,1,1,Transitional_Phase_2,10,2025,4,710,18000,2,0,3,0
STU_5490,3.29,3,2,6,Below 10k,0,3,0,1,0,Transitional_Phase_2,1,2026,1,810,8000,2,1,1,1
STU_5491,3.4,3,2,6,16-20K,0,3,2,1,0,Transitional_Phase_2,9,2025,3,671,18000,2,2,3,0
STU_5492,3.36,7,1,17,10-15K,0,3,1,1,0,Transitional_Phase_2,10,2025,4,718,12500,2,1,2,1
STU_5493,3.13,0,7,0,10-15K,0,3,1,1,0,Transitional_Phase_2,1,2026,1,815,12500,2,1,2,1
STU_5494,3.73,5,1,17,Below 10k,0,3,0,2,0,Transitional_Phase_2,1,2026,1,797,8000,2,2,2,1
STU_5495,3.55,15,6,14,10-15K,0,3,1,2,0,Transitional_Phase_2,1,2026,1,809,12500,2,2,3,1
STU_5496,3.26,8,7,0,10-15K,1,3,1,1,1,Transitional_Phase_2,12,2025,4,765,12500,2,1,2,1
STU_5497,3.17,15,6,10,Below 10k,0,3,0,1,0,Transitional_Phase_2,11,2025,4,740,8000,2,1,1,1
STU_5498,3.11,5,0,2,16-20K,1,3,2,1,1,Transitional_Phase_2,1,2026,1,807,18000,2,1,3,1
STU_5499,3.07,2,5,9,10-15K,1,3,1,1,1,Transitional_Phase_2,11,2025,4,740,12500,2,1,2,1
STU_5500,2.57,15,6,3,Below 10k,0,3,0,1,0,Transitional_Phase_2,1,2026,1,822,8000,2,0,1,0
STU_5501,3.44,12,6,1,10-15K,1,3,1,1,1,Transitional_Phase_2,1,2026,1,803,12500,2,2,2,0
STU_5502,2.66,9,7,0,Below 10k,1,3,0,1,0,Transitional_Phase_2,9,2025,3,680,8000,2,0,1,0
STU_5503,3.41,17,2,6,10-15K,1,3,1,1,0,Transitional_Phase_2,10,2025,4,704,12500,2,2,2,0
STU_5504,2.3,5,0,15,16-20K,1,3,2,0,1,Transitional_Phase_2,12,2025,4,784,18000,2,0,2,1
STU_5505,3.41,9,0,16,16-20K,0,3,2,1,0,Transitional_Phase_2,12,2025,4,775,18000,2,2,3,0
STU_5506,3.45,3,2,6,16-20K,1,3,2,1,1,Transitional_Phase_2,11,2025,4,737,18000,2,2,3,0
STU_5507,3.43,5,1,17,10-15K,1,3,1,1,1,Transitional_Phase_2,11,2025,4,732,12500,2,2,2,0
STU_5508,3.24,6,6,14,16-20K,1,3,2,1,1,Transitional_Phase_2,1,2026,1,821,18000,2,1,3,1
STU_5509,3.46,22,3,8,Below 10k,0,3,0,1,0,Transitional_Phase_2,10,2025,4,704,8000,2,2,1,0
STU_5510,3.95,18,0,5,16-20K,1,3,2,2,1,Transitional_Phase_2,10,2025,4,725,18000,2,2,4,1
STU_5511,3.15,3,2,6,10-15K,1,3,1,1,1,Transitional_Phase_2,11,2025,4,750,12500,2,1,2,1
STU_5512,2.86,11,5,9,16-20K,0,3,2,1,0,Transitional_Phase_2,10,2025,4,712,18000,2,0,3,0
STU_5513,3.48,5,3,8,Below 10k,0,3,0,1,0,Transitional_Phase_2,11,2025,4,737,8000,2,2,1,0
STU_5514,2.87,11,5,9,16-20K,0,3,2,1,0,Transitional_Phase_2,10,2025,4,715,18000,2,0,3,0
STU_5515,2.84,9,0,5,10-15K,1,3,1,1,1,Transitional_Phase_2,10,2025,4,727,12500,2,0,2,0
STU_5516,2.53,3,2,6,Below 10k,1,3,0,1,0,Transitional_Phase_2,12,2025,4,766,8000,2,0,1,0
STU_5517,2.86,6,6,1,Below 10k,0,3,0,1,0,Transitional_Phase_2,9,2025,3,690,8000,2,0,1,0
STU_5518,3.4,6,1,18,Below 10k,1,3,0,1,0,Transitional_Phase_2,11,2025,4,757,8000,2,2,1,0
STU_5519,2.39,1,4,13,Below 10k,1,3,0,0,0,Transitional_Phase_2,10,2025,4,711,8000,2,0,0,1
STU_5520,2.65,15,6,3,Below 10k,1,3,0,1,1,Transitional_Phase_2,12,2025,4,778,8000,2,0,1,0
STU_5521,3.11,16,4,13,Below 10k,1,3,0,1,0,Transitional_Phase_2,11,2025,4,755,8000,2,1,1,1
STU_5522,3.16,11,5,9,Below 10k,1,3,0,1,0,Transitional_Phase_2,1,2026,1,794,8000,2,1,1,1
STU_5523,3.21,12,6,14,10-15K,1,3,1,1,1,Transitional_Phase_2,10,2025,4,715,12500,2,1,2,1
STU_5524,3.25,16,4,13,Below 10k,1,3,0,1,0,Transitional_Phase_2,9,2025,3,695,8000,2,1,1,1
STU_5525,3.11,17,2,6,Below 10k,0,3,0,1,0,Transitional_Phase_2,1,2026,1,810,8000,2,1,1,1
STU_5526,3.24,13,5,9,Below 10k,1,3,0,1,0,Transitional_Phase_2,12,2025,4,790,8000,2,1,1,1
STU_5527,3.34,4,4,13,Below 10k,1,3,0,1,0,Transitional_Phase_2,12,2025,4,785,8000,2,1,1,1
STU_5528,3.1,7,1,11,Below 10k,1,3,0,1,1,Transitional_Phase_2,10,2025,4,723,8000,2,1,1,1
STU_5529,3.3,12,3,8,10-15K,0,3,1,1,0,Transitional_Phase_2,12,2025,4,773,12500,2,1,2,1
STU_5530,3.7,9,0,5,16-20K,1,3,2,2,1,Transitional_Phase_2,11,2025,4,753,18000,2,2,4,1
STU_5531,3.67,16,4,13,16-20K,0,3,2,2,0,Transitional_Phase_2,9,2025,3,686,18000,2,2,4,1
STU_5532,3.37,5,3,8,Below 10k,0,3,0,1,0,Transitional_Phase_2,11,2025,4,736,8000,2,1,1,1
STU_5533,2.34,6,1,17,16-20K,0,3,2,0,1,Transitional_Phase_2,11,2025,4,744,18000,2,0,2,1
STU_5534,3.15,13,5,9,Below 10k,0,3,0,1,0,Transitional_Phase_2,11,2025,4,741,8000,2,1,1,1
STU_5535,3.49,16,6,14,16-20K,1,3,2,1,1,Transitional_Phase_2,12,2025,4,775,18000,2,2,3,0
STU_5536,3.32,13,5,9,10-15K,1,3,1,1,1,Transitional_Phase_2,10,2025,4,704,12500,2,1,2,1
STU_5537,3.22,9,7,0,16-20K,1,3,2,1,1,Transitional_Phase_2,9,2025,3,694,18000,2,1,3,1
STU_5538,2.51,20,1,18,Below 10k,1,3,0,1,0,Transitional_Phase_2,11,2025,4,756,8000,2,0,1,0
STU_5539,2.58,22,3,8,10-15K,1,3,1,1,1,Transitional_Phase_2,11,2025,4,748,12500,2,0,2,0
STU_5540,3.43,5,3,8,16-20K,0,3,2,1,0,Transitional_Phase_2,12,2025,4,790,18000,2,2,3,0
STU_5541,3.13,16,4,13,Below 10k,0,3,0,1,0,Transitional_Phase_2,11,2025,4,743,8000,2,1,1,1
STU_5542,3.2,4,4,13,10-15K,1,3,1,1,0,Transitional_Phase_2,10,2025,4,713,12500,2,1,2,1
STU_5543,3.58,11,5,9,16-20K,1,3,2,2,1,Transitional_Phase_2,1,2026,1,814,18000,2,2,4,1
STU_5544,3.49,16,4,13,Below 10k,1,3,0,1,0,Transitional_Phase_2,10,2025,4,726,8000,2,2,1,0
STU_5545,3.32,9,0,4,Below 10k,1,3,0,1,0,Transitional_Phase_2,10,2025,4,715,8000,2,1,1,1
STU_5546,3.26,2,5,9,Below 10k,0,3,0,1,0,Transitional_Phase_2,9,2025,3,676,8000,2,1,1,1
STU_5547,3.28,8,7,0,10-15K,0,3,1,1,0,Transitional_Phase_2,1,2026,1,798,12500,2,1,2,1
STU_5548,3.69,7,1,18,16-20K,1,3,2,2,1,Transitional_Phase_2,9,2025,3,685,18000,2,2,4,1
STU_5549,3.42,16,4,13,16-20K,0,3,2,1,0,Transitional_Phase_2,10,2025,4,716,18000,2,2,3,0
STU_5550,3.38,9,7,0,10-15K,0,3,1,1,0,Transitional_Phase_2,9,2025,3,670,12500,2,1,2,1
STU_5551,3.36,20,1,17,Below 10k,1,3,0,1,0,Transitional_Phase_2,11,2025,4,754,8000,2,1,1,1
STU_5552,3.48,2,5,9,16-20K,1,3,2,1,1,Transitional_Phase_2,12,2025,4,773,18000,2,2,3,0
STU_5553,3.28,2,5,9,10-15K,0,3,1,1,0,Transitional_Phase_2,1,2026,1,809,12500,2,1,2,1
STU_5554,3.39,5,1,17,10-15K,1,3,1,1,1,Transitional_Phase_2,1,2026,1,817,12500,2,1,2,1
STU_5555,2.61,22,3,8,10-15K,0,3,1,1,0,Transitional_Phase_2,10,2025,4,701,12500,2,0,2,0
STU_5556,3.48,13,5,9,10-15K,1,3,1,1,1,Transitional_Phase_2,1,2026,1,806,12500,2,2,2,0
STU_5557,3.52,18,0,16,10-15K,1,3,1,2,1,Transitional_Phase_2,1,2026,1,817,12500,2,2,3,1
STU_5558,3.63,2,5,9,16-20K,1,3,2,2,1,Transitional_Phase_2,12,2025,4,784,18000,2,2,4,1
STU_5559,3.26,9,7,0,16-20K,1,3,2,1,1,Transitional_Phase_2,11,2025,4,758,18000,2,1,3,1
STU_5560,3.4,2,5,9,16-20K,1,3,2,1,1,Transitional_Phase_2,9,2025,3,694,18000,2,2,3,0
STU_5561,3.11,13,0,5,Below 10k,1,3,0,1,0,Transitional_Phase_2,9,2025,3,670,8000,2,1,1,1
STU_5562,2.51,9,0,4,Below 10k,1,3,0,1,1,Transitional_Phase_2,10,2025,4,713,8000,2,0,1,0
STU_5563,3.71,3,2,6,10-15K,1,3,1,2,1,Transitional_Phase_2,11,2025,4,738,12500,2,2,3,1
STU_5564,3.23,16,6,14,16-20K,0,3,2,1,0,Transitional_Phase_2,1,2026,1,792,18000,2,1,3,1
STU_5565,2.84,13,5,9,10-15K,0,3,1,1,0,Transitional_Phase_2,1,2026,1,806,12500,2,0,2,0
STU_5566,3.22,17,2,6,16-20K,1,3,2,1,1,Transitional_Phase_2,10,2025,4,715,18000,2,1,3,1
STU_5567,3.13,10,2,6,16-20K,0,3,2,1,0,Transitional_Phase_2,9,2025,3,686,18000,2,1,3,1
STU_5568,3.16,19,6,14,Below 10k,1,3,0,1,0,Transitional_Phase_2,11,2025,4,750,8000,2,1,1,1
STU_5569,3.29,10,2,6,16-20K,0,3,2,1,0,Transitional_Phase_2,12,2025,4,787,18000,2,1,3,1
STU_5570,3.38,10,7,0,10-15K,0,3,1,1,0,Transitional_Phase_2,1,2026,1,812,12500,2,1,2,1
STU_5571,3.6,9,7,0,10-15K,0,3,1,2,0,Transitional_Phase_2,12,2025,4,764,12500,2,2,3,1
STU_5572,2.71,8,7,0,Below 10k,0,3,0,1,0,Transitional_Phase_2,12,2025,4,763,8000,2,0,1,0
STU_5573,2.02,6,6,12,16-20K,1,3,2,0,1,Transitional_Phase_2,10,2025,4,713,18000,2,0,2,1
STU_5574,3.38,6,1,18,Below 10k,0,3,0,1,0,Transitional_Phase_2,10,2025,4,724,8000,2,1,1,1
STU_5575,2.66,9,7,0,16-20K,1,3,2,1,1,Transitional_Phase_2,11,2025,4,737,18000,2,0,3,0
STU_5576,3.46,0,7,0,10-15K,1,3,1,1,1,Transitional_Phase_2,10,2025,4,730,12500,2,2,2,0
STU_5577,3.14,1,4,13,Below 10k,0,3,0,1,0,Transitional_Phase_2,10,2025,4,719,8000,2,1,1,1
STU_5578,3.28,5,3,8,16-20K,0,3,2,1,0,Transitional_Phase_2,1,2026,1,806,18000,2,1,3,1
STU_5579,3.45,13,0,16,Below 10k,0,3,0,1,0,Transitional_Phase_2,9,2025,3,695,8000,2,2,1,0
STU_5580,3.18,21,0,16,Below 10k,0,3,0,1,0,Transitional_Phase_2,1,2026,1,803,8000,2,1,1,1
STU_5581,2.94,12,3,8,Below 10k,0,3,0,1,0,Transitional_Phase_2,10,2025,4,706,8000,2,0,1,0
STU_5582,3.17,13,0,15,10-15K,0,3,1,1,0,Transitional_Phase_2,12,2025,4,763,12500,2,1,2,1
STU_5583,2.62,16,6,10,16-20K,0,3,2,1,0,Transitional_Phase_2,10,2025,4,717,18000,2,0,3,0
STU_5584,3.44,1,4,13,16-20K,0,3,2,1,0,Transitional_Phase_2,10,2025,4,702,18000,2,2,3,0
STU_5585,3.78,9,7,0,Below 10k,1,3,0,2,0,Transitional_Phase_2,1,2026,1,812,8000,2,2,2,1
STU_5586,3.3,22,3,8,10-15K,0,3,1,1,0,Transitional_Phase_2,9,2025,3,670,12500,2,1,2,1
STU_5587,3.31,22,3,8,10-15K,1,3,1,1,1,Transitional_Phase_2,11,2025,4,738,12500,2,1,2,1
STU_5588,3.3,3,2,6,16-20K,1,3,2,1,1,Transitional_Phase_2,9,2025,3,674,18000,2,1,3,1
STU_5589,3.23,9,0,15,10-15K,1,3,1,1,1,Transitional_Phase_2,12,2025,4,761,12500,2,1,2,1
STU_5590,3.88,2,5,9,Below 10k,0,3,0,2,0,Transitional_Phase_2,9,2025,3,671,8000,2,2,2,1
STU_5591,3.43,16,4,13,Below 10k,1,3,0,1,0,Transitional_Phase_2,10,2025,4,721,8000,2,2,1,0
STU_5592,3.46,9,7,0,16-20K,1,3,2,1,1,Transitional_Phase_2,12,2025,4,767,18000,2,2,3,0
STU_5593,3.03,9,7,0,Below 10k,0,3,0,1,0,Transitional_Phase_2,1,2026,1,793,8000,2,1,1,1
STU_5594,3.33,0,7,0,16-20K,1,3,2,1,1,Transitional_Phase_2,10,2025,4,705,18000,2,1,3,1
STU_5595,3.2,14,4,13,10-15K,1,3,1,1,1,Transitional_Phase_2,10,2025,4,715,12500,2,1,2,1
STU_5596,2.79,9,2,6,10-15K,1,3,1,1,1,Transitional_Phase_2,9,2025,3,695,12500,2,0,2,0
STU_5597,3.24,5,3,8,10-15K,0,3,1,1,0,Transitional_Phase_2,11,2025,4,732,12500,2,1,2,1
STU_5598,3.25,10,7,0,10-15K,0,3,1,1,1,Transitional_Phase_2,10,2025,4,718,12500,2,1,2,1
STU_5599,3.16,4,4,13,10-15K,0,3,1,1,0,Transitional_Phase_2,11,2025,4,756,12500,2,1,2,1
STU_5600,3.17,7,3,8,10-15K,1,3,1,1,0,Transitional_Phase_2,12,2025,4,766,12500,2,1,2,1
STU_5601,3.4,5,1,18,Below 10k,0,3,0,1,0,Transitional_Phase_2,9,2025,3,699,8000,2,2,1,0
STU_5602,3.34,15,6,14,10-15K,1,3,1,1,1,Transitional_Phase_2,12,2025,4,778,12500,2,1,2,1
STU_5603,3.14,4,4,13,Below 10k,0,3,0,1,0,Transitional_Phase_2,12,2025,4,779,8000,2,1,1,1
STU_5604,3.54,2,5,9,10-15K,1,3,1,2,1,Transitional_Phase_2,12,2025,4,776,12500,2,2,3,1
STU_5605,2.62,7,7,0,16-20K,0,3,2,1,0,Transitional_Phase_2,1,2026,1,797,18000,2,0,3,0
STU_5606,3.28,16,4,13,Below 10k,0,3,0,1,0,Transitional_Phase_2,11,2025,4,755,8000,2,1,1,1
STU_5607,3.89,11,5,9,10-15K,1,3,1,2,1,Transitional_Phase_2,1,2026,1,799,12500,2,2,3,1
STU_5608,3.53,15,6,12,Below 10k,0,3,0,2,0,Transitional_Phase_2,11,2025,4,748,8000,2,2,2,1
STU_5609,3.34,7,3,8,10-15K,0,3,1,1,0,Transitional_Phase_2,10,2025,4,704,12500,2,1,2,1
STU_5610,3.18,7,7,0,10-15K,1,3,1,1,0,Transitional_Phase_2,9,2025,3,697,12500,2,1,2,1
STU_5611,3.06,7,3,8,16-20K,1,3,2,1,1,Transitional_Phase_2,10,2025,4,703,18000,2,1,3,1
STU_5612,3.39,20,1,17,16-20K,1,3,2,1,1,Transitional_Phase_2,10,2025,4,720,18000,2,1,3,1
STU_5613,3.79,7,7,0,Below 10k,1,3,0,2,0,Transitional_Phase_2,12,2025,4,789,8000,2,2,2,1
STU_5614,3.38,13,5,9,16-20K,0,3,2,1,1,Transitional_Phase_2,11,2025,4,758,18000,2,1,3,1
STU_5615,3.26,16,4,13,10-15K,0,3,1,1,1,Transitional_Phase_2,12,2025,4,776,12500,2,1,2,1
STU_5616,3.12,13,0,15,16-20K,1,3,2,1,1,Transitional_Phase_2,1,2026,1,800,18000,2,1,3,1
STU_5617,3.21,15,6,10,10-15K,0,3,1,1,0,Transitional_Phase_2,12,2025,4,787,12500,2,1,2,1
STU_5618,3.85,11,5,9,16-20K,0,3,2,2,0,Transitional_Phase_2,10,2025,4,718,18000,2,2,4,1
STU_5619,3.2,7,7,0,Below 10k,1,3,0,1,0,Transitional_Phase_2,12,2025,4,774,8000,2,1,1,1
STU_5620,3.33,18,0,15,Below 10k,0,3,0,1,0,Transitional_Phase_2,9,2025,3,677,8000,2,1,1,1
STU_5621,3.15,1,4,13,16-20K,1,3,2,1,1,Transitional_Phase_2,10,2025,4,726,18000,2,1,3,1
STU_5622,2.81,19,6,10,10-15K,1,3,1,1,1,Transitional_Phase_2,10,2025,4,716,12500,2,0,2,0
STU_5623,3.48,16,6,10,Below 10k,0,3,0,1,0,Transitional_Phase_2,1,2026,1,793,8000,2,2,1,0
STU_5624,3.72,0,1,11,10-15K,0,3,1,2,0,Transitional_Phase_2,1,2026,1,799,12500,2,2,3,1
STU_5625,3.33,13,0,4,16-20K,1,3,2,1,1,Transitional_Phase_2,10,2025,4,716,18000,2,1,3,1
STU_5626,3.22,17,2,6,16-20K,1,3,2,1,1,Transitional_Phase_2,11,2025,4,760,18000,2,1,3,1
STU_5627,2.62,7,1,11,Below 10k,1,3,0,1,0,Transitional_Phase_2,10,2025,4,715,8000,2,0,1,0
STU_5628,3.03,5,3,8,16-20K,1,3,2,1,1,Transitional_Phase_2,11,2025,4,755,18000,2,1,3,1
STU_5629,3.27,5,1,17,10-15K,1,3,1,1,0,Transitional_Phase_2,9,2025,3,697,12500,2,1,2,1
STU_5630,3.63,10,2,6,Below 10k,0,3,0,2,0,Transitional_Phase_2,11,2025,4,744,8000,2,2,2,1
STU_5631,3.41,14,4,13,10-15K,0,3,1,1,1,Transitional_Phase_2,11,2025,4,749,12500,2,2,2,0
STU_5632,3.26,13,0,15,16-20K,1,3,2,1,1,Transitional_Phase_2,10,2025,4,714,18000,2,1,3,1
STU_5633,3.37,3,2,6,16-20K,0,3,2,1,1,Transitional_Phase_2,10,2025,4,701,18000,2,1,3,1
STU_5634,3.46,13,5,9,16-20K,1,3,2,1,1,Transitional_Phase_2,1,2026,1,805,18000,2,2,3,0
STU_5635,3.77,4,4,13,10-15K,0,3,1,2,0,Transitional_Phase_2,9,2025,3,673,12500,2,2,3,1
STU_5636,3.08,5,0,4,16-20K,0,3,2,1,1,Transitional_Phase_2,1,2026,1,795,18000,2,1,3,1
STU_5637,3.25,12,6,12,Below 10k,0,3,0,1,0,Transitional_Phase_2,11,2025,4,755,8000,2,1,1,1
STU_5638,3.18,17,2,6,16-20K,1,3,2,1,1,Transitional_Phase_2,10,2025,4,718,18000,2,1,3,1
STU_5639,2.57,9,2,6,10-15K,0,3,1,1,0,Transitional_Phase_2,12,2025,4,763,12500,2,0,2,0
STU_5640,3.24,5,0,2,16-20K,0,3,2,1,0,Transitional_Phase_2,11,2025,4,744,18000,2,1,3,1
STU_5641,3.27,12,6,10,Below 10k,1,3,0,1,0,Transitional_Phase_2,10,2025,4,702,8000,2,1,1,1
STU_5642,3.28,12,6,14,16-20K,1,3,2,1,1,Transitional_Phase_2,9,2025,3,686,18000,2,1,3,1
STU_5643,3.48,5,1,11,16-20K,0,3,2,1,1,Transitional_Phase_2,11,2025,4,750,18000,2,2,3,0
STU_5644,3.4,7,3,8,10-15K,0,3,1,1,1,Transitional_Phase_2,10,2025,4,700,12500,2,2,2,0
STU_5645,3.48,3,2,6,Below 10k,0,3,0,1,1,Transitional_Phase_2,10,2025,4,730,8000,2,2,1,0
STU_5646,2.75,0,7,0,Below 10k,1,3,0,1,0,Transitional_Phase_2,12,2025,4,768,8000,2,0,1,0
STU_5647,3.33,9,0,2,Below 10k,0,3,0,1,0,Transitional_Phase_2,12,2025,4,789,8000,2,1,1,1
STU_5648,3.28,6,6,10,Below 10k,1,3,0,1,0,Transitional_Phase_2,9,2025,3,673,8000,2,1,1,1
STU_5649,3.31,11,5,9,Below 10k,1,3,0,1,0,Transitional_Phase_2,10,2025,4,725,8000,2,1,1,1
STU_5650,3.25,10,2,6,Below 10k,1,3,0,1,0,Transitional_Phase_2,11,2025,4,736,8000,2,1,1,1
STU_5651,3.11,12,3,8,16-20K,0,3,2,1,0,Transitional_Phase_2,9,2025,3,688,18000,2,1,3,1
STU_5652,3.71,11,5,9,10-15K,1,3,1,2,1,Transitional_Phase_2,9,2025,3,694,12500,2,2,3,1
STU_5653,2.79,6,6,3,Below 10k,1,3,0,1,0,Transitional_Phase_2,1,2026,1,796,8000,2,0,1,0
STU_5654,3.85,1,4,13,10-15K,1,3,1,2,1,Transitional_Phase_2,12,2025,4,791,12500,2,2,3,1
STU_5655,3.12,15,6,12,16-20K,0,3,2,1,0,Transitional_Phase_2,10,2025,4,707,18000,2,1,3,1
STU_5656,3.28,7,3,8,10-15K,1,3,1,1,1,Transitional_Phase_2,1,2026,1,804,12500,2,1,2,1
STU_5657,2.75,13,5,9,16-20K,0,3,2,1,0,Transitional_Phase_2,1,2026,1,806,18000,2,0,3,0
STU_5658,3.1,16,6,12,10-15K,0,3,1,1,1,Transitional_Phase_2,11,2025,4,742,12500,2,1,2,1
STU_5659,3.41,17,2,6,Below 10k,0,3,0,1,1,Transitional_Phase_2,9,2025,3,681,8000,2,2,1,0
STU_5660,2.77,16,4,13,10-15K,0,3,1,1,0,Transitional_Phase_2,9,2025,3,681,12500,2,0,2,0
STU_5661,3.42,19,6,3,Below 10k,0,3,0,1,0,Transitional_Phase_2,1,2026,1,808,8000,2,2,1,0
STU_5662,3.28,12,3,8,16-20K,1,3,2,1,1,Transitional_Phase_2,9,2025,3,682,18000,2,1,3,1
STU_5663,3.39,18,0,16,10-15K,0,3,1,1,1,Transitional_Phase_2,9,2025,3,698,12500,2,1,2,1
STU_5664,3.43,6,6,1,Below 10k,1,3,0,1,0,Transitional_Phase_2,10,2025,4,700,8000,2,2,1,0
STU_5665,3.3,22,3,8,10-15K,1,3,1,1,1,Transitional_Phase_2,9,2025,3,673,12500,2,1,2,1
STU_5666,3.38,22,3,8,Below 10k,1,3,0,1,0,Transitional_Phase_2,11,2025,4,750,8000,2,1,1,1
STU_5667,3.38,17,2,6,10-15K,0,3,1,1,1,Transitional_Phase_2,9,2025,3,697,12500,2,1,2,1
STU_5668,2.27,13,5,9,10-15K,1,3,1,0,1,Transitional_Phase_2,11,2025,4,759,12500,2,0,1,1
STU_5669,3.94,7,3,8,10-15K,0,3,1,2,0,Transitional_Phase_2,10,2025,4,713,12500,2,2,3,1
STU_5670,3.1,5,1,18,16-20K,1,3,2,1,1,Transitional_Phase_2,1,2026,1,820,18000,2,1,3,1
STU_5671,3.24,10,7,0,10-15K,1,3,1,1,1,Transitional_Phase_2,10,2025,4,702,12500,2,1,2,1
STU_5672,2.89,7,1,11,10-15K,0,3,1,1,0,Transitional_Phase_2,9,2025,3,678,12500,2,0,2,0
STU_5673,2.78,13,0,16,16-20K,0,3,2,1,1,Transitional_Phase_2,10,2025,4,718,18000,2,0,3,0
STU_5674,3.16,5,0,2,Below 10k,0,3,0,1,1,Transitional_Phase_2,10,2025,4,714,8000,2,1,1,1
STU_5675,2.1,12,3,8,10-15K,0,3,1,0,0,Transitional_Phase_2,9,2025,3,679,12500,2,0,1,1
STU_5676,3.35,9,0,4,16-20K,1,3,2,1,1,Transitional_Phase_2,11,2025,4,736,18000,2,1,3,1
STU_5677,3.24,0,1,18,16-20K,0,3,2,1,0,Transitional_Phase_2,9,2025,3,676,18000,2,1,3,1
STU_5678,3.61,0,7,0,16-20K,1,3,2,2,1,Transitional_Phase_2,9,2025,3,680,18000,2,2,4,1
STU_5679,3.19,6,6,1,16-20K,1,3,2,1,1,Transitional_Phase_2,9,2025,3,684,18000,2,1,3,1
STU_5680,3.15,10,2,6,Below 10k,0,3,0,1,0,Transitional_Phase_2,10,2025,4,729,8000,2,1,1,1
STU_5681,3.94,15,6,1,Below 10k,1,3,0,2,1,Transitional_Phase_2,12,2025,4,781,8000,2,2,2,1
STU_5682,3.18,7,3,8,10-15K,0,3,1,1,0,Transitional_Phase_2,11,2025,4,750,12500,2,1,2,1
STU_5683,3.1,12,3,8,Below 10k,0,3,0,1,1,Transitional_Phase_2,10,2025,4,716,8000,2,1,1,1
STU_5684,3.29,17,2,6,Below 10k,1,3,0,1,0,Transitional_Phase_2,10,2025,4,713,8000,2,1,1,1
STU_5685,3.08,16,6,1,Below 10k,0,3,0,1,0,Transitional_Phase_2,9,2025,3,699,8000,2,1,1,1
STU_5686,3.13,10,2,6,Below 10k,1,3,0,1,1,Transitional_Phase_2,10,2025,4,703,8000,2,1,1,1
STU_5687,3.41,8,7,0,16-20K,1,3,2,1,1,Transitional_Phase_2,12,2025,4,776,18000,2,2,3,0
STU_5688,3.17,5,3,8,10-15K,1,3,1,1,1,Transitional_Phase_2,1,2026,1,816,12500,2,1,2,1
STU_5689,3.25,2,5,9,Below 10k,0,3,0,1,0,Transitional_Phase_2,10,2025,4,723,8000,2,1,1,1
STU_5690,3.19,1,4,13,16-20K,1,3,2,1,1,Transitional_Phase_2,1,2026,1,808,18000,2,1,3,1
STU_5691,3.05,12,6,10,Below 10k,0,3,0,1,0,Transitional_Phase_2,9,2025,3,676,8000,2,1,1,1
STU_5692,3.36,10,2,6,Below 10k,1,3,0,1,0,Transitional_Phase_2,9,2025,3,688,8000,2,1,1,1
STU_5693,3.31,9,0,4,16-20K,1,3,2,1,1,Transitional_Phase_2,11,2025,4,737,18000,2,1,3,1
STU_5694,3.1,10,2,6,Below 10k,0,3,0,1,0,Transitional_Phase_2,9,2025,3,670,8000,2,1,1,1
STU_5695,2.74,1,4,13,Below 10k,1,3,0,1,0,Transitional_Phase_2,10,2025,4,708,8000,2,0,1,0
STU_5696,3.31,19,6,3,Below 10k,0,3,0,1,0,Transitional_Phase_2,1,2026,1,822,8000,2,1,1,1
STU_5697,2.54,12,3,8,16-20K,0,3,2,1,0,Transitional_Phase_2,11,2025,4,753,18000,2,0,3,0
STU_5698,3.17,9,7,0,Below 10k,1,3,0,1,0,Transitional_Phase_2,9,2025,3,682,8000,2,1,1,1
STU_5699,3.3,13,0,5,10-15K,1,3,1,1,1,Transitional_Phase_2,10,2025,4,703,12500,2,1,2,1
STU_5700,3.45,11,5,9,10-15K,1,3,1,1,1,Transitional_Phase_2,1,2026,1,819,12500,2,2,2,0
STU_5701,3.11,3,2,6,Below 10k,1,3,0,1,0,Transitional_Phase_2,9,2025,3,685,8000,2,1,1,1
STU_5702,3.13,13,0,2,10-15K,0,3,1,1,0,Transitional_Phase_2,9,2025,3,680,12500,2,1,2,1
STU_5703,3.25,10,2,6,16-20K,0,3,2,1,0,Transitional_Phase_2,11,2025,4,740,18000,2,1,3,1
STU_5704,2.04,14,4,13,Below 10k,1,3,0,0,0,Transitional_Phase_2,11,2025,4,753,8000,2,0,0,1
STU_5705,3.43,12,3,8,Below 10k,0,3,0,1,0,Transitional_Phase_2,1,2026,1,814,8000,2,2,1,0
STU_5706,3.71,5,3,8,16-20K,0,3,2,2,0,Transitional_Phase_2,9,2025,3,692,18000,2,2,4,1
STU_5707,3.46,5,1,17,Below 10k,1,3,0,1,0,Transitional_Phase_2,9,2025,3,686,8000,2,2,1,0
STU_5708,3.28,0,1,18,16-20K,0,3,2,1,0,Transitional_Phase_2,12,2025,4,779,18000,2,1,3,1
STU_5709,3.1,10,2,6,Below 10k,0,3,0,1,0,Transitional_Phase_2,9,2025,3,689,8000,2,1,1,1
STU_5710,3.32,11,5,9,Below 10k,1,3,0,1,1,Transitional_Phase_2,1,2026,1,798,8000,2,1,1,1
STU_5711,3.22,4,4,13,Below 10k,1,3,0,1,0,Transitional_Phase_2,1,2026,1,800,8000,2,1,1,1
STU_5712,3.11,13,5,9,Below 10k,0,3,0,1,0,Transitional_Phase_2,9,2025,3,691,8000,2,1,1,1
STU_5713,2.54,14,4,13,10-15K,0,3,1,1,0,Transitional_Phase_2,12,2025,4,764,12500,2,0,2,0
STU_5714,2.51,22,3,8,16-20K,1,3,2,1,1,Transitional_Phase_2,10,2025,4,727,18000,2,0,3,0
STU_5715,3.32,17,2,6,16-20K,1,3,2,1,1,Transitional_Phase_2,10,2025,4,715,18000,2,1,3,1
STU_5716,3.36,4,4,13,10-15K,1,3,1,1,1,Transitional_Phase_2,1,2026,1,804,12500,2,1,2,1
STU_5717,2.98,20,1,11,16-20K,0,3,2,1,0,Transitional_Phase_2,9,2025,3,679,18000,2,0,3,0
STU_5718,3.31,2,5,9,16-20K,1,3,2,1,1,Transitional_Phase_2,9,2025,3,672,18000,2,1,3,1
STU_5719,3.34,8,7,0,Below 10k,0,3,0,1,0,Transitional_Phase_2,11,2025,4,741,8000,2,1,1,1
STU_5720,3.19,0,7,0,10-15K,1,3,1,1,1,Transitional_Phase_2,10,2025,4,720,12500,2,1,2,1
STU_5721,3.36,3,2,6,Below 10k,1,3,0,1,0,Transitional_Phase_2,9,2025,3,681,8000,2,1,1,1
STU_5722,3.47,13,5,9,Below 10k,0,3,0,1,0,Transitional_Phase_2,9,2025,3,688,8000,2,2,1,0
STU_5723,3.17,12,6,10,Below 10k,0,3,0,1,1,Transitional_Phase_2,10,2025,4,708,8000,2,1,1,1
STU_5724,3.41,4,4,13,Below 10k,1,3,0,1,0,Transitional_Phase_2,9,2025,3,681,8000,2,2,1,0
STU_5725,3.2,14,4,13,Below 10k,1,3,0,1,0,Transitional_Phase_2,12,2025,4,789,8000,2,1,1,1
STU_5726,3.66,18,0,4,Below 10k,0,3,0,2,0,Transitional_Phase_2,11,2025,4,736,8000,2,2,2,1
STU_5727,3.26,13,5,9,16-20K,1,3,2,1,1,Transitional_Phase_2,1,2026,1,822,18000,2,1,3,1
STU_5728,2.96,13,5,9,Below 10k,1,3,0,1,0,Transitional_Phase_2,9,2025,3,687,8000,2,0,1,0
STU_5729,3.44,21,0,15,16-20K,1,3,2,1,1,Transitional_Phase_2,1,2026,1,808,18000,2,2,3,0
STU_5730,3.43,0,7,0,10-15K,0,3,1,1,0,Transitional_Phase_2,11,2025,4,732,12500,2,2,2,0
STU_5731,3.21,13,5,9,Below 10k,1,3,0,1,0,Transitional_Phase_2,1,2026,1,795,8000,2,1,1,1
STU_5732,2.92,20,1,11,16-20K,1,3,2,1,1,Transitional_Phase_2,10,2025,4,704,18000,2,0,3,0
STU_5733,3.46,9,2,6,10-15K,1,3,1,1,1,Transitional_Phase_2,11,2025,4,745,12500,2,2,2,0
STU_5734,3.37,11,5,9,Below 10k,1,3,0,1,0,Transitional_Phase_2,1,2026,1,805,8000,2,1,1,1
STU_5735,2.39,10,2,6,10-15K,1,3,1,0,1,Transitional_Phase_2,12,2025,4,778,12500,2,0,1,1
STU_5736,3.12,12,3,8,10-15K,0,3,1,1,0,Transitional_Phase_2,12,2025,4,783,12500,2,1,2,1
STU_5737,3.93,9,0,15,16-20K,0,3,2,2,0,Transitional_Phase_2,10,2025,4,719,18000,2,2,4,1
STU_5738,3.23,7,3,8,16-20K,0,3,2,1,0,Transitional_Phase_2,9,2025,3,682,18000,2,1,3,1
STU_5739,2.52,20,1,17,16-20K,1,3,2,1,1,Transitional_Phase_2,1,2026,1,817,18000,2,0,3,0
STU_5740,3.29,5,0,15,10-15K,1,3,1,1,0,Transitional_Phase_2,1,2026,1,806,12500,2,1,2,1
STU_5741,3.18,14,4,13,16-20K,0,3,2,1,0,Transitional_Phase_2,9,2025,3,698,18000,2,1,3,1
STU_5742,2.62,22,3,8,Below 10k,1,3,0,1,0,Transitional_Phase_2,12,2025,4,778,8000,2,0,1,0
STU_5743,3.28,2,5,9,Below 10k,0,3,0,1,1,Transitional_Phase_2,9,2025,3,698,8000,2,1,1,1
STU_5744,2.66,6,1,18,10-15K,0,3,1,1,0,Transitional_Phase_2,1,2026,1,808,12500,2,0,2,0
STU_5745,3.26,10,2,6,16-20K,0,3,2,1,1,Transitional_Phase_2,9,2025,3,676,18000,2,1,3,1
STU_5746,2.75,1,4,13,16-20K,0,3,2,1,0,Transitional_Phase_2,9,2025,3,683,18000,2,0,3,0
STU_5747,2.3,12,3,8,10-15K,0,3,1,0,0,Transitional_Phase_2,10,2025,4,702,12500,2,0,1,1
STU_5748,3.44,2,5,9,10-15K,0,3,1,1,0,Transitional_Phase_2,11,2025,4,753,12500,2,2,2,0
STU_5749,3.28,5,1,17,10-15K,0,3,1,1,0,Transitional_Phase_2,12,2025,4,779,12500,2,1,2,1
STU_5750,3.31,5,1,17,16-20K,0,3,2,1,1,Transitional_Phase_2,9,2025,3,679,18000,2,1,3,1
STU_5751,3.4,9,0,4,10-15K,0,3,1,1,1,Transitional_Phase_2,9,2025,3,673,12500,2,2,2,0
STU_5752,3.3,11,5,9,10-15K,0,3,1,1,0,Transitional_Phase_2,12,2025,4,763,12500,2,1,2,1
STU_5753,3.29,14,4,13,10-15K,0,3,1,1,0,Transitional_Phase_2,12,2025,4,763,12500,2,1,2,1
STU_5754,3.22,13,5,9,Below 10k,0,3,0,1,0,Transitional_Phase_2,10,2025,4,729,8000,2,1,1,1
STU_5755,3.04,17,2,6,10-15K,1,3,1,1,1,Transitional_Phase_2,9,2025,3,671,12500,2,1,2,1
STU_5756,3.25,21,0,15,Below 10k,1,3,0,1,1,Transitional_Phase_2,10,2025,4,718,8000,2,1,1,1
STU_5757,3.16,10,2,6,Below 10k,1,3,0,1,1,Transitional_Phase_2,11,2025,4,733,8000,2,1,1,1
STU_5758,3.23,16,6,14,16-20K,0,3,2,1,0,Transitional_Phase_2,11,2025,4,754,18000,2,1,3,1
STU_5759,3.46,20,1,11,16-20K,1,3,2,1,1,Transitional_Phase_2,9,2025,3,681,18000,2,2,3,0
STU_5760,2.57,18,0,5,10-15K,1,3,1,1,0,Transitional_Phase_2,10,2025,4,720,12500,2,0,2,0
STU_5761,3.23,4,4,13,16-20K,0,3,2,1,0,Transitional_Phase_2,10,2025,4,728,18000,2,1,3,1
STU_5762,3.14,17,2,6,Below 10k,1,3,0,1,0,Transitional_Phase_2,10,2025,4,721,8000,2,1,1,1
STU_5763,2.62,15,6,1,16-20K,1,3,2,1,1,Transitional_Phase_2,10,2025,4,724,18000,2,0,3,0
STU_5764,3.44,18,0,5,Below 10k,1,3,0,1,0,Transitional_Phase_2,1,2026,1,807,8000,2,2,1,0
STU_5765,3.39,9,0,16,Below 10k,1,3,0,1,1,Transitional_Phase_2,9,2025,3,677,8000,2,1,1,1
STU_5766,3.44,1,4,13,10-15K,0,3,1,1,0,Transitional_Phase_2,12,2025,4,788,12500,2,2,2,0
STU_5767,2.5,6,1,17,16-20K,0,3,2,1,0,Transitional_Phase_2,10,2025,4,729,18000,2,0,3,0
STU_5768,2.96,12,3,8,Below 10k,1,3,0,1,0,Transitional_Phase_2,11,2025,4,733,8000,2,0,1,0
STU_5769,3.11,7,3,8,16-20K,1,3,2,1,1,Transitional_Phase_2,9,2025,3,676,18000,2,1,3,1
STU_5770,3.41,15,6,10,Below 10k,0,3,0,1,0,Transitional_Phase_2,11,2025,4,749,8000,2,2,1,0
STU_5771,3.37,5,3,8,16-20K,0,3,2,1,0,Transitional_Phase_2,11,2025,4,751,18000,2,1,3,1
STU_5772,3.24,10,2,6,10-15K,1,3,1,1,1,Transitional_Phase_2,9,2025,3,687,12500,2,1,2,1
STU_5773,2.94,3,2,6,Below 10k,0,3,0,1,1,Transitional_Phase_2,12,2025,4,768,8000,2,0,1,0
STU_5774,2.73,15,6,14,Below 10k,0,3,0,1,0,Transitional_Phase_2,11,2025,4,733,8000,2,0,1,0
STU_5775,2.79,6,6,14,16-20K,1,3,2,1,1,Transitional_Phase_2,11,2025,4,750,18000,2,0,3,0
STU_5776,2.53,8,7,0,16-20K,1,3,2,1,1,Transitional_Phase_2,11,2025,4,745,18000,2,0,3,0
STU_5777,3.4,16,6,10,Below 10k,1,3,0,1,0,Transitional_Phase_2,12,2025,4,772,8000,2,2,1,0
STU_5778,2.63,8,7,0,Below 10k,1,3,0,1,0,Transitional_Phase_2,10,2025,4,719,8000,2,0,1,0
STU_5779,3.4,15,6,12,Below 10k,1,3,0,1,0,Transitional_Phase_2,9,2025,3,675,8000,2,2,1,0
STU_5780,2.59,16,4,13,Below 10k,1,3,0,1,0,Transitional_Phase_2,10,2025,4,715,8000,2,0,1,0
STU_5781,3.2,3,2,6,Below 10k,1,3,0,1,1,Transitional_Phase_2,10,2025,4,715,8000,2,1,1,1
STU_5782,3.45,14,4,13,10-15K,0,3,1,1,0,Transitional_Phase_2,1,2026,1,820,12500,2,2,2,0
STU_5783,2.69,5,0,16,Below 10k,0,3,0,1,0,Transitional_Phase_2,12,2025,4,774,8000,2,0,1,0
STU_5784,3.1,6,1,18,10-15K,0,3,1,1,0,Transitional_Phase_2,10,2025,4,710,12500,2,1,2,1
STU_5785,3.25,7,3,8,16-20K,1,3,2,1,1,Transitional_Phase_2,9,2025,3,670,18000,2,1,3,1
STU_5786,2.82,19,6,10,10-15K,0,3,1,1,0,Transitional_Phase_2,1,2026,1,822,12500,2,0,2,0
STU_5787,2.95,9,2,6,Below 10k,1,3,0,1,0,Transitional_Phase_2,9,2025,3,695,8000,2,0,1,0
STU_5788,3.38,14,4,13,16-20K,0,3,2,1,0,Transitional_Phase_2,11,2025,4,757,18000,2,1,3,1
STU_5789,3.27,13,0,15,10-15K,1,3,1,1,1,Transitional_Phase_2,12,2025,4,762,12500,2,1,2,1
STU_5790,3.31,7,1,18,Below 10k,0,3,0,1,0,Transitional_Phase_2,1,2026,1,802,8000,2,1,1,1
STU_5791,3.37,17,2,6,16-20K,0,3,2,1,0,Transitional_Phase_2,12,2025,4,787,18000,2,1,3,1
STU_5792,3.19,6,6,3,Below 10k,0,3,0,1,0,Transitional_Phase_2,12,2025,4,761,8000,2,1,1,1
STU_5793,2.83,9,0,2,10-15K,1,3,1,1,1,Transitional_Phase_2,11,2025,4,748,12500,2,0,2,0
STU_5794,3.14,11,5,9,Below 10k,0,3,0,1,0,Transitional_Phase_2,10,2025,4,708,8000,2,1,1,1
STU_5795,3.21,5,3,8,Below 10k,1,3,0,1,0,Transitional_Phase_2,1,2026,1,813,8000,2,1,1,1
STU_5796,2.51,14,4,13,16-20K,0,3,2,1,0,Transitional_Phase_2,9,2025,3,678,18000,2,0,3,0
STU_5797,2.54,22,3,8,16-20K,1,3,2,1,1,Transitional_Phase_2,10,2025,4,726,18000,2,0,3,0
STU_5798,3.72,18,0,2,Below 10k,1,3,0,2,1,Transitional_Phase_2,11,2025,4,749,8000,2,2,2,1
STU_5799,3.14,7,3,8,16-20K,1,3,2,1,1,Transitional_Phase_2,12,2025,4,773,18000,2,1,3,1
STU_5800,3.46,16,4,13,16-20K,0,3,2,1,1,Transitional_Phase_2,11,2025,4,733,18000,2,2,3,0
STU_5801,3.35,11,5,9,10-15K,0,3,1,1,0,Transitional_Phase_2,1,2026,1,801,12500,2,1,2,1
STU_5802,3.26,1,4,13,10-15K,0,3,1,1,0,Transitional_Phase_2,12,2025,4,780,12500,2,1,2,1
STU_5803,3.12,13,0,5,Below 10k,0,3,0,1,0,Transitional_Phase_2,11,2025,4,759,8000,2,1,1,1
STU_5804,3.42,13,5,9,10-15K,1,3,1,1,0,Transitional_Phase_2,12,2025,4,779,12500,2,2,2,0
STU_5805,2.4,16,4,13,16-20K,0,3,2,0,0,Transitional_Phase_2,12,2025,4,768,18000,2,0,2,1
STU_5806,2.53,0,1,18,Below 10k,1,3,0,1,0,Transitional_Phase_2,12,2025,4,788,8000,2,0,1,0
STU_5807,3.12,10,7,0,16-20K,0,3,2,1,0,Transitional_Phase_2,12,2025,4,789,18000,2,1,3,1
STU_5808,2.91,10,7,0,16-20K,0,3,2,1,0,Transitional_Phase_2,9,2025,3,699,18000,2,0,3,0
STU_5809,2.98,8,7,0,Below 10k,0,3,0,1,0,Transitional_Phase_2,9,2025,3,671,8000,2,0,1,0
STU_5810,3.12,5,1,17,Below 10k,1,3,0,1,0,Transitional_Phase_2,10,2025,4,720,8000,2,1,1,1
STU_5811,3.34,16,6,14,Below 10k,1,3,0,1,0,Transitional_Phase_2,1,2026,1,818,8000,2,1,1,1
STU_5812,3.26,7,1,11,16-20K,1,3,2,1,1,Transitional_Phase_2,12,2025,4,776,18000,2,1,3,1
STU_5813,3.11,0,7,0,16-20K,0,3,2,1,0,Transitional_Phase_2,1,2026,1,801,18000,2,1,3,1
STU_5814,3.28,9,0,2,10-15K,0,3,1,1,0,Transitional_Phase_2,12,2025,4,770,12500,2,1,2,1
STU_5815,3.16,12,3,8,Below 10k,0,3,0,1,0,Transitional_Phase_2,10,2025,4,725,8000,2,1,1,1
STU_5816,3.64,7,3,8,10-15K,1,3,1,2,1,Transitional_Phase_2,12,2025,4,782,12500,2,2,3,1
STU_5817,3.31,19,6,12,16-20K,0,3,2,1,0,Transitional_Phase_2,12,2025,4,763,18000,2,1,3,1
STU_5818,3.27,0,7,0,10-15K,1,3,1,1,1,Transitional_Phase_2,10,2025,4,726,12500,2,1,2,1
STU_5819,2.89,5,0,2,Below 10k,1,3,0,1,0,Transitional_Phase_2,9,2025,3,677,8000,2,0,1,0
STU_5820,3.18,14,4,13,Below 10k,1,3,0,1,0,Transitional_Phase_2,12,2025,4,781,8000,2,1,1,1
STU_5821,3.22,7,3,8,16-20K,1,3,2,1,1,Transitional_Phase_2,12,2025,4,771,18000,2,1,3,1
STU_5822,3.38,16,4,13,Below 10k,1,3,0,1,0,Transitional_Phase_2,12,2025,4,771,8000,2,1,1,1
STU_5823,3.11,3,2,6,Below 10k,1,3,0,1,0,Transitional_Phase_2,1,2026,1,817,8000,2,1,1,1
STU_5824,3.71,17,2,6,Below 10k,0,3,0,2,1,Transitional_Phase_2,1,2026,1,809,8000,2,2,2,1
STU_5825,2.73,13,5,9,Below 10k,1,3,0,1,1,Transitional_Phase_2,10,2025,4,718,8000,2,0,1,0
STU_5826,3.01,5,1,11,Below 10k,1,3,0,1,0,Transitional_Phase_2,10,2025,4,711,8000,2,1,1,1
STU_5827,3.3,7,7,0,16-20K,0,3,2,1,0,Transitional_Phase_2,12,2025,4,786,18000,2,1,3,1
STU_5828,3.08,14,4,13,16-20K,1,3,2,1,1,Transitional_Phase_2,10,2025,4,703,18000,2,1,3,1
STU_5829,3.66,7,7,0,16-20K,0,3,2,2,0,Transitional_Phase_2,9,2025,3,676,18000,2,2,4,1
STU_5830,2.91,3,2,6,Below 10k,1,3,0,1,1,Transitional_Phase_2,11,2025,4,757,8000,2,0,1,0
STU_5831,3.27,12,3,8,10-15K,1,3,1,1,1,Transitional_Phase_2,12,2025,4,775,12500,2,1,2,1
STU_5832,3.07,12,3,8,Below 10k,0,3,0,1,0,Transitional_Phase_2,1,2026,1,816,8000,2,1,1,1
STU_5833,2.22,10,2,6,Below 10k,0,3,0,0,0,Transitional_Phase_2,1,2026,1,819,8000,2,0,0,1
STU_5834,3.13,22,3,8,16-20K,0,3,2,1,0,Transitional_Phase_2,11,2025,4,746,18000,2,1,3,1
STU_5835,3.17,10,2,6,Below 10k,1,3,0,1,0,Transitional_Phase_2,1,2026,1,811,8000,2,1,1,1
STU_5836,3.56,8,7,0,10-15K,0,3,1,2,0,Transitional_Phase_2,9,2025,3,685,12500,2,2,3,1
STU_5837,3.32,12,3,8,Below 10k,1,3,0,1,1,Transitional_Phase_2,12,2025,4,761,8000,2,1,1,1
STU_5838,3.46,0,7,0,10-15K,0,3,1,1,0,Transitional_Phase_2,9,2025,3,674,12500,2,2,2,0
STU_5839,2.61,6,1,11,10-15K,0,3,1,1,0,Transitional_Phase_2,11,2025,4,757,12500,2,0,2,0
STU_5840,3.25,10,2,6,10-15K,1,3,1,1,0,Transitional_Phase_2,12,2025,4,761,12500,2,1,2,1
STU_5841,3.29,15,6,14,10-15K,0,3,1,1,1,Transitional_Phase_2,10,2025,4,723,12500,2,1,2,1
STU_5842,3.3,0,7,0,16-20K,0,3,2,1,0,Transitional_Phase_2,10,2025,4,723,18000,2,1,3,1
STU_5843,3.35,13,0,5,Below 10k,1,3,0,1,1,Transitional_Phase_2,12,2025,4,770,8000,2,1,1,1
STU_5844,3.24,15,6,10,16-20K,0,3,2,1,0,Transitional_Phase_2,9,2025,3,671,18000,2,1,3,1
STU_5845,3.24,5,0,5,16-20K,1,3,2,1,1,Transitional_Phase_2,9,2025,3,674,18000,2,1,3,1
STU_5846,3.15,15,6,12,10-15K,1,3,1,1,1,Transitional_Phase_2,12,2025,4,780,12500,2,1,2,1
STU_5847,2.52,5,1,17,16-20K,0,3,2,1,0,Transitional_Phase_2,1,2026,1,793,18000,2,0,3,0
STU_5848,3.31,19,6,10,10-15K,1,3,1,1,1,Transitional_Phase_2,1,2026,1,792,12500,2,1,2,1
STU_5849,3.26,5,0,16,Below 10k,0,3,0,1,0,Transitional_Phase_2,9,2025,3,676,8000,2,1,1,1
STU_5850,3.44,7,7,0,Below 10k,0,3,0,1,0,Transitional_Phase_2,9,2025,3,699,8000,2,2,1,0
STU_5851,3.12,12,6,14,Below 10k,0,3,0,1,0,Transitional_Phase_2,1,2026,1,797,8000,2,1,1,1
STU_5852,3.65,5,0,2,16-20K,0,3,2,2,0,Transitional_Phase_2,12,2025,4,788,18000,2,2,4,1
STU_5853,3.4,11,5,9,10-15K,1,3,1,1,1,Transitional_Phase_2,1,2026,1,798,12500,2,2,2,0
STU_5854,2.97,4,4,13,16-20K,0,3,2,1,0,Transitional_Phase_2,12,2025,4,783,18000,2,0,3,0
STU_5855,3.36,5,0,15,16-20K,1,3,2,1,1,Transitional_Phase_2,12,2025,4,776,18000,2,1,3,1
STU_5856,3.68,19,6,14,16-20K,0,3,2,2,1,Transitional_Phase_2,9,2025,3,697,18000,2,2,4,1
STU_5857,3.43,12,6,3,10-15K,0,3,1,1,1,Transitional_Phase_2,11,2025,4,742,12500,2,2,2,0
STU_5858,3.1,5,3,8,Below 10k,1,3,0,1,0,Transitional_Phase_2,10,2025,4,710,8000,2,1,1,1
STU_5859,3.33,16,4,13,10-15K,0,3,1,1,1,Transitional_Phase_2,1,2026,1,815,12500,2,1,2,1
STU_5860,3.07,6,6,3,16-20K,0,3,2,1,1,Transitional_Phase_2,12,2025,4,768,18000,2,1,3,1
STU_5861,3.11,12,3,8,16-20K,1,3,2,1,1,Transitional_Phase_2,12,2025,4,769,18000,2,1,3,1
STU_5862,2.43,13,0,16,16-20K,0,3,2,0,1,Transitional_Phase_2,1,2026,1,816,18000,2,0,2,1
STU_5863,3.15,0,1,18,Below 10k,0,3,0,1,0,Transitional_Phase_2,1,2026,1,801,8000,2,1,1,1
STU_5864,3.41,10,7,0,Below 10k,1,3,0,1,0,Transitional_Phase_2,12,2025,4,778,8000,2,2,1,0
STU_5865,2.08,9,2,6,16-20K,1,3,2,0,1,Transitional_Phase_2,9,2025,3,674,18000,2,0,2,1
STU_5866,2.86,5,0,4,16-20K,0,3,2,1,0,Transitional_Phase_2,1,2026,1,808,18000,2,0,3,0
STU_5867,2.12,22,3,8,16-20K,1,3,2,0,1,Transitional_Phase_2,11,2025,4,731,18000,2,0,2,1
STU_5868,3.19,9,2,6,16-20K,1,3,2,1,1,Transitional_Phase_2,11,2025,4,749,18000,2,1,3,1
STU_5869,3.37,3,2,6,16-20K,1,3,2,1,1,Transitional_Phase_2,12,2025,4,767,18000,2,1,3,1
STU_5870,3.32,11,5,9,10-15K,0,3,1,1,0,Transitional_Phase_2,12,2025,4,790,12500,2,1,2,1
STU_5871,3.48,14,4,13,Below 10k,0,3,0,1,0,Transitional_Phase_2,9,2025,3,697,8000,2,2,1,0
STU_5872,3.45,18,0,5,10-15K,0,3,1,1,0,Transitional_Phase_2,11,2025,4,736,12500,2,2,2,0
STU_5873,3.29,7,3,8,10-15K,0,3,1,1,0,Transitional_Phase_2,1,2026,1,811,12500,2,1,2,1
STU_5874,3.24,13,5,9,10-15K,1,3,1,1,1,Transitional_Phase_2,11,2025,4,756,12500,2,1,2,1
STU_5875,3.41,6,6,12,16-20K,0,3,2,1,0,Transitional_Phase_2,9,2025,3,677,18000,2,2,3,0
STU_5876,3.62,9,0,16,Below 10k,1,3,0,2,0,Transitional_Phase_2,11,2025,4,746,8000,2,2,2,1
STU_5877,2.66,7,3,8,10-15K,0,3,1,1,0,Transitional_Phase_2,12,2025,4,775,12500,2,0,2,0
STU_5878,3.44,17,2,6,10-15K,1,3,1,1,1,Transitional_Phase_2,1,2026,1,797,12500,2,2,2,0
STU_5879,3.33,12,3,8,16-20K,0,3,2,1,0,Transitional_Phase_2,10,2025,4,707,18000,2,1,3,1
STU_5880,3.42,5,1,18,10-15K,0,3,1,1,0,Transitional_Phase_2,10,2025,4,713,12500,2,2,2,0
STU_5881,3.47,16,6,12,16-20K,0,3,2,1,0,Transitional_Phase_2,1,2026,1,809,18000,2,2,3,0
STU_5882,2.92,7,3,8,10-15K,0,3,1,1,0,Transitional_Phase_2,10,2025,4,701,12500,2,0,2,0
STU_5883,2.91,21,0,5,16-20K,1,3,2,1,1,Transitional_Phase_2,1,2026,1,811,18000,2,0,3,0
STU_5884,3.33,6,6,14,16-20K,1,3,2,1,1,Transitional_Phase_2,11,2025,4,739,18000,2,1,3,1
STU_5885,3.41,9,0,4,Below 10k,1,3,0,1,0,Transitional_Phase_2,9,2025,3,696,8000,2,2,1,0
STU_5886,3.46,10,2,6,10-15K,1,3,1,1,1,Transitional_Phase_2,1,2026,1,805,12500,2,2,2,0
STU_5887,3.18,1,4,13,10-15K,0,3,1,1,0,Transitional_Phase_2,12,2025,4,761,12500,2,1,2,1
STU_5888,2.82,2,5,9,Below 10k,0,3,0,1,0,Transitional_Phase_2,1,2026,1,813,8000,2,0,1,0
STU_5889,3.39,13,5,9,10-15K,0,3,1,1,1,Transitional_Phase_2,12,2025,4,765,12500,2,1,2,1
STU_5890,2.83,16,6,10,Below 10k,1,3,0,1,0,Transitional_Phase_2,1,2026,1,805,8000,2,0,1,0
STU_5891,3.29,5,0,15,16-20K,1,3,2,1,1,Transitional_Phase_2,10,2025,4,714,18000,2,1,3,1
STU_5892,3.12,11,5,9,16-20K,1,3,2,1,1,Transitional_Phase_2,1,2026,1,801,18000,2,1,3,1
STU_5893,3.26,17,2,6,10-15K,1,3,1,1,0,Transitional_Phase_2,11,2025,4,752,12500,2,1,2,1
STU_5894,3.39,15,6,12,10-15K,0,3,1,1,0,Transitional_Phase_2,9,2025,3,698,12500,2,1,2,1
STU_5895,3.42,12,6,10,10-15K,1,3,1,1,1,Transitional_Phase_2,1,2026,1,797,12500,2,2,2,0
STU_5896,3.26,12,6,3,10-15K,1,3,1,1,0,Transitional_Phase_2,9,2025,3,698,12500,2,1,2,1
STU_5897,3.12,15,6,10,Below 10k,1,3,0,1,1,Transitional_Phase_2,1,2026,1,812,8000,2,1,1,1
STU_5898,3.17,1,4,13,16-20K,0,3,2,1,0,Transitional_Phase_2,12,2025,4,762,18000,2,1,3,1
STU_5899,3.75,2,5,9,10-15K,0,3,1,2,0,Transitional_Phase_2,1,2026,1,802,12500,2,2,3,1
STU_5900,2.88,17,2,6,16-20K,1,3,2,1,1,Transitional_Phase_2,12,2025,4,770,18000,2,0,3,0
STU_5901,3.48,5,1,17,10-15K,0,3,1,1,0,Transitional_Phase_2,1,2026,1,798,12500,2,2,2,0
STU_5902,3.46,7,3,8,16-20K,1,3,2,1,1,Transitional_Phase_2,10,2025,4,721,18000,2,2,3,0
STU_5903,3.33,7,3,8,Below 10k,1,3,0,1,0,Transitional_Phase_2,9,2025,3,698,8000,2,1,1,1
STU_5904,2.81,6,6,10,10-15K,1,3,1,1,0,Transitional_Phase_2,1,2026,1,806,12500,2,0,2,0
STU_5905,2.64,5,0,5,16-20K,1,3,2,1,1,Transitional_Phase_2,10,2025,4,720,18000,2,0,3,0
STU_5906,3.4,16,6,14,16-20K,1,3,2,1,1,Transitional_Phase_2,10,2025,4,704,18000,2,2,3,0
STU_5907,3.38,10,2,6,10-15K,0,3,1,1,0,Transitional_Phase_2,11,2025,4,756,12500,2,1,2,1
STU_5908,3.4,4,4,13,10-15K,1,3,1,1,1,Transitional_Phase_2,11,2025,4,732,12500,2,2,2,0
STU_5909,3.19,19,6,14,10-15K,0,3,1,1,0,Transitional_Phase_2,1,2026,1,793,12500,2,1,2,1
STU_5910,3.31,7,1,17,10-15K,1,3,1,1,1,Transitional_Phase_2,1,2026,1,805,12500,2,1,2,1
STU_5911,3.3,10,7,0,Below 10k,1,3,0,1,0,Transitional_Phase_2,1,2026,1,813,8000,2,1,1,1
STU_5912,3.38,11,5,9,16-20K,1,3,2,1,1,Transitional_Phase_2,11,2025,4,758,18000,2,1,3,1
STU_5913,3.26,6,1,17,16-20K,0,3,2,1,0,Transitional_Phase_2,1,2026,1,798,18000,2,1,3,1
STU_5914,2.88,2,5,9,16-20K,1,3,2,1,1,Transitional_Phase_2,12,2025,4,763,18000,2,0,3,0
STU_5915,3.37,13,5,9,Below 10k,1,3,0,1,0,Transitional_Phase_2,9,2025,3,698,8000,2,1,1,1
STU_5916,2.76,16,6,14,10-15K,1,3,1,1,1,Transitional_Phase_2,11,2025,4,742,12500,2,0,2,0
STU_5917,3.33,11,5,9,Below 10k,0,3,0,1,0,Transitional_Phase_2,9,2025,3,698,8000,2,1,1,1
STU_5918,3.39,2,5,9,16-20K,1,3,2,1,1,Transitional_Phase_2,11,2025,4,758,18000,2,1,3,1
STU_5919,3.45,2,5,9,16-20K,1,3,2,1,1,Transitional_Phase_2,10,2025,4,729,18000,2,2,3,0
STU_5920,3.92,13,0,15,10-15K,0,3,1,2,0,Transitional_Phase_2,1,2026,1,807,12500,2,2,3,1
STU_5921,2.05,13,5,9,16-20K,0,3,2,0,0,Transitional_Phase_2,10,2025,4,728,18000,2,0,2,1
STU_5922,2.83,22,3,8,10-15K,0,3,1,1,0,Transitional_Phase_2,11,2025,4,748,12500,2,0,2,0
STU_5923,3.32,10,2,6,Below 10k,1,3,0,1,0,Transitional_Phase_2,11,2025,4,750,8000,2,1,1,1
STU_5924,3.26,22,3,8,16-20K,0,3,2,1,0,Transitional_Phase_2,11,2025,4,732,18000,2,1,3,1
STU_5925,3.14,11,5,9,10-15K,1,3,1,1,0,Transitional_Phase_2,12,2025,4,775,12500,2,1,2,1
STU_5926,3.44,6,6,14,Below 10k,1,3,0,1,0,Transitional_Phase_2,1,2026,1,797,8000,2,2,1,0
STU_5927,3.39,17,2,6,Below 10k,1,3,0,1,0,Transitional_Phase_2,11,2025,4,739,8000,2,1,1,1
STU_5928,3.34,15,6,1,10-15K,0,3,1,1,0,Transitional_Phase_2,12,2025,4,790,12500,2,1,2,1
STU_5929,2.6,22,3,8,10-15K,0,3,1,1,0,Transitional_Phase_2,11,2025,4,750,12500,2,0,2,0
STU_5930,3.29,12,6,10,Below 10k,1,3,0,1,0,Transitional_Phase_2,1,2026,1,796,8000,2,1,1,1
STU_5931,3.0,18,0,2,Below 10k,1,3,0,1,1,Transitional_Phase_2,9,2025,3,693,8000,2,1,1,1
STU_5932,2.79,1,4,13,16-20K,1,3,2,1,1,Transitional_Phase_2,9,2025,3,678,18000,2,0,3,0
STU_5933,3.87,15,6,1,Below 10k,1,3,0,2,0,Transitional_Phase_2,12,2025,4,767,8000,2,2,2,1
STU_5934,3.37,5,1,11,10-15K,0,3,1,1,0,Transitional_Phase_2,9,2025,3,683,12500,2,1,2,1
STU_5935,3.31,2,5,9,Below 10k,0,3,0,1,1,Transitional_Phase_2,10,2025,4,725,8000,2,1,1,1
STU_5936,2.85,12,3,8,16-20K,0,3,2,1,0,Transitional_Phase_2,1,2026,1,813,18000,2,0,3,0
STU_5937,3.22,2,5,9,10-15K,0,3,1,1,0,Transitional_Phase_2,11,2025,4,734,12500,2,1,2,1
STU_5938,3.27,13,5,9,16-20K,0,3,2,1,0,Transitional_Phase_2,1,2026,1,814,18000,2,1,3,1
STU_5939,3.24,10,2,6,16-20K,0,3,2,1,0,Transitional_Phase_2,12,2025,4,775,18000,2,1,3,1
STU_5940,3.15,9,2,6,16-20K,1,3,2,1,1,Transitional_Phase_2,10,2025,4,707,18000,2,1,3,1
STU_5941,3.38,11,5,9,16-20K,1,3,2,1,1,Transitional_Phase_2,9,2025,3,692,18000,2,1,3,1
STU_5942,3.28,3,2,6,16-20K,0,3,2,1,0,Transitional_Phase_2,10,2025,4,707,18000,2,1,3,1
STU_5943,2.51,12,3,8,16-20K,0,3,2,1,0,Transitional_Phase_2,1,2026,1,806,18000,2,0,3,0
STU_5944,3.16,8,7,0,Below 10k,1,3,0,1,0,Transitional_Phase_2,12,2025,4,785,8000,2,1,1,1
STU_5945,3.33,3,2,6,10-15K,1,3,1,1,1,Transitional_Phase_2,11,2025,4,756,12500,2,1,2,1
STU_5946,3.83,13,0,15,Below 10k,1,3,0,2,1,Transitional_Phase_2,10,2025,4,715,8000,2,2,2,1
STU_5947,3.13,3,2,6,16-20K,0,3,2,1,0,Transitional_Phase_2,12,2025,4,776,18000,2,1,3,1
STU_5948,3.25,10,7,0,16-20K,1,3,2,1,1,Transitional_Phase_2,9,2025,3,695,18000,2,1,3,1
STU_5949,3.36,13,5,9,Below 10k,1,3,0,1,0,Transitional_Phase_2,9,2025,3,694,8000,2,1,1,1
STU_5950,3.32,9,0,4,Below 10k,0,3,0,1,0,Transitional_Phase_2,10,2025,4,720,8000,2,1,1,1
STU_5951,3.21,16,6,10,10-15K,0,3,1,1,0,Transitional_Phase_2,10,2025,4,730,12500,2,1,2,1
STU_5952,2.51,9,2,6,Below 10k,1,3,0,1,0,Transitional_Phase_2,11,2025,4,758,8000,2,0,1,0
STU_5953,3.13,21,0,15,10-15K,1,3,1,1,1,Transitional_Phase_2,9,2025,3,686,12500,2,1,2,1
STU_5954,3.49,10,7,0,16-20K,0,3,2,1,0,Transitional_Phase_2,9,2025,3,683,18000,2,2,3,0
STU_5955,3.26,0,1,11,16-20K,0,3,2,1,0,Transitional_Phase_2,10,2025,4,708,18000,2,1,3,1
STU_5956,2.64,7,1,18,16-20K,0,3,2,1,0,Transitional_Phase_2,10,2025,4,727,18000,2,0,3,0
STU_5957,3.38,9,2,6,Below 10k,1,3,0,1,0,Transitional_Phase_2,12,2025,4,780,8000,2,1,1,1
STU_5958,3.11,1,4,13,Below 10k,0,3,0,1,0,Transitional_Phase_2,1,2026,1,805,8000,2,1,1,1
STU_5959,3.41,9,2,6,Below 10k,1,3,0,1,1,Transitional_Phase_2,10,2025,4,729,8000,2,2,1,0
STU_5960,3.11,10,7,0,16-20K,1,3,2,1,1,Transitional_Phase_2,12,2025,4,774,18000,2,1,3,1
STU_5961,3.14,10,7,0,16-20K,0,3,2,1,0,Transitional_Phase_2,12,2025,4,762,18000,2,1,3,1
STU_5962,3.27,15,6,10,16-20K,0,3,2,1,0,Transitional_Phase_2,9,2025,3,694,18000,2,1,3,1
STU_5963,3.11,21,0,5,10-15K,1,3,1,1,1,Transitional_Phase_2,11,2025,4,740,12500,2,1,2,1
STU_5964,3.27,13,0,2,10-15K,0,3,1,1,0,Transitional_Phase_2,1,2026,1,800,12500,2,1,2,1
STU_5965,3.6,9,2,6,Below 10k,1,3,0,2,1,Transitional_Phase_2,12,2025,4,789,8000,2,2,2,1
STU_5966,2.6,2,5,9,10-15K,0,3,1,1,1,Transitional_Phase_2,9,2025,3,675,12500,2,0,2,0
STU_5967,2.79,22,3,8,16-20K,0,3,2,1,0,Transitional_Phase_2,1,2026,1,819,18000,2,0,3,0
STU_5968,2.84,13,5,9,16-20K,1,3,2,1,1,Transitional_Phase_2,1,2026,1,797,18000,2,0,3,0
STU_5969,3.34,10,7,0,16-20K,1,3,2,1,1,Transitional_Phase_2,11,2025,4,735,18000,2,1,3,1
STU_5970,3.14,12,3,8,10-15K,1,3,1,1,1,Transitional_Phase_2,9,2025,3,678,12500,2,1,2,1
STU_5971,3.19,5,1,17,10-15K,0,3,1,1,1,Transitional_Phase_2,9,2025,3,687,12500,2,1,2,1
STU_5972,3.41,17,2,6,10-15K,0,3,1,1,0,Transitional_Phase_2,12,2025,4,769,12500,2,2,2,0
STU_5973,3.27,10,7,0,10-15K,0,3,1,1,0,Transitional_Phase_2,12,2025,4,787,12500,2,1,2,1
STU_5974,3.25,20,1,18,10-15K,0,3,1,1,0,Transitional_Phase_2,9,2025,3,697,12500,2,1,2,1
STU_5975,3.87,10,2,6,10-15K,1,3,1,2,1,Transitional_Phase_2,11,2025,4,749,12500,2,2,3,1
STU_5976,2.97,7,7,0,16-20K,1,3,2,1,1,Transitional_Phase_2,11,2025,4,731,18000,2,0,3,0
STU_5977,2.58,1,4,13,10-15K,0,3,1,1,0,Transitional_Phase_2,10,2025,4,719,12500,2,0,2,0
STU_5978,3.49,6,6,10,Below 10k,0,3,0,1,0,Transitional_Phase_2,10,2025,4,706,8000,2,2,1,0
STU_5979,3.31,7,1,17,Below 10k,0,3,0,1,0,Transitional_Phase_2,11,2025,4,745,8000,2,1,1,1
STU_5980,2.59,17,2,6,10-15K,1,3,1,1,1,Transitional_Phase_2,1,2026,1,798,12500,2,0,2,0
STU_5981,3.43,17,2,6,10-15K,0,3,1,1,0,Transitional_Phase_2,12,2025,4,771,12500,2,2,2,0
STU_5982,3.45,0,1,18,Below 10k,1,3,0,1,1,Transitional_Phase_2,11,2025,4,739,8000,2,2,1,0
STU_5983,3.87,11,5,9,Below 10k,1,3,0,2,0,Transitional_Phase_2,12,2025,4,785,8000,2,2,2,1
STU_5984,3.44,10,2,6,10-15K,0,3,1,1,0,Transitional_Phase_2,9,2025,3,687,12500,2,2,2,0
STU_5985,3.44,1,4,13,Below 10k,1,3,0,1,0,Transitional_Phase_2,9,2025,3,699,8000,2,2,1,0
STU_5986,3.14,13,0,15,Below 10k,0,3,0,1,0,Transitional_Phase_2,11,2025,4,757,8000,2,1,1,1
STU_5987,3.03,8,7,0,16-20K,1,3,2,1,1,Transitional_Phase_2,12,2025,4,770,18000,2,1,3,1
STU_5988,2.53,5,1,18,10-15K,1,3,1,1,0,Transitional_Phase_2,1,2026,1,816,12500,2,0,2,0
STU_5989,3.46,5,1,17,10-15K,1,3,1,1,1,Transitional_Phase_2,10,2025,4,711,12500,2,2,2,0
STU_5990,3.63,21,0,15,Below 10k,0,3,0,2,0,Transitional_Phase_2,9,2025,3,675,8000,2,2,2,1
STU_5991,3.17,5,3,8,16-20K,1,3,2,1,1,Transitional_Phase_2,11,2025,4,736,18000,2,1,3,1
STU_5992,3.26,7,1,18,Below 10k,1,3,0,1,0,Transitional_Phase_2,1,2026,1,814,8000,2,1,1,1
STU_5993,3.43,18,0,2,Below 10k,0,3,0,1,0,Transitional_Phase_2,9,2025,3,670,8000,2,2,1,0
STU_5994,3.05,4,4,13,16-20K,1,3,2,1,1,Transitional_Phase_2,12,2025,4,783,18000,2,1,3,1
STU_5995,3.43,5,1,18,Below 10k,1,3,0,1,0,Transitional_Phase_2,1,2026,1,794,8000,2,2,1,0
STU_5996,3.12,18,0,4,Below 10k,0,3,0,1,0,Transitional_Phase_2,12,2025,4,775,8000,2,1,1,1
STU_5997,3.28,1,4,13,10-15K,1,3,1,1,1,Transitional_Phase_2,11,2025,4,750,12500,2,1,2,1
STU_5998,3.05,18,0,5,16-20K,0,3,2,1,0,Transitional_Phase_2,12,2025,4,774,18000,2,1,3,1
STU_5999,3.3,11,5,9,Below 10k,0,3,0,1,0,Transitional_Phase_2,11,2025,4,758,8000,2,1,1,1
STU_6000,3.61,5,1,17,Below 10k,0,3,0,2,1,Transitional_Phase_2,9,2025,3,676,8000,2,2,2,1
