Model,Validation Accuracy,Test Accuracy,5-Fold CV Accuracy,Precision,Recall,F1 Score
Logistic Regression,0.8791666666666667,0.8979166666666667,0.9041666666666666,0.8943089430894309,0.7534246575342466,0.8178438661710037
Random Forest,0.8875,0.9,0.8970238095238094,0.9152542372881356,0.7397260273972602,0.8181818181818182
