Name,Result,Course,Country,Institution,Budget,Researched,Political_Phase,Budget_Level,Academic_Level,Continuation,Dataset_Type,Intake_Month,Intake_Year,Intake_Season,Days_Since_First_Intake,Budget_Midpoint,Phase_Number,Result_Band,Budget_Academic_Score,GPA_Academic_Match
STU_4801,3.45,0,7,0,16-20K,1,3,2,1,1,Transitional_Phase_2,1,2026,1,795,18000,2,2,3,0
STU_4802,3.27,21,0,5,16-20K,1,3,2,1,1,Transitional_Phase_2,12,2025,4,766,18000,2,1,3,1
STU_4803,2.84,0,7,0,Below 10k,0,3,0,1,1,Transitional_Phase_2,11,2025,4,742,8000,2,0,1,0
STU_4804,3.22,6,1,18,16-20K,1,3,2,1,1,Transitional_Phase_2,1,2026,1,811,18000,2,1,3,1
STU_4805,3.47,5,3,8,10-15K,1,3,1,1,1,Transitional_Phase_2,10,2025,4,719,12500,2,2,2,0
STU_4806,2.66,11,5,9,Below 10k,0,3,0,1,0,Transitional_Phase_2,9,2025,3,681,8000,2,0,1,0
STU_4807,3.29,22,3,8,10-15K,0,3,1,1,0,Transitional_Phase_2,9,2025,3,672,12500,2,1,2,1
STU_4808,3.36,11,5,9,Below 10k,0,3,0,1,0,Transitional_Phase_2,9,2025,3,685,8000,2,1,1,1
STU_4809,2.82,1,4,13,16-20K,0,3,2,1,0,Transitional_Phase_2,1,2026,1,796,18000,2,0,3,0
STU_4810,3.01,10,2,6,10-15K,1,3,1,1,0,Transitional_Phase_2,1,2026,1,799,12500,2,1,2,1
STU_4811,3.15,18,0,16,Below 10k,0,3,0,1,0,Transitional_Phase_2,9,2025,3,691,8000,2,1,1,1
STU_4812,3.12,22,3,8,10-15K,0,3,1,1,0,Transitional_Phase_2,12,2025,4,783,12500,2,1,2,1
STU_4813,3.36,19,6,1,16-20K,0,3,2,1,0,Transitional_Phase_2,10,2025,4,724,18000,2,1,3,1
STU_4814,3.22,3,2,6,10-15K,0,3,1,1,0,Transitional_Phase_2,9,2025,3,675,12500,2,1,2,1
STU_4815,3.3,17,2,6,16-20K,1,3,2,1,1,Transitional_Phase_2,11,2025,4,753,18000,2,1,3,1
STU_4816,3.38,12,6,14,16-20K,0,3,2,1,0,Transitional_Phase_2,11,2025,4,745,18000,2,1,3,1
STU_4817,2.32,16,4,13,10-15K,0,3,1,0,0,Transitional_Phase_2,1,2026,1,794,12500,2,0,1,1
STU_4818,3.36,5,1,18,16-20K,1,3,2,1,1,Transitional_Phase_2,10,2025,4,705,18000,2,1,3,1
STU_4819,3.16,12,3,8,10-15K,0,3,1,1,0,Transitional_Phase_2,11,2025,4,733,12500,2,1,2,1
STU_4820,3.14,6,6,12,Below 10k,1,3,0,1,0,Transitional_Phase_2,1,2026,1,797,8000,2,1,1,1
STU_4821,3.3,11,5,9,Below 10k,0,3,0,1,0,Transitional_Phase_2,10,2025,4,707,8000,2,1,1,1
STU_4822,2.67,10,2,6,16-20K,1,3,2,1,1,Transitional_Phase_2,11,2025,4,743,18000,2,0,3,0
STU_4823,3.14,0,7,0,16-20K,1,3,2,1,1,Transitional_Phase_2,12,2025,4,772,18000,2,1,3,1
STU_4824,3.28,5,1,17,16-20K,1,3,2,1,1,Transitional_Phase_2,12,2025,4,767,18000,2,1,3,1
STU_4825,3.34,17,2,6,10-15K,0,3,1,1,0,Transitional_Phase_2,1,2026,1,804,12500,2,1,2,1
STU_4826,3.25,21,0,2,16-20K,0,3,2,1,0,Transitional_Phase_2,10,2025,4,710,18000,2,1,3,1
STU_4827,3.44,8,7,0,Below 10k,0,3,0,1,0,Transitional_Phase_2,1,2026,1,822,8000,2,2,1,0
STU_4828,3.14,16,4,13,10-15K,1,3,1,1,1,Transitional_Phase_2,11,2025,4,740,12500,2,1,2,1
STU_4829,3.12,1,4,13,16-20K,1,3,2,1,1,Transitional_Phase_2,10,2025,4,700,18000,2,1,3,1
STU_4830,3.11,6,1,11,16-20K,1,3,2,1,1,Transitional_Phase_2,11,2025,4,758,18000,2,1,3,1
STU_4831,3.24,6,1,18,10-15K,1,3,1,1,1,Transitional_Phase_2,10,2025,4,720,12500,2,1,2,1
STU_4832,3.31,18,0,5,Below 10k,1,3,0,1,0,Transitional_Phase_2,12,2025,4,762,8000,2,1,1,1
STU_4833,2.96,19,6,1,10-15K,1,3,1,1,1,Transitional_Phase_2,1,2026,1,821,12500,2,0,2,0
STU_4834,3.14,13,0,16,16-20K,0,3,2,1,0,Transitional_Phase_2,1,2026,1,815,18000,2,1,3,1
STU_4835,3.66,13,5,9,16-20K,0,3,2,2,0,Transitional_Phase_2,11,2025,4,737,18000,2,2,4,1
STU_4836,3.11,10,2,6,Below 10k,0,3,0,1,0,Transitional_Phase_2,9,2025,3,674,8000,2,1,1,1
STU_4837,3.29,5,1,11,16-20K,1,3,2,1,1,Transitional_Phase_2,12,2025,4,771,18000,2,1,3,1
STU_4838,3.23,11,5,9,16-20K,1,3,2,1,1,Transitional_Phase_2,12,2025,4,764,18000,2,1,3,1
STU_4839,2.31,21,0,5,Below 10k,1,3,0,0,1,Transitional_Phase_2,1,2026,1,806,8000,2,0,0,1
STU_4840,3.17,17,2,6,Below 10k,1,3,0,1,0,Transitional_Phase_2,10,2025,4,703,8000,2,1,1,1
STU_4841,3.39,16,6,1,Below 10k,1,3,0,1,1,Transitional_Phase_2,11,2025,4,732,8000,2,1,1,1
STU_4842,3.47,9,0,4,Below 10k,0,3,0,1,0,Transitional_Phase_2,1,2026,1,795,8000,2,2,1,0
STU_4843,3.11,1,4,13,16-20K,1,3,2,1,1,Transitional_Phase_2,9,2025,3,681,18000,2,1,3,1
STU_4844,3.45,10,7,0,16-20K,1,3,2,1,1,Transitional_Phase_2,11,2025,4,748,18000,2,2,3,0
STU_4845,3.13,13,5,9,16-20K,0,3,2,1,1,Transitional_Phase_2,9,2025,3,699,18000,2,1,3,1
STU_4846,2.68,6,1,11,Below 10k,1,3,0,1,1,Transitional_Phase_2,11,2025,4,749,8000,2,0,1,0
STU_4847,3.31,9,7,0,16-20K,1,3,2,1,1,Transitional_Phase_2,12,2025,4,785,18000,2,1,3,1
STU_4848,3.46,0,1,17,16-20K,0,3,2,1,0,Transitional_Phase_2,12,2025,4,763,18000,2,2,3,0
STU_4849,2.23,10,7,0,Below 10k,1,3,0,0,1,Transitional_Phase_2,11,2025,4,758,8000,2,0,0,1
STU_4850,3.25,6,6,14,16-20K,0,3,2,1,0,Transitional_Phase_2,12,2025,4,772,18000,2,1,3,1
STU_4851,2.91,19,6,14,Below 10k,1,3,0,1,0,Transitional_Phase_2,9,2025,3,698,8000,2,0,1,0
STU_4852,3.51,21,0,2,10-15K,1,3,1,2,1,Transitional_Phase_2,12,2025,4,761,12500,2,2,3,1
STU_4853,3.25,10,7,0,10-15K,1,3,1,1,1,Transitional_Phase_2,10,2025,4,717,12500,2,1,2,1
STU_4854,3.39,12,3,8,16-20K,1,3,2,1,1,Transitional_Phase_2,10,2025,4,710,18000,2,1,3,1
STU_4855,3.43,0,1,17,Below 10k,0,3,0,1,1,Transitional_Phase_2,9,2025,3,698,8000,2,2,1,0
STU_4856,3.1,8,7,0,Below 10k,0,3,0,1,0,Transitional_Phase_2,11,2025,4,757,8000,2,1,1,1
STU_4857,3.13,14,4,13,16-20K,0,3,2,1,0,Transitional_Phase_2,10,2025,4,707,18000,2,1,3,1
STU_4858,3.39,8,7,0,10-15K,1,3,1,1,1,Transitional_Phase_2,9,2025,3,670,12500,2,1,2,1
STU_4859,3.29,11,5,9,16-20K,1,3,2,1,1,Transitional_Phase_2,10,2025,4,725,18000,2,1,3,1
STU_4860,3.1,12,6,1,Below 10k,1,3,0,1,1,Transitional_Phase_2,12,2025,4,771,8000,2,1,1,1
STU_4861,3.07,11,5,9,10-15K,0,3,1,1,0,Transitional_Phase_2,1,2026,1,795,12500,2,1,2,1
STU_4862,3.85,18,0,5,10-15K,1,3,1,2,1,Transitional_Phase_2,11,2025,4,746,12500,2,2,3,1
STU_4863,3.41,1,4,13,Below 10k,1,3,0,1,0,Transitional_Phase_2,12,2025,4,786,8000,2,2,1,0
STU_4864,3.28,12,3,8,Below 10k,0,3,0,1,1,Transitional_Phase_2,1,2026,1,800,8000,2,1,1,1
STU_4865,2.62,7,3,8,Below 10k,0,3,0,1,0,Transitional_Phase_2,10,2025,4,702,8000,2,0,1,0
STU_4866,3.43,18,0,5,Below 10k,1,3,0,1,0,Transitional_Phase_2,12,2025,4,779,8000,2,2,1,0
STU_4867,2.7,7,1,18,16-20K,0,3,2,1,1,Transitional_Phase_2,12,2025,4,769,18000,2,0,3,0
STU_4868,3.19,5,1,17,16-20K,1,3,2,1,1,Transitional_Phase_2,9,2025,3,677,18000,2,1,3,1
STU_4869,3.33,9,0,15,Below 10k,1,3,0,1,1,Transitional_Phase_2,9,2025,3,682,8000,2,1,1,1
STU_4870,3.03,16,6,3,Below 10k,0,3,0,1,1,Transitional_Phase_2,1,2026,1,814,8000,2,1,1,1
STU_4871,3.26,18,0,5,16-20K,0,3,2,1,1,Transitional_Phase_2,10,2025,4,706,18000,2,1,3,1
STU_4872,3.32,21,0,15,Below 10k,1,3,0,1,1,Transitional_Phase_2,1,2026,1,802,8000,2,1,1,1
STU_4873,2.58,10,7,0,Below 10k,1,3,0,1,0,Transitional_Phase_2,10,2025,4,726,8000,2,0,1,0
STU_4874,3.32,14,4,13,10-15K,1,3,1,1,1,Transitional_Phase_2,11,2025,4,742,12500,2,1,2,1
STU_4875,3.42,19,6,12,Below 10k,0,3,0,1,0,Transitional_Phase_2,1,2026,1,798,8000,2,2,1,0
STU_4876,3.26,20,1,18,10-15K,0,3,1,1,0,Transitional_Phase_2,10,2025,4,722,12500,2,1,2,1
STU_4877,3.12,8,7,0,16-20K,1,3,2,1,1,Transitional_Phase_2,1,2026,1,821,18000,2,1,3,1
STU_4878,3.55,15,6,1,Below 10k,0,3,0,2,0,Transitional_Phase_2,11,2025,4,738,8000,2,2,2,1
STU_4879,3.24,6,1,17,16-20K,0,3,2,1,0,Transitional_Phase_2,9,2025,3,697,18000,2,1,3,1
STU_4880,3.33,11,5,9,10-15K,0,3,1,1,0,Transitional_Phase_2,1,2026,1,817,12500,2,1,2,1
STU_4881,3.34,4,4,13,Below 10k,1,3,0,1,0,Transitional_Phase_2,9,2025,3,672,8000,2,1,1,1
STU_4882,3.14,19,6,14,16-20K,1,3,2,1,1,Transitional_Phase_2,12,2025,4,763,18000,2,1,3,1
STU_4883,3.53,2,5,9,Below 10k,0,3,0,2,0,Transitional_Phase_2,11,2025,4,758,8000,2,2,2,1
STU_4884,3.15,8,7,0,16-20K,1,3,2,1,1,Transitional_Phase_2,1,2026,1,794,18000,2,1,3,1
STU_4885,2.67,17,2,6,Below 10k,0,3,0,1,0,Transitional_Phase_2,10,2025,4,728,8000,2,0,1,0
STU_4886,3.2,6,6,10,Below 10k,0,3,0,1,1,Transitional_Phase_2,1,2026,1,796,8000,2,1,1,1
STU_4887,2.97,14,4,13,Below 10k,1,3,0,1,0,Transitional_Phase_2,12,2025,4,762,8000,2,0,1,0
STU_4888,3.56,5,1,17,Below 10k,1,3,0,2,1,Transitional_Phase_2,1,2026,1,792,8000,2,2,2,1
STU_4889,3.36,21,0,15,Below 10k,1,3,0,1,0,Transitional_Phase_2,9,2025,3,676,8000,2,1,1,1
STU_4890,3.24,7,1,18,16-20K,0,3,2,1,0,Transitional_Phase_2,11,2025,4,737,18000,2,1,3,1
STU_4891,3.21,14,4,13,16-20K,1,3,2,1,1,Transitional_Phase_2,10,2025,4,705,18000,2,1,3,1
STU_4892,2.71,8,7,0,16-20K,1,3,2,1,1,Transitional_Phase_2,11,2025,4,750,18000,2,0,3,0
STU_4893,3.68,2,5,9,Below 10k,1,3,0,2,0,Transitional_Phase_2,9,2025,3,690,8000,2,2,2,1
STU_4894,3.13,18,0,16,10-15K,0,3,1,1,0,Transitional_Phase_2,12,2025,4,766,12500,2,1,2,1
STU_4895,3.48,10,2,6,Below 10k,0,3,0,1,0,Transitional_Phase_2,1,2026,1,822,8000,2,2,1,0
STU_4896,3.04,5,1,11,16-20K,0,3,2,1,0,Transitional_Phase_2,10,2025,4,714,18000,2,1,3,1
STU_4897,3.24,10,2,6,10-15K,1,3,1,1,1,Transitional_Phase_2,1,2026,1,814,12500,2,1,2,1
STU_4898,3.34,8,7,0,10-15K,1,3,1,1,1,Transitional_Phase_2,9,2025,3,698,12500,2,1,2,1
STU_4899,3.28,5,1,17,16-20K,1,3,2,1,1,Transitional_Phase_2,9,2025,3,698,18000,2,1,3,1
STU_4900,3.1,13,0,5,Below 10k,1,3,0,1,0,Transitional_Phase_2,9,2025,3,681,8000,2,1,1,1
STU_4901,3.32,4,4,13,Below 10k,0,3,0,1,0,Transitional_Phase_2,11,2025,4,759,8000,2,1,1,1
STU_4902,3.13,11,5,9,Below 10k,1,3,0,1,0,Transitional_Phase_2,11,2025,4,732,8000,2,1,1,1
STU_4903,3.45,8,7,0,16-20K,1,3,2,1,1,Transitional_Phase_2,9,2025,3,691,18000,2,2,3,0
STU_4904,3.36,4,4,13,16-20K,1,3,2,1,1,Transitional_Phase_2,10,2025,4,700,18000,2,1,3,1
STU_4905,3.15,7,1,18,16-20K,0,3,2,1,0,Transitional_Phase_2,11,2025,4,757,18000,2,1,3,1
STU_4906,3.29,16,4,13,10-15K,0,3,1,1,0,Transitional_Phase_2,9,2025,3,672,12500,2,1,2,1
STU_4907,3.39,0,1,17,10-15K,1,3,1,1,1,Transitional_Phase_2,1,2026,1,794,12500,2,1,2,1
STU_4908,3.19,7,7,0,16-20K,1,3,2,1,1,Transitional_Phase_2,1,2026,1,798,18000,2,1,3,1
STU_4909,3.26,3,2,6,16-20K,0,3,2,1,0,Transitional_Phase_2,11,2025,4,741,18000,2,1,3,1
STU_4910,2.95,6,6,1,16-20K,1,3,2,1,1,Transitional_Phase_2,10,2025,4,709,18000,2,0,3,0
STU_4911,3.93,21,0,2,Below 10k,0,3,0,2,1,Transitional_Phase_2,9,2025,3,679,8000,2,2,2,1
STU_4912,2.73,9,2,6,16-20K,1,3,2,1,1,Transitional_Phase_2,10,2025,4,729,18000,2,0,3,0
STU_4913,3.23,12,3,8,Below 10k,1,3,0,1,1,Transitional_Phase_2,9,2025,3,682,8000,2,1,1,1
STU_4914,3.35,4,4,13,10-15K,1,3,1,1,1,Transitional_Phase_2,11,2025,4,749,12500,2,1,2,1
STU_4915,3.19,9,7,0,16-20K,0,3,2,1,0,Transitional_Phase_2,12,2025,4,762,18000,2,1,3,1
STU_4916,3.24,8,7,0,16-20K,0,3,2,1,1,Transitional_Phase_2,10,2025,4,713,18000,2,1,3,1
STU_4917,3.16,9,2,6,10-15K,1,3,1,1,0,Transitional_Phase_2,11,2025,4,756,12500,2,1,2,1
STU_4918,3.47,17,2,6,16-20K,1,3,2,1,1,Transitional_Phase_2,9,2025,3,673,18000,2,2,3,0
STU_4919,2.77,10,7,0,16-20K,1,3,2,1,1,Transitional_Phase_2,12,2025,4,768,18000,2,0,3,0
STU_4920,3.42,7,1,11,16-20K,0,3,2,1,0,Transitional_Phase_2,11,2025,4,757,18000,2,2,3,0
STU_4921,2.27,10,2,6,10-15K,0,3,1,0,0,Transitional_Phase_2,10,2025,4,725,12500,2,0,1,1
STU_4922,2.92,5,3,8,16-20K,0,3,2,1,1,Transitional_Phase_2,12,2025,4,776,18000,2,0,3,0
STU_4923,3.16,21,0,16,16-20K,0,3,2,1,0,Transitional_Phase_2,1,2026,1,799,18000,2,1,3,1
STU_4924,2.47,3,2,6,16-20K,0,3,2,0,0,Transitional_Phase_2,11,2025,4,733,18000,2,0,2,1
STU_4925,3.19,22,3,8,Below 10k,1,3,0,1,0,Transitional_Phase_2,12,2025,4,782,8000,2,1,1,1
STU_4926,3.25,19,6,12,16-20K,0,3,2,1,0,Transitional_Phase_2,12,2025,4,768,18000,2,1,3,1
STU_4927,3.34,2,5,9,Below 10k,1,3,0,1,0,Transitional_Phase_2,12,2025,4,770,8000,2,1,1,1
STU_4928,3.07,18,0,2,16-20K,1,3,2,1,1,Transitional_Phase_2,11,2025,4,747,18000,2,1,3,1
STU_4929,2.35,7,3,8,Below 10k,1,3,0,0,0,Transitional_Phase_2,10,2025,4,719,8000,2,0,0,1
STU_4930,3.79,3,2,6,10-15K,0,3,1,2,0,Transitional_Phase_2,10,2025,4,700,12500,2,2,3,1
STU_4931,2.44,20,1,11,16-20K,1,3,2,0,1,Transitional_Phase_2,9,2025,3,687,18000,2,0,2,1
STU_4932,3.47,5,3,8,10-15K,0,3,1,1,0,Transitional_Phase_2,10,2025,4,730,12500,2,2,2,0
STU_4933,3.55,10,7,0,Below 10k,0,3,0,2,0,Transitional_Phase_2,9,2025,3,680,8000,2,2,2,1
STU_4934,3.1,17,2,6,16-20K,1,3,2,1,1,Transitional_Phase_2,12,2025,4,782,18000,2,1,3,1
STU_4935,3.33,14,4,13,Below 10k,1,3,0,1,0,Transitional_Phase_2,10,2025,4,709,8000,2,1,1,1
STU_4936,3.15,14,4,13,16-20K,0,3,2,1,0,Transitional_Phase_2,12,2025,4,779,18000,2,1,3,1
STU_4937,3.44,19,6,3,16-20K,1,3,2,1,1,Transitional_Phase_2,12,2025,4,786,18000,2,2,3,0
STU_4938,3.3,1,4,13,Below 10k,1,3,0,1,0,Transitional_Phase_2,1,2026,1,821,8000,2,1,1,1
STU_4939,3.31,7,7,0,Below 10k,0,3,0,1,0,Transitional_Phase_2,1,2026,1,803,8000,2,1,1,1
STU_4940,3.47,5,3,8,16-20K,0,3,2,1,1,Transitional_Phase_2,9,2025,3,699,18000,2,2,3,0
STU_4941,3.52,7,3,8,Below 10k,0,3,0,2,0,Transitional_Phase_2,1,2026,1,808,8000,2,2,2,1
STU_4942,3.12,13,5,9,Below 10k,0,3,0,1,0,Transitional_Phase_2,10,2025,4,709,8000,2,1,1,1
STU_4943,3.48,16,6,3,Below 10k,0,3,0,1,0,Transitional_Phase_2,11,2025,4,760,8000,2,2,1,0
STU_4944,3.14,9,0,16,16-20K,0,3,2,1,0,Transitional_Phase_2,10,2025,4,725,18000,2,1,3,1
STU_4945,3.34,5,3,8,16-20K,1,3,2,1,1,Transitional_Phase_2,10,2025,4,712,18000,2,1,3,1
STU_4946,3.58,12,3,8,Below 10k,0,3,0,2,0,Transitional_Phase_2,11,2025,4,732,8000,2,2,2,1
STU_4947,3.22,10,2,6,10-15K,0,3,1,1,0,Transitional_Phase_2,9,2025,3,674,12500,2,1,2,1
STU_4948,3.45,3,2,6,10-15K,1,3,1,1,1,Transitional_Phase_2,10,2025,4,724,12500,2,2,2,0
STU_4949,3.45,2,5,9,Below 10k,0,3,0,1,0,Transitional_Phase_2,9,2025,3,695,8000,2,2,1,0
STU_4950,3.7,2,5,9,Below 10k,0,3,0,2,0,Transitional_Phase_2,9,2025,3,671,8000,2,2,2,1
STU_4951,3.55,14,4,13,16-20K,0,3,2,2,1,Transitional_Phase_2,10,2025,4,727,18000,2,2,4,1
STU_4952,3.44,5,3,8,10-15K,0,3,1,1,0,Transitional_Phase_2,1,2026,1,799,12500,2,2,2,0
STU_4953,3.42,16,6,10,Below 10k,1,3,0,1,0,Transitional_Phase_2,10,2025,4,727,8000,2,2,1,0
STU_4954,3.31,2,5,9,Below 10k,0,3,0,1,0,Transitional_Phase_2,12,2025,4,789,8000,2,1,1,1
STU_4955,3.49,4,4,13,16-20K,1,3,2,1,1,Transitional_Phase_2,1,2026,1,794,18000,2,2,3,0
STU_4956,3.44,3,2,6,Below 10k,1,3,0,1,0,Transitional_Phase_2,1,2026,1,819,8000,2,2,1,0
STU_4957,2.63,3,2,6,Below 10k,1,3,0,1,0,Transitional_Phase_2,10,2025,4,702,8000,2,0,1,0
STU_4958,3.41,10,2,6,16-20K,1,3,2,1,1,Transitional_Phase_2,10,2025,4,708,18000,2,2,3,0
STU_4959,2.71,4,4,13,10-15K,1,3,1,1,1,Transitional_Phase_2,1,2026,1,799,12500,2,0,2,0
STU_4960,3.18,5,1,17,16-20K,1,3,2,1,1,Transitional_Phase_2,10,2025,4,729,18000,2,1,3,1
STU_4961,3.16,0,7,0,Below 10k,0,3,0,1,0,Transitional_Phase_2,11,2025,4,746,8000,2,1,1,1
STU_4962,2.54,17,2,6,16-20K,1,3,2,1,1,Transitional_Phase_2,12,2025,4,784,18000,2,0,3,0
STU_4963,3.69,7,7,0,10-15K,0,3,1,2,0,Transitional_Phase_2,10,2025,4,700,12500,2,2,3,1
STU_4964,2.98,3,2,6,Below 10k,1,3,0,1,0,Transitional_Phase_2,12,2025,4,790,8000,2,0,1,0
STU_4965,3.18,18,0,2,Below 10k,0,3,0,1,0,Transitional_Phase_2,1,2026,1,798,8000,2,1,1,1
STU_4966,3.2,9,2,6,Below 10k,0,3,0,1,0,Transitional_Phase_2,9,2025,3,689,8000,2,1,1,1
STU_4967,3.25,17,2,6,16-20K,0,3,2,1,0,Transitional_Phase_2,11,2025,4,748,18000,2,1,3,1
STU_4968,3.3,12,6,3,10-15K,1,3,1,1,1,Transitional_Phase_2,9,2025,3,690,12500,2,1,2,1
STU_4969,3.34,21,0,5,16-20K,1,3,2,1,1,Transitional_Phase_2,9,2025,3,690,18000,2,1,3,1
STU_4970,3.1,14,4,13,Below 10k,1,3,0,1,0,Transitional_Phase_2,11,2025,4,737,8000,2,1,1,1
STU_4971,3.02,13,0,15,16-20K,1,3,2,1,1,Transitional_Phase_2,9,2025,3,682,18000,2,1,3,1
STU_4972,3.84,11,5,9,16-20K,1,3,2,2,1,Transitional_Phase_2,11,2025,4,741,18000,2,2,4,1
STU_4973,3.16,13,5,9,10-15K,0,3,1,1,0,Transitional_Phase_2,12,2025,4,788,12500,2,1,2,1
STU_4974,3.78,6,6,12,16-20K,0,3,2,2,0,Transitional_Phase_2,11,2025,4,736,18000,2,2,4,1
STU_4975,3.43,4,4,13,Below 10k,0,3,0,1,0,Transitional_Phase_2,9,2025,3,699,8000,2,2,1,0
STU_4976,3.45,5,3,8,Below 10k,1,3,0,1,1,Transitional_Phase_2,1,2026,1,817,8000,2,2,1,0
STU_4977,2.98,11,5,9,10-15K,0,3,1,1,0,Transitional_Phase_2,11,2025,4,758,12500,2,0,2,0
STU_4978,3.15,9,2,6,Below 10k,0,3,0,1,0,Transitional_Phase_2,1,2026,1,799,8000,2,1,1,1
STU_4979,3.27,9,2,6,16-20K,1,3,2,1,1,Transitional_Phase_2,10,2025,4,705,18000,2,1,3,1
STU_4980,3.32,2,5,9,16-20K,0,3,2,1,0,Transitional_Phase_2,9,2025,3,686,18000,2,1,3,1
STU_4981,3.03,0,1,11,Below 10k,0,3,0,1,0,Transitional_Phase_2,10,2025,4,713,8000,2,1,1,1
STU_4982,2.99,10,7,0,16-20K,1,3,2,1,1,Transitional_Phase_2,11,2025,4,754,18000,2,0,3,0
STU_4983,2.89,3,2,6,16-20K,0,3,2,1,1,Transitional_Phase_2,11,2025,4,742,18000,2,0,3,0
STU_4984,3.9,5,3,8,16-20K,1,3,2,2,1,Transitional_Phase_2,9,2025,3,683,18000,2,2,4,1
STU_4985,3.02,11,5,9,10-15K,1,3,1,1,1,Transitional_Phase_2,12,2025,4,776,12500,2,1,2,1
STU_4986,2.72,22,3,8,16-20K,1,3,2,1,1,Transitional_Phase_2,1,2026,1,798,18000,2,0,3,0
STU_4987,3.21,13,5,9,16-20K,1,3,2,1,1,Transitional_Phase_2,10,2025,4,715,18000,2,1,3,1
STU_4988,3.42,19,6,1,Below 10k,0,3,0,1,0,Transitional_Phase_2,11,2025,4,740,8000,2,2,1,0
STU_4989,3.0,16,6,10,10-15K,1,3,1,1,1,Transitional_Phase_2,10,2025,4,705,12500,2,1,2,1
STU_4990,3.14,3,2,6,16-20K,1,3,2,1,1,Transitional_Phase_2,9,2025,3,699,18000,2,1,3,1
STU_4991,3.43,2,5,9,10-15K,0,3,1,1,0,Transitional_Phase_2,9,2025,3,679,12500,2,2,2,0
STU_4992,3.86,16,6,14,10-15K,1,3,1,2,1,Transitional_Phase_2,11,2025,4,731,12500,2,2,3,1
STU_4993,3.46,10,7,0,10-15K,1,3,1,1,1,Transitional_Phase_2,12,2025,4,779,12500,2,2,2,0
STU_4994,2.69,1,4,13,Below 10k,1,3,0,1,0,Transitional_Phase_2,11,2025,4,744,8000,2,0,1,0
STU_4995,3.38,17,2,6,10-15K,0,3,1,1,0,Transitional_Phase_2,10,2025,4,703,12500,2,1,2,1
STU_4996,3.27,12,3,8,Below 10k,1,3,0,1,0,Transitional_Phase_2,1,2026,1,808,8000,2,1,1,1
STU_4997,3.28,3,2,6,Below 10k,0,3,0,1,0,Transitional_Phase_2,1,2026,1,795,8000,2,1,1,1
STU_4998,3.22,5,0,4,10-15K,1,3,1,1,1,Transitional_Phase_2,11,2025,4,744,12500,2,1,2,1
STU_4999,3.44,6,1,18,16-20K,0,3,2,1,0,Transitional_Phase_2,11,2025,4,760,18000,2,2,3,0
STU_5000,2.66,19,6,3,Below 10k,1,3,0,1,1,Transitional_Phase_2,1,2026,1,810,8000,2,0,1,0
STU_5001,3.28,6,1,17,16-20K,0,3,2,1,0,Transitional_Phase_2,1,2026,1,802,18000,2,1,3,1
STU_5002,3.15,12,6,1,16-20K,1,3,2,1,1,Transitional_Phase_2,9,2025,3,673,18000,2,1,3,1
STU_5003,3.33,17,2,6,Below 10k,1,3,0,1,0,Transitional_Phase_2,11,2025,4,733,8000,2,1,1,1
STU_5004,3.32,16,6,1,Below 10k,0,3,0,1,0,Transitional_Phase_2,11,2025,4,760,8000,2,1,1,1
STU_5005,3.44,5,3,8,10-15K,0,3,1,1,1,Transitional_Phase_2,11,2025,4,754,12500,2,2,2,0
STU_5006,3.42,12,3,8,Below 10k,0,3,0,1,0,Transitional_Phase_2,9,2025,3,690,8000,2,2,1,0
STU_5007,3.48,0,7,0,10-15K,0,3,1,1,0,Transitional_Phase_2,12,2025,4,783,12500,2,2,2,0
STU_5008,3.15,0,7,0,Below 10k,0,3,0,1,0,Transitional_Phase_2,11,2025,4,744,8000,2,1,1,1
STU_5009,3.26,22,3,8,16-20K,1,3,2,1,1,Transitional_Phase_2,1,2026,1,795,18000,2,1,3,1
STU_5010,3.36,4,4,13,Below 10k,1,3,0,1,0,Transitional_Phase_2,10,2025,4,708,8000,2,1,1,1
STU_5011,3.34,1,4,13,16-20K,1,3,2,1,1,Transitional_Phase_2,10,2025,4,704,18000,2,1,3,1
STU_5012,3.88,0,7,0,Below 10k,0,3,0,2,0,Transitional_Phase_2,12,2025,4,764,8000,2,2,2,1
STU_5013,3.46,9,2,6,10-15K,1,3,1,1,1,Transitional_Phase_2,10,2025,4,718,12500,2,2,2,0
STU_5014,3.32,3,2,6,Below 10k,1,3,0,1,0,Transitional_Phase_2,10,2025,4,715,8000,2,1,1,1
STU_5015,3.19,19,6,3,10-15K,0,3,1,1,0,Transitional_Phase_2,1,2026,1,804,12500,2,1,2,1
STU_5016,3.55,9,2,6,16-20K,0,3,2,2,0,Transitional_Phase_2,10,2025,4,727,18000,2,2,4,1
STU_5017,3.2,17,2,6,10-15K,0,3,1,1,0,Transitional_Phase_2,12,2025,4,775,12500,2,1,2,1
STU_5018,3.42,14,4,13,16-20K,0,3,2,1,0,Transitional_Phase_2,12,2025,4,788,18000,2,2,3,0
STU_5019,3.35,14,4,13,Below 10k,0,3,0,1,0,Transitional_Phase_2,1,2026,1,813,8000,2,1,1,1
STU_5020,3.49,9,0,16,10-15K,1,3,1,1,1,Transitional_Phase_2,9,2025,3,686,12500,2,2,2,0
STU_5021,2.85,15,6,14,16-20K,1,3,2,1,1,Transitional_Phase_2,11,2025,4,754,18000,2,0,3,0
STU_5022,3.11,11,5,9,10-15K,0,3,1,1,0,Transitional_Phase_2,11,2025,4,754,12500,2,1,2,1
STU_5023,3.16,9,7,0,Below 10k,1,3,0,1,0,Transitional_Phase_2,9,2025,3,679,8000,2,1,1,1
STU_5024,3.27,13,5,9,16-20K,1,3,2,1,1,Transitional_Phase_2,9,2025,3,694,18000,2,1,3,1
STU_5025,3.18,21,0,2,Below 10k,1,3,0,1,0,Transitional_Phase_2,1,2026,1,820,8000,2,1,1,1
STU_5026,3.22,7,7,0,10-15K,0,3,1,1,0,Transitional_Phase_2,10,2025,4,709,12500,2,1,2,1
STU_5027,3.11,13,0,5,10-15K,0,3,1,1,0,Transitional_Phase_2,9,2025,3,696,12500,2,1,2,1
STU_5028,3.4,17,2,6,Below 10k,1,3,0,1,0,Transitional_Phase_2,12,2025,4,771,8000,2,2,1,0
STU_5029,3.47,7,7,0,10-15K,0,3,1,1,0,Transitional_Phase_2,1,2026,1,802,12500,2,2,2,0
STU_5030,3.16,14,4,13,16-20K,1,3,2,1,1,Transitional_Phase_2,10,2025,4,701,18000,2,1,3,1
STU_5031,3.15,13,5,9,16-20K,1,3,2,1,1,Transitional_Phase_2,9,2025,3,692,18000,2,1,3,1
STU_5032,3.27,3,2,6,10-15K,0,3,1,1,0,Transitional_Phase_2,12,2025,4,776,12500,2,1,2,1
STU_5033,3.36,6,1,11,10-15K,0,3,1,1,0,Transitional_Phase_2,10,2025,4,722,12500,2,1,2,1
STU_5034,3.77,12,3,8,16-20K,0,3,2,2,0,Transitional_Phase_2,10,2025,4,715,18000,2,2,4,1
STU_5035,3.34,4,4,13,Below 10k,0,3,0,1,0,Transitional_Phase_2,12,2025,4,770,8000,2,1,1,1
STU_5036,3.71,20,1,17,Below 10k,1,3,0,2,0,Transitional_Phase_2,1,2026,1,802,8000,2,2,2,1
STU_5037,3.2,20,1,17,10-15K,1,3,1,1,1,Transitional_Phase_2,1,2026,1,818,12500,2,1,2,1
STU_5038,2.83,15,6,10,Below 10k,1,3,0,1,0,Transitional_Phase_2,10,2025,4,724,8000,2,0,1,0
STU_5039,3.35,5,1,11,10-15K,1,3,1,1,1,Transitional_Phase_2,1,2026,1,793,12500,2,1,2,1
STU_5040,2.81,21,0,16,16-20K,1,3,2,1,1,Transitional_Phase_2,9,2025,3,684,18000,2,0,3,0
STU_5041,2.71,2,5,9,16-20K,1,3,2,1,1,Transitional_Phase_2,1,2026,1,804,18000,2,0,3,0
STU_5042,3.18,17,2,6,Below 10k,1,3,0,1,1,Transitional_Phase_2,12,2025,4,764,8000,2,1,1,1
STU_5043,3.42,22,3,8,10-15K,1,3,1,1,0,Transitional_Phase_2,12,2025,4,771,12500,2,2,2,0
STU_5044,3.27,7,1,18,16-20K,1,3,2,1,1,Transitional_Phase_2,9,2025,3,695,18000,2,1,3,1
STU_5045,3.47,16,4,13,16-20K,0,3,2,1,0,Transitional_Phase_2,10,2025,4,727,18000,2,2,3,0
STU_5046,3.05,7,7,0,10-15K,0,3,1,1,0,Transitional_Phase_2,1,2026,1,795,12500,2,1,2,1
STU_5047,2.14,9,2,6,10-15K,1,3,1,0,1,Transitional_Phase_2,11,2025,4,739,12500,2,0,1,1
STU_5048,3.26,8,7,0,10-15K,0,3,1,1,0,Transitional_Phase_2,10,2025,4,718,12500,2,1,2,1
STU_5049,2.81,14,4,13,10-15K,0,3,1,1,0,Transitional_Phase_2,11,2025,4,756,12500,2,0,2,0
STU_5050,3.11,9,2,6,10-15K,0,3,1,1,0,Transitional_Phase_2,9,2025,3,693,12500,2,1,2,1
STU_5051,3.18,8,7,0,10-15K,0,3,1,1,0,Transitional_Phase_2,11,2025,4,756,12500,2,1,2,1
STU_5052,2.73,19,6,1,16-20K,0,3,2,1,0,Transitional_Phase_2,9,2025,3,678,18000,2,0,3,0
STU_5053,3.26,19,6,1,10-15K,0,3,1,1,0,Transitional_Phase_2,1,2026,1,803,12500,2,1,2,1
STU_5054,3.17,5,3,8,Below 10k,0,3,0,1,0,Transitional_Phase_2,10,2025,4,724,8000,2,1,1,1
STU_5055,3.2,10,2,6,10-15K,1,3,1,1,1,Transitional_Phase_2,10,2025,4,706,12500,2,1,2,1
STU_5056,3.26,12,3,8,16-20K,0,3,2,1,0,Transitional_Phase_2,11,2025,4,756,18000,2,1,3,1
STU_5057,3.13,16,4,13,10-15K,1,3,1,1,1,Transitional_Phase_2,11,2025,4,753,12500,2,1,2,1
STU_5058,3.38,5,3,8,10-15K,0,3,1,1,0,Transitional_Phase_2,12,2025,4,782,12500,2,1,2,1
STU_5059,3.45,16,6,1,16-20K,0,3,2,1,0,Transitional_Phase_2,1,2026,1,812,18000,2,2,3,0
STU_5060,3.44,17,2,6,16-20K,0,3,2,1,0,Transitional_Phase_2,9,2025,3,686,18000,2,2,3,0
STU_5061,3.27,22,3,8,10-15K,1,3,1,1,0,Transitional_Phase_2,12,2025,4,791,12500,2,1,2,1
STU_5062,3.32,14,4,13,Below 10k,0,3,0,1,0,Transitional_Phase_2,11,2025,4,755,8000,2,1,1,1
STU_5063,3.34,5,3,8,Below 10k,1,3,0,1,0,Transitional_Phase_2,9,2025,3,675,8000,2,1,1,1
STU_5064,2.71,7,7,0,16-20K,1,3,2,1,1,Transitional_Phase_2,9,2025,3,696,18000,2,0,3,0
STU_5065,2.6,8,7,0,10-15K,1,3,1,1,0,Transitional_Phase_2,11,2025,4,745,12500,2,0,2,0
STU_5066,3.33,9,2,6,10-15K,0,3,1,1,1,Transitional_Phase_2,11,2025,4,755,12500,2,1,2,1
STU_5067,3.71,1,4,13,16-20K,1,3,2,2,1,Transitional_Phase_2,12,2025,4,777,18000,2,2,4,1
STU_5068,3.37,3,2,6,Below 10k,0,3,0,1,0,Transitional_Phase_2,12,2025,4,770,8000,2,1,1,1
STU_5069,3.3,5,1,11,10-15K,0,3,1,1,0,Transitional_Phase_2,11,2025,4,744,12500,2,1,2,1
STU_5070,2.55,18,0,15,Below 10k,1,3,0,1,0,Transitional_Phase_2,9,2025,3,676,8000,2,0,1,0
STU_5071,2.83,12,3,8,16-20K,1,3,2,1,1,Transitional_Phase_2,1,2026,1,793,18000,2,0,3,0
STU_5072,3.34,7,7,0,Below 10k,0,3,0,1,0,Transitional_Phase_2,11,2025,4,739,8000,2,1,1,1
STU_5073,3.11,10,7,0,16-20K,0,3,2,1,0,Transitional_Phase_2,12,2025,4,767,18000,2,1,3,1
STU_5074,3.2,12,3,8,10-15K,0,3,1,1,0,Transitional_Phase_2,12,2025,4,790,12500,2,1,2,1
STU_5075,3.48,1,4,13,10-15K,0,3,1,1,0,Transitional_Phase_2,11,2025,4,753,12500,2,2,2,0
STU_5076,2.58,5,1,11,16-20K,1,3,2,1,1,Transitional_Phase_2,10,2025,4,713,18000,2,0,3,0
STU_5077,2.82,18,0,4,Below 10k,0,3,0,1,0,Transitional_Phase_2,1,2026,1,797,8000,2,0,1,0
STU_5078,3.08,0,1,18,10-15K,0,3,1,1,0,Transitional_Phase_2,11,2025,4,743,12500,2,1,2,1
STU_5079,2.46,5,3,8,10-15K,0,3,1,0,0,Transitional_Phase_2,11,2025,4,735,12500,2,0,1,1
STU_5080,3.44,21,0,4,Below 10k,1,3,0,1,0,Transitional_Phase_2,9,2025,3,692,8000,2,2,1,0
STU_5081,3.22,10,2,6,16-20K,1,3,2,1,1,Transitional_Phase_2,1,2026,1,803,18000,2,1,3,1
STU_5082,2.63,17,2,6,16-20K,0,3,2,1,0,Transitional_Phase_2,11,2025,4,735,18000,2,0,3,0
STU_5083,3.18,5,0,16,10-15K,0,3,1,1,0,Transitional_Phase_2,12,2025,4,762,12500,2,1,2,1
STU_5084,2.47,9,0,15,16-20K,0,3,2,0,0,Transitional_Phase_2,12,2025,4,780,18000,2,0,2,1
STU_5085,3.46,14,4,13,16-20K,1,3,2,1,1,Transitional_Phase_2,9,2025,3,671,18000,2,2,3,0
STU_5086,2.37,0,7,0,10-15K,1,3,1,0,1,Transitional_Phase_2,12,2025,4,779,12500,2,0,1,1
STU_5087,3.04,3,2,6,10-15K,0,3,1,1,0,Transitional_Phase_2,12,2025,4,770,12500,2,1,2,1
STU_5088,3.51,11,5,9,16-20K,1,3,2,2,1,Transitional_Phase_2,12,2025,4,769,18000,2,2,4,1
STU_5089,2.76,18,0,15,10-15K,1,3,1,1,1,Transitional_Phase_2,1,2026,1,822,12500,2,0,2,0
STU_5090,3.42,14,4,13,16-20K,0,3,2,1,0,Transitional_Phase_2,12,2025,4,780,18000,2,2,3,0
STU_5091,2.75,4,4,13,10-15K,1,3,1,1,1,Transitional_Phase_2,9,2025,3,675,12500,2,0,2,0
STU_5092,3.15,0,1,18,16-20K,1,3,2,1,1,Transitional_Phase_2,11,2025,4,742,18000,2,1,3,1
STU_5093,3.03,21,0,5,Below 10k,0,3,0,1,0,Transitional_Phase_2,12,2025,4,778,8000,2,1,1,1
STU_5094,3.36,18,0,4,10-15K,1,3,1,1,1,Transitional_Phase_2,10,2025,4,712,12500,2,1,2,1
STU_5095,3.23,13,5,9,10-15K,1,3,1,1,1,Transitional_Phase_2,12,2025,4,776,12500,2,1,2,1
STU_5096,2.95,15,6,1,10-15K,1,3,1,1,1,Transitional_Phase_2,12,2025,4,791,12500,2,0,2,0
STU_5097,3.41,12,6,14,10-15K,0,3,1,1,0,Transitional_Phase_2,11,2025,4,743,12500,2,2,2,0
STU_5098,2.47,12,6,12,Below 10k,0,3,0,0,0,Transitional_Phase_2,10,2025,4,726,8000,2,0,0,1
STU_5099,3.68,22,3,8,16-20K,1,3,2,2,1,Transitional_Phase_2,12,2025,4,771,18000,2,2,4,1
STU_5100,3.06,16,4,13,16-20K,1,3,2,1,1,Transitional_Phase_2,10,2025,4,714,18000,2,1,3,1
STU_5101,2.6,4,4,13,10-15K,0,3,1,1,0,Transitional_Phase_2,11,2025,4,735,12500,2,0,2,0
STU_5102,2.77,9,7,0,16-20K,1,3,2,1,1,Transitional_Phase_2,10,2025,4,711,18000,2,0,3,0
STU_5103,3.21,11,5,9,16-20K,1,3,2,1,1,Transitional_Phase_2,10,2025,4,728,18000,2,1,3,1
STU_5104,3.33,14,4,13,10-15K,0,3,1,1,0,Transitional_Phase_2,9,2025,3,678,12500,2,1,2,1
STU_5105,3.4,2,5,9,10-15K,1,3,1,1,0,Transitional_Phase_2,9,2025,3,687,12500,2,2,2,0
STU_5106,3.4,19,6,10,16-20K,0,3,2,1,0,Transitional_Phase_2,12,2025,4,786,18000,2,2,3,0
STU_5107,3.15,9,2,6,Below 10k,1,3,0,1,1,Transitional_Phase_2,10,2025,4,714,8000,2,1,1,1
STU_5108,3.63,9,7,0,16-20K,0,3,2,2,0,Transitional_Phase_2,9,2025,3,684,18000,2,2,4,1
STU_5109,3.37,6,6,12,Below 10k,0,3,0,1,0,Transitional_Phase_2,11,2025,4,737,8000,2,1,1,1
STU_5110,3.11,16,6,3,Below 10k,0,3,0,1,0,Transitional_Phase_2,12,2025,4,768,8000,2,1,1,1
STU_5111,3.48,14,4,13,10-15K,1,3,1,1,1,Transitional_Phase_2,1,2026,1,796,12500,2,2,2,0
STU_5112,3.23,22,3,8,10-15K,1,3,1,1,1,Transitional_Phase_2,9,2025,3,691,12500,2,1,2,1
STU_5113,3.38,20,1,18,10-15K,0,3,1,1,0,Transitional_Phase_2,10,2025,4,727,12500,2,1,2,1
STU_5114,2.84,10,7,0,10-15K,1,3,1,1,1,Transitional_Phase_2,9,2025,3,681,12500,2,0,2,0
STU_5115,2.59,12,3,8,Below 10k,0,3,0,1,0,Transitional_Phase_2,1,2026,1,798,8000,2,0,1,0
STU_5116,2.89,9,0,4,10-15K,1,3,1,1,1,Transitional_Phase_2,1,2026,1,795,12500,2,0,2,0
STU_5117,3.34,0,7,0,10-15K,1,3,1,1,1,Transitional_Phase_2,9,2025,3,677,12500,2,1,2,1
STU_5118,2.59,10,7,0,10-15K,0,3,1,1,0,Transitional_Phase_2,9,2025,3,686,12500,2,0,2,0
STU_5119,3.68,20,1,11,10-15K,1,3,1,2,1,Transitional_Phase_2,10,2025,4,704,12500,2,2,3,1
STU_5120,3.35,9,2,6,Below 10k,0,3,0,1,0,Transitional_Phase_2,11,2025,4,746,8000,2,1,1,1
STU_5121,3.34,19,6,14,10-15K,1,3,1,1,1,Transitional_Phase_2,11,2025,4,752,12500,2,1,2,1
STU_5122,3.71,10,7,0,16-20K,0,3,2,2,1,Transitional_Phase_2,1,2026,1,798,18000,2,2,4,1
STU_5123,3.3,2,5,9,Below 10k,1,3,0,1,0,Transitional_Phase_2,12,2025,4,766,8000,2,1,1,1
STU_5124,3.32,11,5,9,10-15K,0,3,1,1,0,Transitional_Phase_2,1,2026,1,812,12500,2,1,2,1
STU_5125,2.88,7,3,8,16-20K,1,3,2,1,1,Transitional_Phase_2,9,2025,3,678,18000,2,0,3,0
STU_5126,2.98,4,4,13,Below 10k,1,3,0,1,0,Transitional_Phase_2,10,2025,4,729,8000,2,0,1,0
STU_5127,3.47,12,3,8,16-20K,1,3,2,1,1,Transitional_Phase_2,10,2025,4,724,18000,2,2,3,0
STU_5128,3.49,12,3,8,16-20K,0,3,2,1,0,Transitional_Phase_2,12,2025,4,781,18000,2,2,3,0
STU_5129,3.34,2,5,9,Below 10k,0,3,0,1,0,Transitional_Phase_2,12,2025,4,787,8000,2,1,1,1
STU_5130,3.17,16,4,13,Below 10k,1,3,0,1,0,Transitional_Phase_2,10,2025,4,700,8000,2,1,1,1
STU_5131,2.02,20,1,17,Below 10k,1,3,0,0,1,Transitional_Phase_2,1,2026,1,821,8000,2,0,0,1
STU_5132,3.31,13,5,9,16-20K,1,3,2,1,1,Transitional_Phase_2,9,2025,3,682,18000,2,1,3,1
STU_5133,3.0,13,5,9,16-20K,1,3,2,1,1,Transitional_Phase_2,12,2025,4,770,18000,2,1,3,1
STU_5134,2.77,13,5,9,16-20K,0,3,2,1,0,Transitional_Phase_2,1,2026,1,792,18000,2,0,3,0
STU_5135,2.85,8,7,0,10-15K,1,3,1,1,1,Transitional_Phase_2,10,2025,4,722,12500,2,0,2,0
STU_5136,3.18,21,0,16,10-15K,1,3,1,1,0,Transitional_Phase_2,11,2025,4,760,12500,2,1,2,1
STU_5137,3.45,7,1,11,Below 10k,0,3,0,1,0,Transitional_Phase_2,9,2025,3,678,8000,2,2,1,0
STU_5138,3.42,10,2,6,Below 10k,0,3,0,1,0,Transitional_Phase_2,12,2025,4,771,8000,2,2,1,0
STU_5139,2.28,4,4,13,16-20K,0,3,2,0,0,Transitional_Phase_2,11,2025,4,745,18000,2,0,2,1
STU_5140,3.12,10,2,6,16-20K,0,3,2,1,0,Transitional_Phase_2,9,2025,3,687,18000,2,1,3,1
STU_5141,3.1,9,2,6,16-20K,0,3,2,1,1,Transitional_Phase_2,12,2025,4,769,18000,2,1,3,1
STU_5142,3.19,8,7,0,16-20K,0,3,2,1,0,Transitional_Phase_2,10,2025,4,717,18000,2,1,3,1
STU_5143,3.16,13,5,9,10-15K,1,3,1,1,1,Transitional_Phase_2,1,2026,1,806,12500,2,1,2,1
STU_5144,3.31,5,1,17,10-15K,1,3,1,1,1,Transitional_Phase_2,11,2025,4,733,12500,2,1,2,1
STU_5145,3.14,2,5,9,10-15K,0,3,1,1,0,Transitional_Phase_2,11,2025,4,745,12500,2,1,2,1
STU_5146,2.33,15,6,10,Below 10k,0,3,0,0,0,Transitional_Phase_2,10,2025,4,718,8000,2,0,0,1
STU_5147,3.35,16,4,13,16-20K,1,3,2,1,1,Transitional_Phase_2,11,2025,4,757,18000,2,1,3,1
STU_5148,3.36,2,5,9,16-20K,0,3,2,1,0,Transitional_Phase_2,9,2025,3,680,18000,2,1,3,1
STU_5149,2.55,17,2,6,16-20K,0,3,2,1,0,Transitional_Phase_2,10,2025,4,706,18000,2,0,3,0
STU_5150,3.38,0,1,11,10-15K,0,3,1,1,0,Transitional_Phase_2,10,2025,4,703,12500,2,1,2,1
STU_5151,3.66,0,1,11,16-20K,1,3,2,2,1,Transitional_Phase_2,1,2026,1,817,18000,2,2,4,1
STU_5152,3.25,19,6,12,10-15K,1,3,1,1,1,Transitional_Phase_2,10,2025,4,715,12500,2,1,2,1
STU_5153,2.77,11,5,9,10-15K,1,3,1,1,1,Transitional_Phase_2,9,2025,3,688,12500,2,0,2,0
STU_5154,3.15,16,6,14,16-20K,1,3,2,1,1,Transitional_Phase_2,10,2025,4,730,18000,2,1,3,1
STU_5155,3.23,9,2,6,16-20K,0,3,2,1,0,Transitional_Phase_2,11,2025,4,752,18000,2,1,3,1
STU_5156,2.86,7,7,0,16-20K,1,3,2,1,1,Transitional_Phase_2,11,2025,4,738,18000,2,0,3,0
STU_5157,3.13,1,4,13,16-20K,0,3,2,1,0,Transitional_Phase_2,12,2025,4,782,18000,2,1,3,1
STU_5158,3.18,5,0,16,Below 10k,0,3,0,1,0,Transitional_Phase_2,9,2025,3,688,8000,2,1,1,1
STU_5159,3.41,17,2,6,10-15K,0,3,1,1,0,Transitional_Phase_2,11,2025,4,737,12500,2,2,2,0
STU_5160,2.8,9,7,0,10-15K,1,3,1,1,1,Transitional_Phase_2,12,2025,4,763,12500,2,0,2,0
STU_5161,3.71,19,6,14,10-15K,1,3,1,2,1,Transitional_Phase_2,10,2025,4,718,12500,2,2,3,1
STU_5162,3.17,7,1,11,Below 10k,0,3,0,1,0,Transitional_Phase_2,12,2025,4,791,8000,2,1,1,1
STU_5163,3.44,16,6,12,10-15K,0,3,1,1,0,Transitional_Phase_2,9,2025,3,677,12500,2,2,2,0
STU_5164,3.3,3,2,6,10-15K,1,3,1,1,1,Transitional_Phase_2,11,2025,4,738,12500,2,1,2,1
STU_5165,3.4,19,6,10,Below 10k,1,3,0,1,0,Transitional_Phase_2,1,2026,1,794,8000,2,2,1,0
STU_5166,3.38,12,3,8,10-15K,1,3,1,1,1,Transitional_Phase_2,1,2026,1,807,12500,2,1,2,1
STU_5167,3.38,0,7,0,Below 10k,1,3,0,1,1,Transitional_Phase_2,12,2025,4,772,8000,2,1,1,1
STU_5168,3.28,11,5,9,16-20K,0,3,2,1,0,Transitional_Phase_2,11,2025,4,757,18000,2,1,3,1
STU_5169,3.34,21,0,16,16-20K,1,3,2,1,1,Transitional_Phase_2,1,2026,1,808,18000,2,1,3,1
STU_5170,3.11,1,4,13,Below 10k,1,3,0,1,0,Transitional_Phase_2,10,2025,4,720,8000,2,1,1,1
STU_5171,2.97,4,4,13,10-15K,1,3,1,1,1,Transitional_Phase_2,10,2025,4,703,12500,2,0,2,0
STU_5172,2.67,12,3,8,16-20K,0,3,2,1,1,Transitional_Phase_2,11,2025,4,751,18000,2,0,3,0
STU_5173,3.11,16,4,13,Below 10k,0,3,0,1,0,Transitional_Phase_2,9,2025,3,677,8000,2,1,1,1
STU_5174,3.44,10,7,0,Below 10k,1,3,0,1,0,Transitional_Phase_2,11,2025,4,750,8000,2,2,1,0
STU_5175,3.26,13,5,9,10-15K,1,3,1,1,1,Transitional_Phase_2,9,2025,3,677,12500,2,1,2,1
STU_5176,3.34,3,2,6,10-15K,1,3,1,1,1,Transitional_Phase_2,10,2025,4,706,12500,2,1,2,1
STU_5177,3.27,12,3,8,10-15K,1,3,1,1,1,Transitional_Phase_2,10,2025,4,727,12500,2,1,2,1
STU_5178,3.48,1,4,13,10-15K,0,3,1,1,0,Transitional_Phase_2,12,2025,4,790,12500,2,2,2,0
STU_5179,3.32,17,2,6,10-15K,0,3,1,1,0,Transitional_Phase_2,1,2026,1,796,12500,2,1,2,1
STU_5180,2.83,19,6,1,16-20K,1,3,2,1,1,Transitional_Phase_2,1,2026,1,806,18000,2,0,3,0
STU_5181,3.26,10,7,0,Below 10k,1,3,0,1,1,Transitional_Phase_2,1,2026,1,808,8000,2,1,1,1
STU_5182,3.31,22,3,8,10-15K,0,3,1,1,1,Transitional_Phase_2,11,2025,4,753,12500,2,1,2,1
STU_5183,3.36,7,1,17,Below 10k,0,3,0,1,0,Transitional_Phase_2,1,2026,1,804,8000,2,1,1,1
STU_5184,3.34,10,2,6,16-20K,0,3,2,1,0,Transitional_Phase_2,11,2025,4,735,18000,2,1,3,1
STU_5185,3.32,10,2,6,Below 10k,1,3,0,1,0,Transitional_Phase_2,11,2025,4,738,8000,2,1,1,1
STU_5186,3.23,0,7,0,16-20K,0,3,2,1,0,Transitional_Phase_2,9,2025,3,687,18000,2,1,3,1
STU_5187,2.64,7,7,0,16-20K,1,3,2,1,1,Transitional_Phase_2,9,2025,3,697,18000,2,0,3,0
STU_5188,3.8,8,7,0,16-20K,1,3,2,2,1,Transitional_Phase_2,12,2025,4,764,18000,2,2,4,1
STU_5189,3.21,10,7,0,Below 10k,0,3,0,1,1,Transitional_Phase_2,9,2025,3,697,8000,2,1,1,1
STU_5190,3.18,8,7,0,10-15K,0,3,1,1,0,Transitional_Phase_2,11,2025,4,731,12500,2,1,2,1
STU_5191,3.14,12,3,8,10-15K,1,3,1,1,1,Transitional_Phase_2,9,2025,3,696,12500,2,1,2,1
STU_5192,3.31,7,1,17,Below 10k,0,3,0,1,0,Transitional_Phase_2,11,2025,4,749,8000,2,1,1,1
STU_5193,2.55,10,7,0,10-15K,0,3,1,1,1,Transitional_Phase_2,9,2025,3,695,12500,2,0,2,0
STU_5194,3.04,7,7,0,16-20K,1,3,2,1,1,Transitional_Phase_2,1,2026,1,804,18000,2,1,3,1
STU_5195,3.74,22,3,8,10-15K,0,3,1,2,1,Transitional_Phase_2,1,2026,1,792,12500,2,2,3,1
STU_5196,2.95,9,2,6,Below 10k,1,3,0,1,1,Transitional_Phase_2,1,2026,1,797,8000,2,0,1,0
STU_5197,2.67,12,6,14,16-20K,0,3,2,1,0,Transitional_Phase_2,10,2025,4,707,18000,2,0,3,0
STU_5198,3.26,21,0,15,Below 10k,0,3,0,1,0,Transitional_Phase_2,10,2025,4,718,8000,2,1,1,1
STU_5199,3.17,9,7,0,16-20K,0,3,2,1,0,Transitional_Phase_2,11,2025,4,736,18000,2,1,3,1
STU_5200,3.04,10,2,6,16-20K,0,3,2,1,0,Transitional_Phase_2,12,2025,4,782,18000,2,1,3,1
STU_5201,3.11,6,6,12,10-15K,1,3,1,1,1,Transitional_Phase_2,11,2025,4,738,12500,2,1,2,1
STU_5202,3.33,2,5,9,Below 10k,0,3,0,1,0,Transitional_Phase_2,11,2025,4,735,8000,2,1,1,1
STU_5203,3.23,16,6,1,Below 10k,0,3,0,1,0,Transitional_Phase_2,9,2025,3,690,8000,2,1,1,1
STU_5204,3.44,5,0,2,10-15K,1,3,1,1,1,Transitional_Phase_2,9,2025,3,698,12500,2,2,2,0
STU_5205,2.79,1,4,13,Below 10k,0,3,0,1,0,Transitional_Phase_2,10,2025,4,711,8000,2,0,1,0
STU_5206,3.31,1,4,13,10-15K,1,3,1,1,0,Transitional_Phase_2,1,2026,1,816,12500,2,1,2,1
STU_5207,3.55,9,2,6,Below 10k,1,3,0,2,1,Transitional_Phase_2,11,2025,4,751,8000,2,2,2,1
STU_5208,2.59,12,6,3,16-20K,0,3,2,1,1,Transitional_Phase_2,10,2025,4,719,18000,2,0,3,0
STU_5209,2.73,13,5,9,Below 10k,1,3,0,1,0,Transitional_Phase_2,12,2025,4,784,8000,2,0,1,0
STU_5210,3.18,5,3,8,10-15K,0,3,1,1,0,Transitional_Phase_2,1,2026,1,797,12500,2,1,2,1
STU_5211,3.19,3,2,6,16-20K,0,3,2,1,0,Transitional_Phase_2,11,2025,4,750,18000,2,1,3,1
STU_5212,3.44,6,1,18,Below 10k,0,3,0,1,0,Transitional_Phase_2,1,2026,1,818,8000,2,2,1,0
STU_5213,3.17,2,5,9,Below 10k,0,3,0,1,0,Transitional_Phase_2,12,2025,4,767,8000,2,1,1,1
STU_5214,3.06,17,2,6,16-20K,0,3,2,1,0,Transitional_Phase_2,10,2025,4,711,18000,2,1,3,1
STU_5215,3.37,22,3,8,10-15K,0,3,1,1,1,Transitional_Phase_2,10,2025,4,724,12500,2,1,2,1
STU_5216,3.36,11,5,9,10-15K,0,3,1,1,0,Transitional_Phase_2,12,2025,4,778,12500,2,1,2,1
STU_5217,3.45,1,4,13,10-15K,1,3,1,1,1,Transitional_Phase_2,1,2026,1,806,12500,2,2,2,0
STU_5218,3.44,13,0,2,10-15K,1,3,1,1,1,Transitional_Phase_2,10,2025,4,707,12500,2,2,2,0
STU_5219,2.26,1,4,13,Below 10k,0,3,0,0,0,Transitional_Phase_2,9,2025,3,681,8000,2,0,0,1
STU_5220,3.29,16,4,13,16-20K,1,3,2,1,1,Transitional_Phase_2,11,2025,4,752,18000,2,1,3,1
STU_5221,2.99,22,3,8,10-15K,0,3,1,1,0,Transitional_Phase_2,12,2025,4,771,12500,2,0,2,0
STU_5222,2.63,12,6,1,Below 10k,1,3,0,1,0,Transitional_Phase_2,11,2025,4,748,8000,2,0,1,0
STU_5223,3.45,3,2,6,Below 10k,0,3,0,1,1,Transitional_Phase_2,11,2025,4,751,8000,2,2,1,0
STU_5224,3.19,5,3,8,16-20K,1,3,2,1,1,Transitional_Phase_2,12,2025,4,766,18000,2,1,3,1
STU_5225,3.41,0,1,11,16-20K,0,3,2,1,1,Transitional_Phase_2,1,2026,1,796,18000,2,2,3,0
STU_5226,3.31,5,1,11,Below 10k,1,3,0,1,0,Transitional_Phase_2,11,2025,4,746,8000,2,1,1,1
STU_5227,3.87,5,3,8,10-15K,0,3,1,2,0,Transitional_Phase_2,11,2025,4,743,12500,2,2,3,1
STU_5228,3.13,3,2,6,16-20K,1,3,2,1,1,Transitional_Phase_2,1,2026,1,806,18000,2,1,3,1
STU_5229,3.21,12,3,8,16-20K,1,3,2,1,1,Transitional_Phase_2,11,2025,4,755,18000,2,1,3,1
STU_5230,3.3,5,0,5,Below 10k,1,3,0,1,0,Transitional_Phase_2,1,2026,1,792,8000,2,1,1,1
STU_5231,3.44,3,2,6,Below 10k,0,3,0,1,1,Transitional_Phase_2,1,2026,1,802,8000,2,2,1,0
STU_5232,2.9,7,7,0,10-15K,0,3,1,1,0,Transitional_Phase_2,1,2026,1,802,12500,2,0,2,0
STU_5233,3.36,12,3,8,16-20K,1,3,2,1,1,Transitional_Phase_2,11,2025,4,741,18000,2,1,3,1
STU_5234,3.72,4,4,13,16-20K,1,3,2,2,1,Transitional_Phase_2,12,2025,4,775,18000,2,2,4,1
STU_5235,3.29,5,3,8,10-15K,1,3,1,1,1,Transitional_Phase_2,12,2025,4,790,12500,2,1,2,1
STU_5236,3.49,1,4,13,Below 10k,0,3,0,1,0,Transitional_Phase_2,1,2026,1,794,8000,2,2,1,0
STU_5237,2.54,21,0,5,16-20K,0,3,2,1,0,Transitional_Phase_2,9,2025,3,695,18000,2,0,3,0
STU_5238,2.57,16,6,3,10-15K,0,3,1,1,0,Transitional_Phase_2,1,2026,1,822,12500,2,0,2,0
STU_5239,3.39,9,2,6,10-15K,0,3,1,1,0,Transitional_Phase_2,9,2025,3,697,12500,2,1,2,1
STU_5240,3.24,13,0,4,10-15K,0,3,1,1,0,Transitional_Phase_2,9,2025,3,674,12500,2,1,2,1
STU_5241,3.19,3,2,6,Below 10k,0,3,0,1,0,Transitional_Phase_2,10,2025,4,719,8000,2,1,1,1
STU_5242,2.91,7,3,8,16-20K,1,3,2,1,1,Transitional_Phase_2,1,2026,1,807,18000,2,0,3,0
STU_5243,3.29,17,2,6,Below 10k,1,3,0,1,1,Transitional_Phase_2,11,2025,4,738,8000,2,1,1,1
STU_5244,3.29,0,7,0,10-15K,1,3,1,1,1,Transitional_Phase_2,10,2025,4,714,12500,2,1,2,1
STU_5245,3.21,6,6,14,10-15K,1,3,1,1,1,Transitional_Phase_2,1,2026,1,820,12500,2,1,2,1
STU_5246,3.32,10,7,0,Below 10k,0,3,0,1,0,Transitional_Phase_2,11,2025,4,734,8000,2,1,1,1
STU_5247,3.11,0,1,17,16-20K,1,3,2,1,1,Transitional_Phase_2,12,2025,4,785,18000,2,1,3,1
STU_5248,3.26,10,7,0,16-20K,1,3,2,1,1,Transitional_Phase_2,9,2025,3,671,18000,2,1,3,1
STU_5249,2.8,7,7,0,Below 10k,0,3,0,1,0,Transitional_Phase_2,9,2025,3,685,8000,2,0,1,0
STU_5250,2.75,9,2,6,10-15K,0,3,1,1,0,Transitional_Phase_2,9,2025,3,698,12500,2,0,2,0
STU_5251,3.43,5,1,18,Below 10k,1,3,0,1,0,Transitional_Phase_2,12,2025,4,772,8000,2,2,1,0
STU_5252,3.92,17,2,6,10-15K,1,3,1,2,1,Transitional_Phase_2,12,2025,4,781,12500,2,2,3,1
STU_5253,2.73,9,7,0,10-15K,0,3,1,1,0,Transitional_Phase_2,11,2025,4,737,12500,2,0,2,0
STU_5254,2.23,15,6,14,Below 10k,1,3,0,0,0,Transitional_Phase_2,1,2026,1,792,8000,2,0,0,1
STU_5255,3.14,3,2,6,16-20K,1,3,2,1,1,Transitional_Phase_2,12,2025,4,777,18000,2,1,3,1
STU_5256,3.04,13,0,2,Below 10k,1,3,0,1,0,Transitional_Phase_2,1,2026,1,819,8000,2,1,1,1
STU_5257,3.41,5,0,15,10-15K,0,3,1,1,0,Transitional_Phase_2,12,2025,4,773,12500,2,2,2,0
STU_5258,3.45,9,2,6,Below 10k,0,3,0,1,0,Transitional_Phase_2,1,2026,1,802,8000,2,2,1,0
STU_5259,3.11,5,1,18,10-15K,1,3,1,1,1,Transitional_Phase_2,12,2025,4,766,12500,2,1,2,1
STU_5260,3.29,9,2,6,Below 10k,1,3,0,1,0,Transitional_Phase_2,10,2025,4,714,8000,2,1,1,1
STU_5261,3.17,6,1,11,16-20K,1,3,2,1,1,Transitional_Phase_2,1,2026,1,815,18000,2,1,3,1
STU_5262,3.45,10,7,0,Below 10k,0,3,0,1,0,Transitional_Phase_2,10,2025,4,707,8000,2,2,1,0
STU_5263,3.36,16,6,3,Below 10k,1,3,0,1,0,Transitional_Phase_2,11,2025,4,758,8000,2,1,1,1
STU_5264,3.34,4,4,13,10-15K,1,3,1,1,0,Transitional_Phase_2,11,2025,4,738,12500,2,1,2,1
STU_5265,3.27,21,0,2,Below 10k,1,3,0,1,0,Transitional_Phase_2,11,2025,4,760,8000,2,1,1,1
STU_5266,3.3,13,5,9,16-20K,0,3,2,1,0,Transitional_Phase_2,1,2026,1,800,18000,2,1,3,1
STU_5267,3.19,0,7,0,16-20K,0,3,2,1,0,Transitional_Phase_2,10,2025,4,703,18000,2,1,3,1
STU_5268,3.74,16,6,1,16-20K,0,3,2,2,1,Transitional_Phase_2,10,2025,4,712,18000,2,2,4,1
STU_5269,3.29,7,3,8,16-20K,1,3,2,1,1,Transitional_Phase_2,12,2025,4,783,18000,2,1,3,1
STU_5270,2.89,11,5,9,16-20K,0,3,2,1,0,Transitional_Phase_2,10,2025,4,728,18000,2,0,3,0
STU_5271,3.34,11,5,9,16-20K,1,3,2,1,1,Transitional_Phase_2,9,2025,3,671,18000,2,1,3,1
STU_5272,2.91,1,4,13,16-20K,1,3,2,1,1,Transitional_Phase_2,11,2025,4,733,18000,2,0,3,0
STU_5273,3.88,22,3,8,10-15K,1,3,1,2,1,Transitional_Phase_2,9,2025,3,695,12500,2,2,3,1
STU_5274,3.24,5,3,8,10-15K,0,3,1,1,0,Transitional_Phase_2,11,2025,4,740,12500,2,1,2,1
STU_5275,3.38,10,2,6,Below 10k,1,3,0,1,0,Transitional_Phase_2,11,2025,4,739,8000,2,1,1,1
STU_5276,2.82,11,5,9,16-20K,0,3,2,1,0,Transitional_Phase_2,9,2025,3,695,18000,2,0,3,0
STU_5277,3.17,6,6,1,16-20K,0,3,2,1,1,Transitional_Phase_2,1,2026,1,820,18000,2,1,3,1
STU_5278,3.31,13,5,9,Below 10k,0,3,0,1,0,Transitional_Phase_2,1,2026,1,821,8000,2,1,1,1
STU_5279,3.4,3,2,6,16-20K,1,3,2,1,1,Transitional_Phase_2,1,2026,1,801,18000,2,2,3,0
STU_5280,3.4,7,3,8,16-20K,0,3,2,1,0,Transitional_Phase_2,12,2025,4,785,18000,2,2,3,0
STU_5281,3.62,0,7,0,16-20K,1,3,2,2,1,Transitional_Phase_2,12,2025,4,763,18000,2,2,4,1
STU_5282,3.49,10,7,0,16-20K,1,3,2,1,1,Transitional_Phase_2,10,2025,4,720,18000,2,2,3,0
STU_5283,3.1,11,5,9,10-15K,1,3,1,1,0,Transitional_Phase_2,10,2025,4,728,12500,2,1,2,1
STU_5284,3.56,8,7,0,Below 10k,0,3,0,2,0,Transitional_Phase_2,10,2025,4,724,8000,2,2,2,1
STU_5285,3.51,12,6,14,10-15K,0,3,1,2,0,Transitional_Phase_2,12,2025,4,790,12500,2,2,3,1
STU_5286,3.28,9,7,0,10-15K,1,3,1,1,0,Transitional_Phase_2,9,2025,3,692,12500,2,1,2,1
STU_5287,3.37,0,7,0,10-15K,0,3,1,1,0,Transitional_Phase_2,9,2025,3,690,12500,2,1,2,1
STU_5288,2.69,2,5,9,10-15K,0,3,1,1,0,Transitional_Phase_2,11,2025,4,735,12500,2,0,2,0
STU_5289,3.54,17,2,6,Below 10k,1,3,0,2,0,Transitional_Phase_2,12,2025,4,775,8000,2,2,2,1
STU_5290,3.27,11,5,9,10-15K,0,3,1,1,0,Transitional_Phase_2,10,2025,4,713,12500,2,1,2,1
STU_5291,3.36,6,6,3,16-20K,0,3,2,1,0,Transitional_Phase_2,9,2025,3,681,18000,2,1,3,1
STU_5292,3.27,7,1,17,Below 10k,0,3,0,1,0,Transitional_Phase_2,11,2025,4,760,8000,2,1,1,1
STU_5293,3.16,18,0,15,10-15K,1,3,1,1,1,Transitional_Phase_2,10,2025,4,725,12500,2,1,2,1
STU_5294,3.11,2,5,9,16-20K,1,3,2,1,1,Transitional_Phase_2,12,2025,4,786,18000,2,1,3,1
STU_5295,3.0,9,0,2,Below 10k,0,3,0,1,0,Transitional_Phase_2,12,2025,4,763,8000,2,1,1,1
STU_5296,3.49,9,0,15,Below 10k,0,3,0,1,1,Transitional_Phase_2,12,2025,4,770,8000,2,2,1,0
STU_5297,3.32,5,3,8,Below 10k,0,3,0,1,0,Transitional_Phase_2,12,2025,4,784,8000,2,1,1,1
STU_5298,2.93,5,1,17,16-20K,0,3,2,1,0,Transitional_Phase_2,10,2025,4,728,18000,2,0,3,0
STU_5299,3.21,4,4,13,Below 10k,1,3,0,1,1,Transitional_Phase_2,11,2025,4,756,8000,2,1,1,1
STU_5300,3.19,21,0,15,Below 10k,0,3,0,1,0,Transitional_Phase_2,12,2025,4,771,8000,2,1,1,1
STU_5301,3.32,15,6,1,10-15K,0,3,1,1,0,Transitional_Phase_2,12,2025,4,768,12500,2,1,2,1
STU_5302,3.22,14,4,13,10-15K,1,3,1,1,0,Transitional_Phase_2,10,2025,4,709,12500,2,1,2,1
STU_5303,3.23,9,0,5,16-20K,0,3,2,1,0,Transitional_Phase_2,9,2025,3,674,18000,2,1,3,1
STU_5304,3.49,17,2,6,16-20K,1,3,2,1,1,Transitional_Phase_2,1,2026,1,815,18000,2,2,3,0
STU_5305,2.73,21,0,5,Below 10k,1,3,0,1,0,Transitional_Phase_2,12,2025,4,774,8000,2,0,1,0
STU_5306,3.35,7,3,8,10-15K,0,3,1,1,0,Transitional_Phase_2,11,2025,4,754,12500,2,1,2,1
STU_5307,3.3,7,3,8,16-20K,1,3,2,1,1,Transitional_Phase_2,12,2025,4,779,18000,2,1,3,1
STU_5308,3.23,5,1,11,Below 10k,0,3,0,1,0,Transitional_Phase_2,12,2025,4,784,8000,2,1,1,1
STU_5309,3.05,8,7,0,16-20K,1,3,2,1,1,Transitional_Phase_2,11,2025,4,740,18000,2,1,3,1
STU_5310,3.31,17,2,6,10-15K,0,3,1,1,0,Transitional_Phase_2,12,2025,4,761,12500,2,1,2,1
STU_5311,3.36,4,4,13,Below 10k,1,3,0,1,0,Transitional_Phase_2,10,2025,4,723,8000,2,1,1,1
STU_5312,3.23,19,6,14,16-20K,0,3,2,1,0,Transitional_Phase_2,11,2025,4,733,18000,2,1,3,1
STU_5313,3.2,12,6,12,10-15K,0,3,1,1,0,Transitional_Phase_2,10,2025,4,701,12500,2,1,2,1
STU_5314,3.17,10,2,6,Below 10k,1,3,0,1,0,Transitional_Phase_2,11,2025,4,737,8000,2,1,1,1
STU_5315,2.78,2,5,9,10-15K,1,3,1,1,0,Transitional_Phase_2,11,2025,4,733,12500,2,0,2,0
STU_5316,3.24,13,5,9,10-15K,0,3,1,1,0,Transitional_Phase_2,11,2025,4,743,12500,2,1,2,1
STU_5317,3.11,7,1,11,Below 10k,0,3,0,1,0,Transitional_Phase_2,12,2025,4,772,8000,2,1,1,1
STU_5318,3.18,3,2,6,Below 10k,0,3,0,1,0,Transitional_Phase_2,1,2026,1,803,8000,2,1,1,1
STU_5319,3.46,20,1,11,10-15K,1,3,1,1,1,Transitional_Phase_2,11,2025,4,732,12500,2,2,2,0
STU_5320,3.85,5,3,8,10-15K,1,3,1,2,1,Transitional_Phase_2,11,2025,4,748,12500,2,2,3,1
STU_5321,3.44,10,7,0,10-15K,1,3,1,1,1,Transitional_Phase_2,10,2025,4,715,12500,2,2,2,0
STU_5322,3.19,1,4,13,16-20K,1,3,2,1,1,Transitional_Phase_2,9,2025,3,693,18000,2,1,3,1
STU_5323,3.42,18,0,2,16-20K,1,3,2,1,1,Transitional_Phase_2,9,2025,3,674,18000,2,2,3,0
STU_5324,3.31,11,5,9,16-20K,0,3,2,1,0,Transitional_Phase_2,9,2025,3,681,18000,2,1,3,1
STU_5325,3.36,18,0,5,10-15K,0,3,1,1,0,Transitional_Phase_2,1,2026,1,817,12500,2,1,2,1
STU_5326,3.28,9,2,6,10-15K,1,3,1,1,1,Transitional_Phase_2,11,2025,4,758,12500,2,1,2,1
STU_5327,3.35,7,7,0,10-15K,0,3,1,1,0,Transitional_Phase_2,10,2025,4,723,12500,2,1,2,1
STU_5328,3.18,7,3,8,16-20K,1,3,2,1,1,Transitional_Phase_2,1,2026,1,798,18000,2,1,3,1
STU_5329,3.22,14,4,13,10-15K,0,3,1,1,0,Transitional_Phase_2,10,2025,4,712,12500,2,1,2,1
STU_5330,3.19,0,1,17,10-15K,0,3,1,1,0,Transitional_Phase_2,12,2025,4,775,12500,2,1,2,1
STU_5331,3.18,13,5,9,Below 10k,1,3,0,1,0,Transitional_Phase_2,10,2025,4,723,8000,2,1,1,1
STU_5332,3.35,22,3,8,Below 10k,1,3,0,1,1,Transitional_Phase_2,10,2025,4,730,8000,2,1,1,1
STU_5333,3.11,5,0,15,10-15K,1,3,1,1,1,Transitional_Phase_2,12,2025,4,789,12500,2,1,2,1
STU_5334,2.83,13,5,9,Below 10k,1,3,0,1,0,Transitional_Phase_2,9,2025,3,699,8000,2,0,1,0
STU_5335,3.27,14,4,13,10-15K,1,3,1,1,0,Transitional_Phase_2,9,2025,3,677,12500,2,1,2,1
STU_5336,3.21,10,7,0,16-20K,1,3,2,1,1,Transitional_Phase_2,1,2026,1,820,18000,2,1,3,1
STU_5337,3.91,6,1,17,Below 10k,1,3,0,2,1,Transitional_Phase_2,10,2025,4,703,8000,2,2,2,1
STU_5338,3.26,5,3,8,10-15K,1,3,1,1,1,Transitional_Phase_2,10,2025,4,716,12500,2,1,2,1
STU_5339,3.19,7,3,8,16-20K,0,3,2,1,0,Transitional_Phase_2,1,2026,1,802,18000,2,1,3,1
STU_5340,2.94,22,3,8,Below 10k,0,3,0,1,0,Transitional_Phase_2,12,2025,4,791,8000,2,0,1,0
STU_5341,3.26,9,7,0,Below 10k,0,3,0,1,1,Transitional_Phase_2,12,2025,4,763,8000,2,1,1,1
STU_5342,3.28,20,1,11,16-20K,0,3,2,1,1,Transitional_Phase_2,10,2025,4,728,18000,2,1,3,1
STU_5343,3.35,17,2,6,Below 10k,0,3,0,1,0,Transitional_Phase_2,9,2025,3,688,8000,2,1,1,1
STU_5344,3.51,15,6,12,10-15K,1,3,1,2,1,Transitional_Phase_2,11,2025,4,759,12500,2,2,3,1
STU_5345,3.1,13,5,9,16-20K,1,3,2,1,1,Transitional_Phase_2,11,2025,4,744,18000,2,1,3,1
STU_5346,3.34,12,3,8,10-15K,0,3,1,1,0,Transitional_Phase_2,12,2025,4,788,12500,2,1,2,1
STU_5347,3.11,7,3,8,16-20K,1,3,2,1,1,Transitional_Phase_2,10,2025,4,715,18000,2,1,3,1
STU_5348,3.28,16,6,1,Below 10k,0,3,0,1,1,Transitional_Phase_2,12,2025,4,771,8000,2,1,1,1
STU_5349,3.28,5,1,18,Below 10k,0,3,0,1,0,Transitional_Phase_2,10,2025,4,719,8000,2,1,1,1
STU_5350,3.78,5,1,11,Below 10k,1,3,0,2,1,Transitional_Phase_2,9,2025,3,688,8000,2,2,2,1
STU_5351,3.0,7,3,8,Below 10k,0,3,0,1,1,Transitional_Phase_2,12,2025,4,783,8000,2,1,1,1
STU_5352,3.94,9,0,15,10-15K,1,3,1,2,1,Transitional_Phase_2,12,2025,4,790,12500,2,2,3,1
STU_5353,3.36,21,0,2,10-15K,0,3,1,1,0,Transitional_Phase_2,9,2025,3,678,12500,2,1,2,1
STU_5354,2.92,19,6,10,16-20K,1,3,2,1,1,Transitional_Phase_2,10,2025,4,715,18000,2,0,3,0
STU_5355,2.73,6,6,3,10-15K,0,3,1,1,0,Transitional_Phase_2,1,2026,1,800,12500,2,0,2,0
STU_5356,3.37,9,0,2,10-15K,1,3,1,1,1,Transitional_Phase_2,1,2026,1,816,12500,2,1,2,1
STU_5357,3.26,14,4,13,10-15K,0,3,1,1,0,Transitional_Phase_2,9,2025,3,698,12500,2,1,2,1
STU_5358,2.82,14,4,13,16-20K,0,3,2,1,0,Transitional_Phase_2,12,2025,4,773,18000,2,0,3,0
STU_5359,3.23,15,6,12,Below 10k,0,3,0,1,0,Transitional_Phase_2,9,2025,3,671,8000,2,1,1,1
STU_5360,3.14,7,1,18,16-20K,0,3,2,1,0,Transitional_Phase_2,10,2025,4,728,18000,2,1,3,1
STU_5361,3.73,15,6,12,16-20K,1,3,2,2,1,Transitional_Phase_2,12,2025,4,784,18000,2,2,4,1
STU_5362,3.85,8,7,0,Below 10k,1,3,0,2,0,Transitional_Phase_2,12,2025,4,769,8000,2,2,2,1
STU_5363,3.3,11,5,9,Below 10k,1,3,0,1,0,Transitional_Phase_2,10,2025,4,708,8000,2,1,1,1
STU_5364,3.24,0,7,0,Below 10k,0,3,0,1,0,Transitional_Phase_2,12,2025,4,790,8000,2,1,1,1
STU_5365,3.39,15,6,10,Below 10k,1,3,0,1,0,Transitional_Phase_2,1,2026,1,818,8000,2,1,1,1
STU_5366,2.6,17,2,6,16-20K,0,3,2,1,0,Transitional_Phase_2,1,2026,1,794,18000,2,0,3,0
STU_5367,3.22,19,6,1,10-15K,0,3,1,1,1,Transitional_Phase_2,12,2025,4,785,12500,2,1,2,1
STU_5368,3.31,19,6,14,Below 10k,0,3,0,1,0,Transitional_Phase_2,10,2025,4,728,8000,2,1,1,1
STU_5369,2.68,13,5,9,16-20K,1,3,2,1,1,Transitional_Phase_2,10,2025,4,711,18000,2,0,3,0
STU_5370,2.69,12,3,8,10-15K,1,3,1,1,1,Transitional_Phase_2,10,2025,4,725,12500,2,0,2,0
STU_5371,3.33,18,0,2,10-15K,1,3,1,1,1,Transitional_Phase_2,9,2025,3,674,12500,2,1,2,1
STU_5372,3.31,12,6,3,16-20K,1,3,2,1,1,Transitional_Phase_2,1,2026,1,796,18000,2,1,3,1
STU_5373,3.4,21,0,15,16-20K,0,3,2,1,1,Transitional_Phase_2,10,2025,4,711,18000,2,2,3,0
STU_5374,3.3,6,6,10,10-15K,1,3,1,1,1,Transitional_Phase_2,10,2025,4,715,12500,2,1,2,1
STU_5375,2.96,7,3,8,10-15K,0,3,1,1,0,Transitional_Phase_2,1,2026,1,804,12500,2,0,2,0
STU_5376,3.77,21,0,2,10-15K,1,3,1,2,1,Transitional_Phase_2,10,2025,4,723,12500,2,2,3,1
STU_5377,3.54,5,0,15,16-20K,1,3,2,2,1,Transitional_Phase_2,12,2025,4,762,18000,2,2,4,1
STU_5378,3.27,17,2,6,16-20K,0,3,2,1,1,Transitional_Phase_2,9,2025,3,671,18000,2,1,3,1
STU_5379,3.29,5,3,8,16-20K,1,3,2,1,1,Transitional_Phase_2,1,2026,1,794,18000,2,1,3,1
STU_5380,3.9,16,4,13,Below 10k,0,3,0,2,0,Transitional_Phase_2,9,2025,3,684,8000,2,2,2,1
STU_5381,3.46,17,2,6,16-20K,1,3,2,1,1,Transitional_Phase_2,1,2026,1,812,18000,2,2,3,0
STU_5382,3.42,13,5,9,Below 10k,1,3,0,1,0,Transitional_Phase_2,9,2025,3,686,8000,2,2,1,0
STU_5383,3.47,17,2,6,16-20K,0,3,2,1,0,Transitional_Phase_2,11,2025,4,760,18000,2,2,3,0
STU_5384,2.05,14,4,13,16-20K,1,3,2,0,1,Transitional_Phase_2,1,2026,1,803,18000,2,0,2,1
STU_5385,2.87,5,3,8,16-20K,0,3,2,1,0,Transitional_Phase_2,9,2025,3,676,18000,2,0,3,0
STU_5386,3.21,19,6,14,10-15K,0,3,1,1,0,Transitional_Phase_2,1,2026,1,812,12500,2,1,2,1
STU_5387,2.77,9,2,6,Below 10k,1,3,0,1,1,Transitional_Phase_2,1,2026,1,806,8000,2,0,1,0
STU_5388,3.48,9,2,6,10-15K,0,3,1,1,0,Transitional_Phase_2,1,2026,1,815,12500,2,2,2,0
STU_5389,3.15,11,5,9,16-20K,1,3,2,1,1,Transitional_Phase_2,11,2025,4,753,18000,2,1,3,1
STU_5390,2.77,14,4,13,Below 10k,0,3,0,1,0,Transitional_Phase_2,9,2025,3,681,8000,2,0,1,0
STU_5391,2.66,13,5,9,Below 10k,1,3,0,1,0,Transitional_Phase_2,9,2025,3,670,8000,2,0,1,0
STU_5392,3.41,0,1,11,16-20K,1,3,2,1,1,Transitional_Phase_2,12,2025,4,786,18000,2,2,3,0
STU_5393,3.11,7,3,8,10-15K,1,3,1,1,1,Transitional_Phase_2,10,2025,4,707,12500,2,1,2,1
STU_5394,3.81,19,6,12,10-15K,0,3,1,2,0,Transitional_Phase_2,1,2026,1,812,12500,2,2,3,1
STU_5395,2.66,22,3,8,10-15K,0,3,1,1,0,Transitional_Phase_2,9,2025,3,696,12500,2,0,2,0
STU_5396,3.25,7,3,8,Below 10k,1,3,0,1,0,Transitional_Phase_2,1,2026,1,794,8000,2,1,1,1
STU_5397,3.19,11,5,9,10-15K,1,3,1,1,1,Transitional_Phase_2,1,2026,1,812,12500,2,1,2,1
STU_5398,3.14,7,3,8,16-20K,1,3,2,1,1,Transitional_Phase_2,11,2025,4,733,18000,2,1,3,1
STU_5399,3.4,5,0,4,16-20K,0,3,2,1,0,Transitional_Phase_2,9,2025,3,675,18000,2,2,3,0
STU_5400,3.26,5,0,16,Below 10k,1,3,0,1,0,Transitional_Phase_2,1,2026,1,820,8000,2,1,1,1
STU_5401,3.87,7,7,0,Below 10k,1,3,0,2,1,Transitional_Phase_2,1,2026,1,822,8000,2,2,2,1
STU_5402,3.12,5,1,11,16-20K,0,3,2,1,0,Transitional_Phase_2,9,2025,3,693,18000,2,1,3,1
STU_5403,3.04,9,2,6,10-15K,1,3,1,1,0,Transitional_Phase_2,11,2025,4,747,12500,2,1,2,1
STU_5404,2.61,12,3,8,10-15K,1,3,1,1,1,Transitional_Phase_2,11,2025,4,755,12500,2,0,2,0
STU_5405,2.98,12,6,14,16-20K,0,3,2,1,0,Transitional_Phase_2,12,2025,4,766,18000,2,0,3,0
STU_5406,3.31,0,1,17,Below 10k,1,3,0,1,0,Transitional_Phase_2,11,2025,4,745,8000,2,1,1,1
STU_5407,3.14,9,0,15,Below 10k,0,3,0,1,0,Transitional_Phase_2,11,2025,4,756,8000,2,1,1,1
STU_5408,3.66,14,4,13,Below 10k,0,3,0,2,0,Transitional_Phase_2,11,2025,4,754,8000,2,2,2,1
STU_5409,2.81,5,3,8,10-15K,1,3,1,1,1,Transitional_Phase_2,9,2025,3,693,12500,2,0,2,0
STU_5410,2.82,9,0,5,Below 10k,1,3,0,1,0,Transitional_Phase_2,12,2025,4,785,8000,2,0,1,0
STU_5411,3.62,9,2,6,Below 10k,0,3,0,2,1,Transitional_Phase_2,10,2025,4,714,8000,2,2,2,1
STU_5412,3.47,10,7,0,Below 10k,1,3,0,1,0,Transitional_Phase_2,10,2025,4,708,8000,2,2,1,0
STU_5413,3.25,22,3,8,16-20K,1,3,2,1,1,Transitional_Phase_2,9,2025,3,699,18000,2,1,3,1
STU_5414,3.31,13,5,9,Below 10k,0,3,0,1,0,Transitional_Phase_2,1,2026,1,797,8000,2,1,1,1
STU_5415,2.97,12,3,8,Below 10k,1,3,0,1,0,Transitional_Phase_2,11,2025,4,739,8000,2,0,1,0
STU_5416,2.51,9,2,6,Below 10k,0,3,0,1,0,Transitional_Phase_2,11,2025,4,737,8000,2,0,1,0
STU_5417,3.41,16,6,12,Below 10k,0,3,0,1,0,Transitional_Phase_2,11,2025,4,759,8000,2,2,1,0
STU_5418,2.2,13,5,9,16-20K,0,3,2,0,0,Transitional_Phase_2,1,2026,1,822,18000,2,0,2,1
STU_5419,3.4,13,5,9,Below 10k,1,3,0,1,0,Transitional_Phase_2,12,2025,4,786,8000,2,2,1,0
STU_5420,2.9,11,5,9,10-15K,0,3,1,1,0,Transitional_Phase_2,9,2025,3,695,12500,2,0,2,0
STU_5421,2.44,2,5,9,16-20K,1,3,2,0,1,Transitional_Phase_2,9,2025,3,691,18000,2,0,2,1
STU_5422,3.32,3,2,6,10-15K,0,3,1,1,0,Transitional_Phase_2,9,2025,3,689,12500,2,1,2,1
STU_5423,3.32,17,2,6,10-15K,1,3,1,1,1,Transitional_Phase_2,1,2026,1,793,12500,2,1,2,1
STU_5424,3.17,7,7,0,Below 10k,1,3,0,1,0,Transitional_Phase_2,10,2025,4,725,8000,2,1,1,1
STU_5425,3.86,13,0,16,16-20K,0,3,2,2,1,Transitional_Phase_2,10,2025,4,719,18000,2,2,4,1
STU_5426,3.29,0,1,18,10-15K,0,3,1,1,0,Transitional_Phase_2,11,2025,4,752,12500,2,1,2,1
STU_5427,3.44,14,4,13,10-15K,1,3,1,1,1,Transitional_Phase_2,1,2026,1,806,12500,2,2,2,0
STU_5428,3.04,9,7,0,Below 10k,0,3,0,1,0,Transitional_Phase_2,12,2025,4,761,8000,2,1,1,1
STU_5429,3.59,12,6,1,Below 10k,1,3,0,2,0,Transitional_Phase_2,12,2025,4,777,8000,2,2,2,1
STU_5430,3.19,9,2,6,16-20K,0,3,2,1,0,Transitional_Phase_2,10,2025,4,716,18000,2,1,3,1
STU_5431,3.22,5,0,2,16-20K,1,3,2,1,1,Transitional_Phase_2,11,2025,4,757,18000,2,1,3,1
STU_5432,3.45,10,2,6,Below 10k,0,3,0,1,0,Transitional_Phase_2,10,2025,4,701,8000,2,2,1,0
STU_5433,3.36,1,4,13,10-15K,0,3,1,1,0,Transitional_Phase_2,11,2025,4,749,12500,2,1,2,1
STU_5434,2.74,12,6,1,16-20K,1,3,2,1,1,Transitional_Phase_2,10,2025,4,718,18000,2,0,3,0
STU_5435,3.18,8,7,0,Below 10k,1,3,0,1,1,Transitional_Phase_2,11,2025,4,747,8000,2,1,1,1
STU_5436,2.03,3,2,6,Below 10k,1,3,0,0,0,Transitional_Phase_2,1,2026,1,815,8000,2,0,0,1
STU_5437,2.96,1,4,13,Below 10k,0,3,0,1,0,Transitional_Phase_2,11,2025,4,733,8000,2,0,1,0
STU_5438,3.35,18,0,16,10-15K,1,3,1,1,1,Transitional_Phase_2,12,2025,4,778,12500,2,1,2,1
STU_5439,3.45,7,7,0,Below 10k,1,3,0,1,0,Transitional_Phase_2,11,2025,4,732,8000,2,2,1,0
STU_5440,3.33,10,7,0,10-15K,1,3,1,1,0,Transitional_Phase_2,12,2025,4,780,12500,2,1,2,1
STU_5441,3.43,16,4,13,Below 10k,1,3,0,1,0,Transitional_Phase_2,9,2025,3,693,8000,2,2,1,0
STU_5442,2.75,7,1,11,Below 10k,1,3,0,1,0,Transitional_Phase_2,10,2025,4,703,8000,2,0,1,0
STU_5443,3.41,9,2,6,16-20K,0,3,2,1,1,Transitional_Phase_2,10,2025,4,719,18000,2,2,3,0
STU_5444,3.36,20,1,17,16-20K,1,3,2,1,1,Transitional_Phase_2,10,2025,4,704,18000,2,1,3,1
STU_5445,2.6,2,5,9,Below 10k,0,3,0,1,0,Transitional_Phase_2,10,2025,4,709,8000,2,0,1,0
STU_5446,3.39,16,4,13,Below 10k,0,3,0,1,1,Transitional_Phase_2,1,2026,1,815,8000,2,1,1,1
STU_5447,2.8,12,3,8,10-15K,1,3,1,1,0,Transitional_Phase_2,10,2025,4,705,12500,2,0,2,0
STU_5448,3.47,14,4,13,16-20K,1,3,2,1,1,Transitional_Phase_2,1,2026,1,814,18000,2,2,3,0
STU_5449,2.9,17,2,6,16-20K,0,3,2,1,0,Transitional_Phase_2,12,2025,4,790,18000,2,0,3,0
STU_5450,3.03,13,0,4,Below 10k,1,3,0,1,0,Transitional_Phase_2,12,2025,4,787,8000,2,1,1,1
STU_5451,3.38,2,5,9,10-15K,1,3,1,1,1,Transitional_Phase_2,11,2025,4,738,12500,2,1,2,1
STU_5452,3.23,5,0,16,Below 10k,0,3,0,1,1,Transitional_Phase_2,11,2025,4,739,8000,2,1,1,1
STU_5453,3.2,7,7,0,Below 10k,1,3,0,1,0,Transitional_Phase_2,1,2026,1,814,8000,2,1,1,1
STU_5454,3.36,6,6,14,16-20K,0,3,2,1,0,Transitional_Phase_2,9,2025,3,675,18000,2,1,3,1
STU_5455,3.05,13,0,16,Below 10k,0,3,0,1,0,Transitional_Phase_2,1,2026,1,802,8000,2,1,1,1
STU_5456,3.39,5,1,17,Below 10k,1,3,0,1,0,Transitional_Phase_2,12,2025,4,765,8000,2,1,1,1
STU_5457,3.36,5,0,15,16-20K,1,3,2,1,1,Transitional_Phase_2,1,2026,1,822,18000,2,1,3,1
STU_5458,3.34,18,0,16,16-20K,0,3,2,1,0,Transitional_Phase_2,9,2025,3,676,18000,2,1,3,1
STU_5459,3.34,13,5,9,16-20K,1,3,2,1,1,Transitional_Phase_2,12,2025,4,762,18000,2,1,3,1
STU_5460,2.73,15,6,12,10-15K,1,3,1,1,1,Transitional_Phase_2,12,2025,4,791,12500,2,0,2,0
STU_5461,3.36,0,7,0,16-20K,1,3,2,1,1,Transitional_Phase_2,12,2025,4,765,18000,2,1,3,1
STU_5462,3.44,5,1,11,Below 10k,1,3,0,1,0,Transitional_Phase_2,10,2025,4,722,8000,2,2,1,0
STU_5463,3.14,7,7,0,Below 10k,1,3,0,1,0,Transitional_Phase_2,10,2025,4,724,8000,2,1,1,1
STU_5464,3.45,13,5,9,10-15K,0,3,1,1,0,Transitional_Phase_2,1,2026,1,814,12500,2,2,2,0
STU_5465,2.7,0,1,17,Below 10k,1,3,0,1,0,Transitional_Phase_2,1,2026,1,794,8000,2,0,1,0
STU_5466,3.92,13,0,4,10-15K,1,3,1,2,1,Transitional_Phase_2,1,2026,1,818,12500,2,2,3,1
STU_5467,3.92,6,6,10,16-20K,0,3,2,2,0,Transitional_Phase_2,10,2025,4,730,18000,2,2,4,1
STU_5468,3.04,10,7,0,10-15K,1,3,1,1,1,Transitional_Phase_2,1,2026,1,800,12500,2,1,2,1
STU_5469,2.67,16,4,13,10-15K,0,3,1,1,0,Transitional_Phase_2,10,2025,4,724,12500,2,0,2,0
STU_5470,3.3,5,1,11,10-15K,0,3,1,1,0,Transitional_Phase_2,9,2025,3,682,12500,2,1,2,1
STU_5471,3.45,5,0,4,Below 10k,1,3,0,1,0,Transitional_Phase_2,1,2026,1,793,8000,2,2,1,0
STU_5472,3.28,20,1,17,16-20K,1,3,2,1,1,Transitional_Phase_2,1,2026,1,793,18000,2,1,3,1
STU_5473,2.67,20,1,11,Below 10k,1,3,0,1,0,Transitional_Phase_2,10,2025,4,723,8000,2,0,1,0
STU_5474,3.23,7,3,8,Below 10k,0,3,0,1,0,Transitional_Phase_2,1,2026,1,805,8000,2,1,1,1
STU_5475,3.16,8,7,0,16-20K,1,3,2,1,1,Transitional_Phase_2,10,2025,4,703,18000,2,1,3,1
STU_5476,3.33,6,1,11,16-20K,1,3,2,1,1,Transitional_Phase_2,12,2025,4,784,18000,2,1,3,1
STU_5477,2.63,9,2,6,16-20K,1,3,2,1,1,Transitional_Phase_2,10,2025,4,710,18000,2,0,3,0
STU_5478,2.67,18,0,5,10-15K,1,3,1,1,1,Transitional_Phase_2,1,2026,1,813,12500,2,0,2,0
STU_5479,3.36,7,3,8,Below 10k,1,3,0,1,1,Transitional_Phase_2,11,2025,4,745,8000,2,1,1,1
STU_5480,3.17,19,6,14,10-15K,0,3,1,1,0,Transitional_Phase_2,10,2025,4,723,12500,2,1,2,1
STU_5481,3.38,14,4,13,10-15K,0,3,1,1,0,Transitional_Phase_2,12,2025,4,791,12500,2,1,2,1
STU_5482,2.96,4,4,13,16-20K,0,3,2,1,0,Transitional_Phase_2,9,2025,3,699,18000,2,0,3,0
STU_5483,3.19,20,1,17,Below 10k,0,3,0,1,1,Transitional_Phase_2,10,2025,4,730,8000,2,1,1,1
STU_5484,3.38,5,3,8,10-15K,0,3,1,1,0,Transitional_Phase_2,9,2025,3,690,12500,2,1,2,1
STU_5485,2.73,7,7,0,16-20K,1,3,2,1,1,Transitional_Phase_2,1,2026,1,818,18000,2,0,3,0
STU_5486,3.31,6,6,1,10-15K,0,3,1,1,1,Transitional_Phase_2,12,2025,4,765,12500,2,1,2,1
STU_5487,3.1,22,3,8,10-15K,1,3,1,1,1,Transitional_Phase_2,12,2025,4,769,12500,2,1,2,1
STU_5488,3.36,8,7,0,16-20K,1,3,2,1,1,Transitional_Phase_2,1,2026,1,809,18000,2,1,3,1
STU_5489,2.57,16,6,10,16-20K,1,3,2,1,1,Transitional_Phase_2,10,2025,4,710,18000,2,0,3,0
STU_5490,3.29,3,2,6,Below 10k,0,3,0,1,0,Transitional_Phase_2,1,2026,1,810,8000,2,1,1,1
STU_5491,3.4,3,2,6,16-20K,0,3,2,1,0,Transitional_Phase_2,9,2025,3,671,18000,2,2,3,0
STU_5492,3.36,7,1,17,10-15K,0,3,1,1,0,Transitional_Phase_2,10,2025,4,718,12500,2,1,2,1
STU_5493,3.13,0,7,0,10-15K,0,3,1,1,0,Transitional_Phase_2,1,2026,1,815,12500,2,1,2,1
STU_5494,3.73,5,1,17,Below 10k,0,3,0,2,0,Transitional_Phase_2,1,2026,1,797,8000,2,2,2,1
STU_5495,3.55,15,6,14,10-15K,0,3,1,2,0,Transitional_Phase_2,1,2026,1,809,12500,2,2,3,1
STU_5496,3.26,8,7,0,10-15K,1,3,1,1,1,Transitional_Phase_2,12,2025,4,765,12500,2,1,2,1
STU_5497,3.17,15,6,10,Below 10k,0,3,0,1,0,Transitional_Phase_2,11,2025,4,740,8000,2,1,1,1
STU_5498,3.11,5,0,2,16-20K,1,3,2,1,1,Transitional_Phase_2,1,2026,1,807,18000,2,1,3,1
STU_5499,3.07,2,5,9,10-15K,1,3,1,1,1,Transitional_Phase_2,11,2025,4,740,12500,2,1,2,1
STU_5500,2.57,15,6,3,Below 10k,0,3,0,1,0,Transitional_Phase_2,1,2026,1,822,8000,2,0,1,0
STU_5501,3.44,12,6,1,10-15K,1,3,1,1,1,Transitional_Phase_2,1,2026,1,803,12500,2,2,2,0
STU_5502,2.66,9,7,0,Below 10k,1,3,0,1,0,Transitional_Phase_2,9,2025,3,680,8000,2,0,1,0
STU_5503,3.41,17,2,6,10-15K,1,3,1,1,0,Transitional_Phase_2,10,2025,4,704,12500,2,2,2,0
STU_5504,2.3,5,0,15,16-20K,1,3,2,0,1,Transitional_Phase_2,12,2025,4,784,18000,2,0,2,1
STU_5505,3.41,9,0,16,16-20K,0,3,2,1,0,Transitional_Phase_2,12,2025,4,775,18000,2,2,3,0
STU_5506,3.45,3,2,6,16-20K,1,3,2,1,1,Transitional_Phase_2,11,2025,4,737,18000,2,2,3,0
STU_5507,3.43,5,1,17,10-15K,1,3,1,1,1,Transitional_Phase_2,11,2025,4,732,12500,2,2,2,0
STU_5508,3.24,6,6,14,16-20K,1,3,2,1,1,Transitional_Phase_2,1,2026,1,821,18000,2,1,3,1
STU_5509,3.46,22,3,8,Below 10k,0,3,0,1,0,Transitional_Phase_2,10,2025,4,704,8000,2,2,1,0
STU_5510,3.95,18,0,5,16-20K,1,3,2,2,1,Transitional_Phase_2,10,2025,4,725,18000,2,2,4,1
STU_5511,3.15,3,2,6,10-15K,1,3,1,1,1,Transitional_Phase_2,11,2025,4,750,12500,2,1,2,1
STU_5512,2.86,11,5,9,16-20K,0,3,2,1,0,Transitional_Phase_2,10,2025,4,712,18000,2,0,3,0
STU_5513,3.48,5,3,8,Below 10k,0,3,0,1,0,Transitional_Phase_2,11,2025,4,737,8000,2,2,1,0
STU_5514,2.87,11,5,9,16-20K,0,3,2,1,0,Transitional_Phase_2,10,2025,4,715,18000,2,0,3,0
STU_5515,2.84,9,0,5,10-15K,1,3,1,1,1,Transitional_Phase_2,10,2025,4,727,12500,2,0,2,0
STU_5516,2.53,3,2,6,Below 10k,1,3,0,1,0,Transitional_Phase_2,12,2025,4,766,8000,2,0,1,0
STU_5517,2.86,6,6,1,Below 10k,0,3,0,1,0,Transitional_Phase_2,9,2025,3,690,8000,2,0,1,0
STU_5518,3.4,6,1,18,Below 10k,1,3,0,1,0,Transitional_Phase_2,11,2025,4,757,8000,2,2,1,0
STU_5519,2.39,1,4,13,Below 10k,1,3,0,0,0,Transitional_Phase_2,10,2025,4,711,8000,2,0,0,1
STU_5520,2.65,15,6,3,Below 10k,1,3,0,1,1,Transitional_Phase_2,12,2025,4,778,8000,2,0,1,0
STU_5521,3.11,16,4,13,Below 10k,1,3,0,1,0,Transitional_Phase_2,11,2025,4,755,8000,2,1,1,1
STU_5522,3.16,11,5,9,Below 10k,1,3,0,1,0,Transitional_Phase_2,1,2026,1,794,8000,2,1,1,1
STU_5523,3.21,12,6,14,10-15K,1,3,1,1,1,Transitional_Phase_2,10,2025,4,715,12500,2,1,2,1
STU_5524,3.25,16,4,13,Below 10k,1,3,0,1,0,Transitional_Phase_2,9,2025,3,695,8000,2,1,1,1
STU_5525,3.11,17,2,6,Below 10k,0,3,0,1,0,Transitional_Phase_2,1,2026,1,810,8000,2,1,1,1
STU_5526,3.24,13,5,9,Below 10k,1,3,0,1,0,Transitional_Phase_2,12,2025,4,790,8000,2,1,1,1
STU_5527,3.34,4,4,13,Below 10k,1,3,0,1,0,Transitional_Phase_2,12,2025,4,785,8000,2,1,1,1
STU_5528,3.1,7,1,11,Below 10k,1,3,0,1,1,Transitional_Phase_2,10,2025,4,723,8000,2,1,1,1
STU_5529,3.3,12,3,8,10-15K,0,3,1,1,0,Transitional_Phase_2,12,2025,4,773,12500,2,1,2,1
STU_5530,3.7,9,0,5,16-20K,1,3,2,2,1,Transitional_Phase_2,11,2025,4,753,18000,2,2,4,1
STU_5531,3.67,16,4,13,16-20K,0,3,2,2,0,Transitional_Phase_2,9,2025,3,686,18000,2,2,4,1
STU_5532,3.37,5,3,8,Below 10k,0,3,0,1,0,Transitional_Phase_2,11,2025,4,736,8000,2,1,1,1
STU_5533,2.34,6,1,17,16-20K,0,3,2,0,1,Transitional_Phase_2,11,2025,4,744,18000,2,0,2,1
STU_5534,3.15,13,5,9,Below 10k,0,3,0,1,0,Transitional_Phase_2,11,2025,4,741,8000,2,1,1,1
STU_5535,3.49,16,6,14,16-20K,1,3,2,1,1,Transitional_Phase_2,12,2025,4,775,18000,2,2,3,0
STU_5536,3.32,13,5,9,10-15K,1,3,1,1,1,Transitional_Phase_2,10,2025,4,704,12500,2,1,2,1
STU_5537,3.22,9,7,0,16-20K,1,3,2,1,1,Transitional_Phase_2,9,2025,3,694,18000,2,1,3,1
STU_5538,2.51,20,1,18,Below 10k,1,3,0,1,0,Transitional_Phase_2,11,2025,4,756,8000,2,0,1,0
STU_5539,2.58,22,3,8,10-15K,1,3,1,1,1,Transitional_Phase_2,11,2025,4,748,12500,2,0,2,0
STU_5540,3.43,5,3,8,16-20K,0,3,2,1,0,Transitional_Phase_2,12,2025,4,790,18000,2,2,3,0
STU_5541,3.13,16,4,13,Below 10k,0,3,0,1,0,Transitional_Phase_2,11,2025,4,743,8000,2,1,1,1
STU_5542,3.2,4,4,13,10-15K,1,3,1,1,0,Transitional_Phase_2,10,2025,4,713,12500,2,1,2,1
STU_5543,3.58,11,5,9,16-20K,1,3,2,2,1,Transitional_Phase_2,1,2026,1,814,18000,2,2,4,1
STU_5544,3.49,16,4,13,Below 10k,1,3,0,1,0,Transitional_Phase_2,10,2025,4,726,8000,2,2,1,0
STU_5545,3.32,9,0,4,Below 10k,1,3,0,1,0,Transitional_Phase_2,10,2025,4,715,8000,2,1,1,1
STU_5546,3.26,2,5,9,Below 10k,0,3,0,1,0,Transitional_Phase_2,9,2025,3,676,8000,2,1,1,1
STU_5547,3.28,8,7,0,10-15K,0,3,1,1,0,Transitional_Phase_2,1,2026,1,798,12500,2,1,2,1
STU_5548,3.69,7,1,18,16-20K,1,3,2,2,1,Transitional_Phase_2,9,2025,3,685,18000,2,2,4,1
STU_5549,3.42,16,4,13,16-20K,0,3,2,1,0,Transitional_Phase_2,10,2025,4,716,18000,2,2,3,0
STU_5550,3.38,9,7,0,10-15K,0,3,1,1,0,Transitional_Phase_2,9,2025,3,670,12500,2,1,2,1
STU_5551,3.36,20,1,17,Below 10k,1,3,0,1,0,Transitional_Phase_2,11,2025,4,754,8000,2,1,1,1
STU_5552,3.48,2,5,9,16-20K,1,3,2,1,1,Transitional_Phase_2,12,2025,4,773,18000,2,2,3,0
STU_5553,3.28,2,5,9,10-15K,0,3,1,1,0,Transitional_Phase_2,1,2026,1,809,12500,2,1,2,1
STU_5554,3.39,5,1,17,10-15K,1,3,1,1,1,Transitional_Phase_2,1,2026,1,817,12500,2,1,2,1
STU_5555,2.61,22,3,8,10-15K,0,3,1,1,0,Transitional_Phase_2,10,2025,4,701,12500,2,0,2,0
STU_5556,3.48,13,5,9,10-15K,1,3,1,1,1,Transitional_Phase_2,1,2026,1,806,12500,2,2,2,0
STU_5557,3.52,18,0,16,10-15K,1,3,1,2,1,Transitional_Phase_2,1,2026,1,817,12500,2,2,3,1
STU_5558,3.63,2,5,9,16-20K,1,3,2,2,1,Transitional_Phase_2,12,2025,4,784,18000,2,2,4,1
STU_5559,3.26,9,7,0,16-20K,1,3,2,1,1,Transitional_Phase_2,11,2025,4,758,18000,2,1,3,1
STU_5560,3.4,2,5,9,16-20K,1,3,2,1,1,Transitional_Phase_2,9,2025,3,694,18000,2,2,3,0
STU_5561,3.11,13,0,5,Below 10k,1,3,0,1,0,Transitional_Phase_2,9,2025,3,670,8000,2,1,1,1
STU_5562,2.51,9,0,4,Below 10k,1,3,0,1,1,Transitional_Phase_2,10,2025,4,713,8000,2,0,1,0
STU_5563,3.71,3,2,6,10-15K,1,3,1,2,1,Transitional_Phase_2,11,2025,4,738,12500,2,2,3,1
STU_5564,3.23,16,6,14,16-20K,0,3,2,1,0,Transitional_Phase_2,1,2026,1,792,18000,2,1,3,1
STU_5565,2.84,13,5,9,10-15K,0,3,1,1,0,Transitional_Phase_2,1,2026,1,806,12500,2,0,2,0
STU_5566,3.22,17,2,6,16-20K,1,3,2,1,1,Transitional_Phase_2,10,2025,4,715,18000,2,1,3,1
STU_5567,3.13,10,2,6,16-20K,0,3,2,1,0,Transitional_Phase_2,9,2025,3,686,18000,2,1,3,1
STU_5568,3.16,19,6,14,Below 10k,1,3,0,1,0,Transitional_Phase_2,11,2025,4,750,8000,2,1,1,1
STU_5569,3.29,10,2,6,16-20K,0,3,2,1,0,Transitional_Phase_2,12,2025,4,787,18000,2,1,3,1
STU_5570,3.38,10,7,0,10-15K,0,3,1,1,0,Transitional_Phase_2,1,2026,1,812,12500,2,1,2,1
STU_5571,3.6,9,7,0,10-15K,0,3,1,2,0,Transitional_Phase_2,12,2025,4,764,12500,2,2,3,1
STU_5572,2.71,8,7,0,Below 10k,0,3,0,1,0,Transitional_Phase_2,12,2025,4,763,8000,2,0,1,0
STU_5573,2.02,6,6,12,16-20K,1,3,2,0,1,Transitional_Phase_2,10,2025,4,713,18000,2,0,2,1
STU_5574,3.38,6,1,18,Below 10k,0,3,0,1,0,Transitional_Phase_2,10,2025,4,724,8000,2,1,1,1
STU_5575,2.66,9,7,0,16-20K,1,3,2,1,1,Transitional_Phase_2,11,2025,4,737,18000,2,0,3,0
STU_5576,3.46,0,7,0,10-15K,1,3,1,1,1,Transitional_Phase_2,10,2025,4,730,12500,2,2,2,0
STU_5577,3.14,1,4,13,Below 10k,0,3,0,1,0,Transitional_Phase_2,10,2025,4,719,8000,2,1,1,1
STU_5578,3.28,5,3,8,16-20K,0,3,2,1,0,Transitional_Phase_2,1,2026,1,806,18000,2,1,3,1
STU_5579,3.45,13,0,16,Below 10k,0,3,0,1,0,Transitional_Phase_2,9,2025,3,695,8000,2,2,1,0
STU_5580,3.18,21,0,16,Below 10k,0,3,0,1,0,Transitional_Phase_2,1,2026,1,803,8000,2,1,1,1
STU_5581,2.94,12,3,8,Below 10k,0,3,0,1,0,Transitional_Phase_2,10,2025,4,706,8000,2,0,1,0
STU_5582,3.17,13,0,15,10-15K,0,3,1,1,0,Transitional_Phase_2,12,2025,4,763,12500,2,1,2,1
STU_5583,2.62,16,6,10,16-20K,0,3,2,1,0,Transitional_Phase_2,10,2025,4,717,18000,2,0,3,0
STU_5584,3.44,1,4,13,16-20K,0,3,2,1,0,Transitional_Phase_2,10,2025,4,702,18000,2,2,3,0
STU_5585,3.78,9,7,0,Below 10k,1,3,0,2,0,Transitional_Phase_2,1,2026,1,812,8000,2,2,2,1
STU_5586,3.3,22,3,8,10-15K,0,3,1,1,0,Transitional_Phase_2,9,2025,3,670,12500,2,1,2,1
STU_5587,3.31,22,3,8,10-15K,1,3,1,1,1,Transitional_Phase_2,11,2025,4,738,12500,2,1,2,1
STU_5588,3.3,3,2,6,16-20K,1,3,2,1,1,Transitional_Phase_2,9,2025,3,674,18000,2,1,3,1
STU_5589,3.23,9,0,15,10-15K,1,3,1,1,1,Transitional_Phase_2,12,2025,4,761,12500,2,1,2,1
STU_5590,3.88,2,5,9,Below 10k,0,3,0,2,0,Transitional_Phase_2,9,2025,3,671,8000,2,2,2,1
STU_5591,3.43,16,4,13,Below 10k,1,3,0,1,0,Transitional_Phase_2,10,2025,4,721,8000,2,2,1,0
STU_5592,3.46,9,7,0,16-20K,1,3,2,1,1,Transitional_Phase_2,12,2025,4,767,18000,2,2,3,0
STU_5593,3.03,9,7,0,Below 10k,0,3,0,1,0,Transitional_Phase_2,1,2026,1,793,8000,2,1,1,1
STU_5594,3.33,0,7,0,16-20K,1,3,2,1,1,Transitional_Phase_2,10,2025,4,705,18000,2,1,3,1
STU_5595,3.2,14,4,13,10-15K,1,3,1,1,1,Transitional_Phase_2,10,2025,4,715,12500,2,1,2,1
STU_5596,2.79,9,2,6,10-15K,1,3,1,1,1,Transitional_Phase_2,9,2025,3,695,12500,2,0,2,0
STU_5597,3.24,5,3,8,10-15K,0,3,1,1,0,Transitional_Phase_2,11,2025,4,732,12500,2,1,2,1
STU_5598,3.25,10,7,0,10-15K,0,3,1,1,1,Transitional_Phase_2,10,2025,4,718,12500,2,1,2,1
STU_5599,3.16,4,4,13,10-15K,0,3,1,1,0,Transitional_Phase_2,11,2025,4,756,12500,2,1,2,1
STU_5600,3.17,7,3,8,10-15K,1,3,1,1,0,Transitional_Phase_2,12,2025,4,766,12500,2,1,2,1
STU_5601,3.4,5,1,18,Below 10k,0,3,0,1,0,Transitional_Phase_2,9,2025,3,699,8000,2,2,1,0
STU_5602,3.34,15,6,14,10-15K,1,3,1,1,1,Transitional_Phase_2,12,2025,4,778,12500,2,1,2,1
STU_5603,3.14,4,4,13,Below 10k,0,3,0,1,0,Transitional_Phase_2,12,2025,4,779,8000,2,1,1,1
STU_5604,3.54,2,5,9,10-15K,1,3,1,2,1,Transitional_Phase_2,12,2025,4,776,12500,2,2,3,1
STU_5605,2.62,7,7,0,16-20K,0,3,2,1,0,Transitional_Phase_2,1,2026,1,797,18000,2,0,3,0
STU_5606,3.28,16,4,13,Below 10k,0,3,0,1,0,Transitional_Phase_2,11,2025,4,755,8000,2,1,1,1
STU_5607,3.89,11,5,9,10-15K,1,3,1,2,1,Transitional_Phase_2,1,2026,1,799,12500,2,2,3,1
STU_5608,3.53,15,6,12,Below 10k,0,3,0,2,0,Transitional_Phase_2,11,2025,4,748,8000,2,2,2,1
STU_5609,3.34,7,3,8,10-15K,0,3,1,1,0,Transitional_Phase_2,10,2025,4,704,12500,2,1,2,1
STU_5610,3.18,7,7,0,10-15K,1,3,1,1,0,Transitional_Phase_2,9,2025,3,697,12500,2,1,2,1
STU_5611,3.06,7,3,8,16-20K,1,3,2,1,1,Transitional_Phase_2,10,2025,4,703,18000,2,1,3,1
STU_5612,3.39,20,1,17,16-20K,1,3,2,1,1,Transitional_Phase_2,10,2025,4,720,18000,2,1,3,1
STU_5613,3.79,7,7,0,Below 10k,1,3,0,2,0,Transitional_Phase_2,12,2025,4,789,8000,2,2,2,1
STU_5614,3.38,13,5,9,16-20K,0,3,2,1,1,Transitional_Phase_2,11,2025,4,758,18000,2,1,3,1
STU_5615,3.26,16,4,13,10-15K,0,3,1,1,1,Transitional_Phase_2,12,2025,4,776,12500,2,1,2,1
STU_5616,3.12,13,0,15,16-20K,1,3,2,1,1,Transitional_Phase_2,1,2026,1,800,18000,2,1,3,1
STU_5617,3.21,15,6,10,10-15K,0,3,1,1,0,Transitional_Phase_2,12,2025,4,787,12500,2,1,2,1
STU_5618,3.85,11,5,9,16-20K,0,3,2,2,0,Transitional_Phase_2,10,2025,4,718,18000,2,2,4,1
STU_5619,3.2,7,7,0,Below 10k,1,3,0,1,0,Transitional_Phase_2,12,2025,4,774,8000,2,1,1,1
STU_5620,3.33,18,0,15,Below 10k,0,3,0,1,0,Transitional_Phase_2,9,2025,3,677,8000,2,1,1,1
STU_5621,3.15,1,4,13,16-20K,1,3,2,1,1,Transitional_Phase_2,10,2025,4,726,18000,2,1,3,1
STU_5622,2.81,19,6,10,10-15K,1,3,1,1,1,Transitional_Phase_2,10,2025,4,716,12500,2,0,2,0
STU_5623,3.48,16,6,10,Below 10k,0,3,0,1,0,Transitional_Phase_2,1,2026,1,793,8000,2,2,1,0
STU_5624,3.72,0,1,11,10-15K,0,3,1,2,0,Transitional_Phase_2,1,2026,1,799,12500,2,2,3,1
STU_5625,3.33,13,0,4,16-20K,1,3,2,1,1,Transitional_Phase_2,10,2025,4,716,18000,2,1,3,1
STU_5626,3.22,17,2,6,16-20K,1,3,2,1,1,Transitional_Phase_2,11,2025,4,760,18000,2,1,3,1
STU_5627,2.62,7,1,11,Below 10k,1,3,0,1,0,Transitional_Phase_2,10,2025,4,715,8000,2,0,1,0
STU_5628,3.03,5,3,8,16-20K,1,3,2,1,1,Transitional_Phase_2,11,2025,4,755,18000,2,1,3,1
STU_5629,3.27,5,1,17,10-15K,1,3,1,1,0,Transitional_Phase_2,9,2025,3,697,12500,2,1,2,1
STU_5630,3.63,10,2,6,Below 10k,0,3,0,2,0,Transitional_Phase_2,11,2025,4,744,8000,2,2,2,1
STU_5631,3.41,14,4,13,10-15K,0,3,1,1,1,Transitional_Phase_2,11,2025,4,749,12500,2,2,2,0
STU_5632,3.26,13,0,15,16-20K,1,3,2,1,1,Transitional_Phase_2,10,2025,4,714,18000,2,1,3,1
STU_5633,3.37,3,2,6,16-20K,0,3,2,1,1,Transitional_Phase_2,10,2025,4,701,18000,2,1,3,1
STU_5634,3.46,13,5,9,16-20K,1,3,2,1,1,Transitional_Phase_2,1,2026,1,805,18000,2,2,3,0
STU_5635,3.77,4,4,13,10-15K,0,3,1,2,0,Transitional_Phase_2,9,2025,3,673,12500,2,2,3,1
STU_5636,3.08,5,0,4,16-20K,0,3,2,1,1,Transitional_Phase_2,1,2026,1,795,18000,2,1,3,1
STU_5637,3.25,12,6,12,Below 10k,0,3,0,1,0,Transitional_Phase_2,11,2025,4,755,8000,2,1,1,1
STU_5638,3.18,17,2,6,16-20K,1,3,2,1,1,Transitional_Phase_2,10,2025,4,718,18000,2,1,3,1
STU_5639,2.57,9,2,6,10-15K,0,3,1,1,0,Transitional_Phase_2,12,2025,4,763,12500,2,0,2,0
STU_5640,3.24,5,0,2,16-20K,0,3,2,1,0,Transitional_Phase_2,11,2025,4,744,18000,2,1,3,1
STU_5641,3.27,12,6,10,Below 10k,1,3,0,1,0,Transitional_Phase_2,10,2025,4,702,8000,2,1,1,1
STU_5642,3.28,12,6,14,16-20K,1,3,2,1,1,Transitional_Phase_2,9,2025,3,686,18000,2,1,3,1
STU_5643,3.48,5,1,11,16-20K,0,3,2,1,1,Transitional_Phase_2,11,2025,4,750,18000,2,2,3,0
STU_5644,3.4,7,3,8,10-15K,0,3,1,1,1,Transitional_Phase_2,10,2025,4,700,12500,2,2,2,0
STU_5645,3.48,3,2,6,Below 10k,0,3,0,1,1,Transitional_Phase_2,10,2025,4,730,8000,2,2,1,0
STU_5646,2.75,0,7,0,Below 10k,1,3,0,1,0,Transitional_Phase_2,12,2025,4,768,8000,2,0,1,0
STU_5647,3.33,9,0,2,Below 10k,0,3,0,1,0,Transitional_Phase_2,12,2025,4,789,8000,2,1,1,1
STU_5648,3.28,6,6,10,Below 10k,1,3,0,1,0,Transitional_Phase_2,9,2025,3,673,8000,2,1,1,1
STU_5649,3.31,11,5,9,Below 10k,1,3,0,1,0,Transitional_Phase_2,10,2025,4,725,8000,2,1,1,1
STU_5650,3.25,10,2,6,Below 10k,1,3,0,1,0,Transitional_Phase_2,11,2025,4,736,8000,2,1,1,1
STU_5651,3.11,12,3,8,16-20K,0,3,2,1,0,Transitional_Phase_2,9,2025,3,688,18000,2,1,3,1
STU_5652,3.71,11,5,9,10-15K,1,3,1,2,1,Transitional_Phase_2,9,2025,3,694,12500,2,2,3,1
STU_5653,2.79,6,6,3,Below 10k,1,3,0,1,0,Transitional_Phase_2,1,2026,1,796,8000,2,0,1,0
STU_5654,3.85,1,4,13,10-15K,1,3,1,2,1,Transitional_Phase_2,12,2025,4,791,12500,2,2,3,1
STU_5655,3.12,15,6,12,16-20K,0,3,2,1,0,Transitional_Phase_2,10,2025,4,707,18000,2,1,3,1
STU_5656,3.28,7,3,8,10-15K,1,3,1,1,1,Transitional_Phase_2,1,2026,1,804,12500,2,1,2,1
STU_5657,2.75,13,5,9,16-20K,0,3,2,1,0,Transitional_Phase_2,1,2026,1,806,18000,2,0,3,0
STU_5658,3.1,16,6,12,10-15K,0,3,1,1,1,Transitional_Phase_2,11,2025,4,742,12500,2,1,2,1
STU_5659,3.41,17,2,6,Below 10k,0,3,0,1,1,Transitional_Phase_2,9,2025,3,681,8000,2,2,1,0
STU_5660,2.77,16,4,13,10-15K,0,3,1,1,0,Transitional_Phase_2,9,2025,3,681,12500,2,0,2,0
STU_5661,3.42,19,6,3,Below 10k,0,3,0,1,0,Transitional_Phase_2,1,2026,1,808,8000,2,2,1,0
STU_5662,3.28,12,3,8,16-20K,1,3,2,1,1,Transitional_Phase_2,9,2025,3,682,18000,2,1,3,1
STU_5663,3.39,18,0,16,10-15K,0,3,1,1,1,Transitional_Phase_2,9,2025,3,698,12500,2,1,2,1
STU_5664,3.43,6,6,1,Below 10k,1,3,0,1,0,Transitional_Phase_2,10,2025,4,700,8000,2,2,1,0
STU_5665,3.3,22,3,8,10-15K,1,3,1,1,1,Transitional_Phase_2,9,2025,3,673,12500,2,1,2,1
STU_5666,3.38,22,3,8,Below 10k,1,3,0,1,0,Transitional_Phase_2,11,2025,4,750,8000,2,1,1,1
STU_5667,3.38,17,2,6,10-15K,0,3,1,1,1,Transitional_Phase_2,9,2025,3,697,12500,2,1,2,1
STU_5668,2.27,13,5,9,10-15K,1,3,1,0,1,Transitional_Phase_2,11,2025,4,759,12500,2,0,1,1
STU_5669,3.94,7,3,8,10-15K,0,3,1,2,0,Transitional_Phase_2,10,2025,4,713,12500,2,2,3,1
STU_5670,3.1,5,1,18,16-20K,1,3,2,1,1,Transitional_Phase_2,1,2026,1,820,18000,2,1,3,1
STU_5671,3.24,10,7,0,10-15K,1,3,1,1,1,Transitional_Phase_2,10,2025,4,702,12500,2,1,2,1
STU_5672,2.89,7,1,11,10-15K,0,3,1,1,0,Transitional_Phase_2,9,2025,3,678,12500,2,0,2,0
STU_5673,2.78,13,0,16,16-20K,0,3,2,1,1,Transitional_Phase_2,10,2025,4,718,18000,2,0,3,0
STU_5674,3.16,5,0,2,Below 10k,0,3,0,1,1,Transitional_Phase_2,10,2025,4,714,8000,2,1,1,1
STU_5675,2.1,12,3,8,10-15K,0,3,1,0,0,Transitional_Phase_2,9,2025,3,679,12500,2,0,1,1
STU_5676,3.35,9,0,4,16-20K,1,3,2,1,1,Transitional_Phase_2,11,2025,4,736,18000,2,1,3,1
STU_5677,3.24,0,1,18,16-20K,0,3,2,1,0,Transitional_Phase_2,9,2025,3,676,18000,2,1,3,1
STU_5678,3.61,0,7,0,16-20K,1,3,2,2,1,Transitional_Phase_2,9,2025,3,680,18000,2,2,4,1
STU_5679,3.19,6,6,1,16-20K,1,3,2,1,1,Transitional_Phase_2,9,2025,3,684,18000,2,1,3,1
STU_5680,3.15,10,2,6,Below 10k,0,3,0,1,0,Transitional_Phase_2,10,2025,4,729,8000,2,1,1,1
STU_5681,3.94,15,6,1,Below 10k,1,3,0,2,1,Transitional_Phase_2,12,2025,4,781,8000,2,2,2,1
STU_5682,3.18,7,3,8,10-15K,0,3,1,1,0,Transitional_Phase_2,11,2025,4,750,12500,2,1,2,1
STU_5683,3.1,12,3,8,Below 10k,0,3,0,1,1,Transitional_Phase_2,10,2025,4,716,8000,2,1,1,1
STU_5684,3.29,17,2,6,Below 10k,1,3,0,1,0,Transitional_Phase_2,10,2025,4,713,8000,2,1,1,1
STU_5685,3.08,16,6,1,Below 10k,0,3,0,1,0,Transitional_Phase_2,9,2025,3,699,8000,2,1,1,1
STU_5686,3.13,10,2,6,Below 10k,1,3,0,1,1,Transitional_Phase_2,10,2025,4,703,8000,2,1,1,1
STU_5687,3.41,8,7,0,16-20K,1,3,2,1,1,Transitional_Phase_2,12,2025,4,776,18000,2,2,3,0
STU_5688,3.17,5,3,8,10-15K,1,3,1,1,1,Transitional_Phase_2,1,2026,1,816,12500,2,1,2,1
STU_5689,3.25,2,5,9,Below 10k,0,3,0,1,0,Transitional_Phase_2,10,2025,4,723,8000,2,1,1,1
STU_5690,3.19,1,4,13,16-20K,1,3,2,1,1,Transitional_Phase_2,1,2026,1,808,18000,2,1,3,1
STU_5691,3.05,12,6,10,Below 10k,0,3,0,1,0,Transitional_Phase_2,9,2025,3,676,8000,2,1,1,1
STU_5692,3.36,10,2,6,Below 10k,1,3,0,1,0,Transitional_Phase_2,9,2025,3,688,8000,2,1,1,1
STU_5693,3.31,9,0,4,16-20K,1,3,2,1,1,Transitional_Phase_2,11,2025,4,737,18000,2,1,3,1
STU_5694,3.1,10,2,6,Below 10k,0,3,0,1,0,Transitional_Phase_2,9,2025,3,670,8000,2,1,1,1
STU_5695,2.74,1,4,13,Below 10k,1,3,0,1,0,Transitional_Phase_2,10,2025,4,708,8000,2,0,1,0
STU_5696,3.31,19,6,3,Below 10k,0,3,0,1,0,Transitional_Phase_2,1,2026,1,822,8000,2,1,1,1
STU_5697,2.54,12,3,8,16-20K,0,3,2,1,0,Transitional_Phase_2,11,2025,4,753,18000,2,0,3,0
STU_5698,3.17,9,7,0,Below 10k,1,3,0,1,0,Transitional_Phase_2,9,2025,3,682,8000,2,1,1,1
STU_5699,3.3,13,0,5,10-15K,1,3,1,1,1,Transitional_Phase_2,10,2025,4,703,12500,2,1,2,1
STU_5700,3.45,11,5,9,10-15K,1,3,1,1,1,Transitional_Phase_2,1,2026,1,819,12500,2,2,2,0
STU_5701,3.11,3,2,6,Below 10k,1,3,0,1,0,Transitional_Phase_2,9,2025,3,685,8000,2,1,1,1
STU_5702,3.13,13,0,2,10-15K,0,3,1,1,0,Transitional_Phase_2,9,2025,3,680,12500,2,1,2,1
STU_5703,3.25,10,2,6,16-20K,0,3,2,1,0,Transitional_Phase_2,11,2025,4,740,18000,2,1,3,1
STU_5704,2.04,14,4,13,Below 10k,1,3,0,0,0,Transitional_Phase_2,11,2025,4,753,8000,2,0,0,1
STU_5705,3.43,12,3,8,Below 10k,0,3,0,1,0,Transitional_Phase_2,1,2026,1,814,8000,2,2,1,0
STU_5706,3.71,5,3,8,16-20K,0,3,2,2,0,Transitional_Phase_2,9,2025,3,692,18000,2,2,4,1
STU_5707,3.46,5,1,17,Below 10k,1,3,0,1,0,Transitional_Phase_2,9,2025,3,686,8000,2,2,1,0
STU_5708,3.28,0,1,18,16-20K,0,3,2,1,0,Transitional_Phase_2,12,2025,4,779,18000,2,1,3,1
STU_5709,3.1,10,2,6,Below 10k,0,3,0,1,0,Transitional_Phase_2,9,2025,3,689,8000,2,1,1,1
STU_5710,3.32,11,5,9,Below 10k,1,3,0,1,1,Transitional_Phase_2,1,2026,1,798,8000,2,1,1,1
STU_5711,3.22,4,4,13,Below 10k,1,3,0,1,0,Transitional_Phase_2,1,2026,1,800,8000,2,1,1,1
STU_5712,3.11,13,5,9,Below 10k,0,3,0,1,0,Transitional_Phase_2,9,2025,3,691,8000,2,1,1,1
STU_5713,2.54,14,4,13,10-15K,0,3,1,1,0,Transitional_Phase_2,12,2025,4,764,12500,2,0,2,0
STU_5714,2.51,22,3,8,16-20K,1,3,2,1,1,Transitional_Phase_2,10,2025,4,727,18000,2,0,3,0
STU_5715,3.32,17,2,6,16-20K,1,3,2,1,1,Transitional_Phase_2,10,2025,4,715,18000,2,1,3,1
STU_5716,3.36,4,4,13,10-15K,1,3,1,1,1,Transitional_Phase_2,1,2026,1,804,12500,2,1,2,1
STU_5717,2.98,20,1,11,16-20K,0,3,2,1,0,Transitional_Phase_2,9,2025,3,679,18000,2,0,3,0
STU_5718,3.31,2,5,9,16-20K,1,3,2,1,1,Transitional_Phase_2,9,2025,3,672,18000,2,1,3,1
STU_5719,3.34,8,7,0,Below 10k,0,3,0,1,0,Transitional_Phase_2,11,2025,4,741,8000,2,1,1,1
STU_5720,3.19,0,7,0,10-15K,1,3,1,1,1,Transitional_Phase_2,10,2025,4,720,12500,2,1,2,1
STU_5721,3.36,3,2,6,Below 10k,1,3,0,1,0,Transitional_Phase_2,9,2025,3,681,8000,2,1,1,1
STU_5722,3.47,13,5,9,Below 10k,0,3,0,1,0,Transitional_Phase_2,9,2025,3,688,8000,2,2,1,0
STU_5723,3.17,12,6,10,Below 10k,0,3,0,1,1,Transitional_Phase_2,10,2025,4,708,8000,2,1,1,1
STU_5724,3.41,4,4,13,Below 10k,1,3,0,1,0,Transitional_Phase_2,9,2025,3,681,8000,2,2,1,0
STU_5725,3.2,14,4,13,Below 10k,1,3,0,1,0,Transitional_Phase_2,12,2025,4,789,8000,2,1,1,1
STU_5726,3.66,18,0,4,Below 10k,0,3,0,2,0,Transitional_Phase_2,11,2025,4,736,8000,2,2,2,1
STU_5727,3.26,13,5,9,16-20K,1,3,2,1,1,Transitional_Phase_2,1,2026,1,822,18000,2,1,3,1
STU_5728,2.96,13,5,9,Below 10k,1,3,0,1,0,Transitional_Phase_2,9,2025,3,687,8000,2,0,1,0
STU_5729,3.44,21,0,15,16-20K,1,3,2,1,1,Transitional_Phase_2,1,2026,1,808,18000,2,2,3,0
STU_5730,3.43,0,7,0,10-15K,0,3,1,1,0,Transitional_Phase_2,11,2025,4,732,12500,2,2,2,0
STU_5731,3.21,13,5,9,Below 10k,1,3,0,1,0,Transitional_Phase_2,1,2026,1,795,8000,2,1,1,1
STU_5732,2.92,20,1,11,16-20K,1,3,2,1,1,Transitional_Phase_2,10,2025,4,704,18000,2,0,3,0
STU_5733,3.46,9,2,6,10-15K,1,3,1,1,1,Transitional_Phase_2,11,2025,4,745,12500,2,2,2,0
STU_5734,3.37,11,5,9,Below 10k,1,3,0,1,0,Transitional_Phase_2,1,2026,1,805,8000,2,1,1,1
STU_5735,2.39,10,2,6,10-15K,1,3,1,0,1,Transitional_Phase_2,12,2025,4,778,12500,2,0,1,1
STU_5736,3.12,12,3,8,10-15K,0,3,1,1,0,Transitional_Phase_2,12,2025,4,783,12500,2,1,2,1
STU_5737,3.93,9,0,15,16-20K,0,3,2,2,0,Transitional_Phase_2,10,2025,4,719,18000,2,2,4,1
STU_5738,3.23,7,3,8,16-20K,0,3,2,1,0,Transitional_Phase_2,9,2025,3,682,18000,2,1,3,1
STU_5739,2.52,20,1,17,16-20K,1,3,2,1,1,Transitional_Phase_2,1,2026,1,817,18000,2,0,3,0
STU_5740,3.29,5,0,15,10-15K,1,3,1,1,0,Transitional_Phase_2,1,2026,1,806,12500,2,1,2,1
STU_5741,3.18,14,4,13,16-20K,0,3,2,1,0,Transitional_Phase_2,9,2025,3,698,18000,2,1,3,1
STU_5742,2.62,22,3,8,Below 10k,1,3,0,1,0,Transitional_Phase_2,12,2025,4,778,8000,2,0,1,0
STU_5743,3.28,2,5,9,Below 10k,0,3,0,1,1,Transitional_Phase_2,9,2025,3,698,8000,2,1,1,1
STU_5744,2.66,6,1,18,10-15K,0,3,1,1,0,Transitional_Phase_2,1,2026,1,808,12500,2,0,2,0
STU_5745,3.26,10,2,6,16-20K,0,3,2,1,1,Transitional_Phase_2,9,2025,3,676,18000,2,1,3,1
STU_5746,2.75,1,4,13,16-20K,0,3,2,1,0,Transitional_Phase_2,9,2025,3,683,18000,2,0,3,0
STU_5747,2.3,12,3,8,10-15K,0,3,1,0,0,Transitional_Phase_2,10,2025,4,702,12500,2,0,1,1
STU_5748,3.44,2,5,9,10-15K,0,3,1,1,0,Transitional_Phase_2,11,2025,4,753,12500,2,2,2,0
STU_5749,3.28,5,1,17,10-15K,0,3,1,1,0,Transitional_Phase_2,12,2025,4,779,12500,2,1,2,1
STU_5750,3.31,5,1,17,16-20K,0,3,2,1,1,Transitional_Phase_2,9,2025,3,679,18000,2,1,3,1
STU_5751,3.4,9,0,4,10-15K,0,3,1,1,1,Transitional_Phase_2,9,2025,3,673,12500,2,2,2,0
STU_5752,3.3,11,5,9,10-15K,0,3,1,1,0,Transitional_Phase_2,12,2025,4,763,12500,2,1,2,1
STU_5753,3.29,14,4,13,10-15K,0,3,1,1,0,Transitional_Phase_2,12,2025,4,763,12500,2,1,2,1
STU_5754,3.22,13,5,9,Below 10k,0,3,0,1,0,Transitional_Phase_2,10,2025,4,729,8000,2,1,1,1
STU_5755,3.04,17,2,6,10-15K,1,3,1,1,1,Transitional_Phase_2,9,2025,3,671,12500,2,1,2,1
STU_5756,3.25,21,0,15,Below 10k,1,3,0,1,1,Transitional_Phase_2,10,2025,4,718,8000,2,1,1,1
STU_5757,3.16,10,2,6,Below 10k,1,3,0,1,1,Transitional_Phase_2,11,2025,4,733,8000,2,1,1,1
STU_5758,3.23,16,6,14,16-20K,0,3,2,1,0,Transitional_Phase_2,11,2025,4,754,18000,2,1,3,1
STU_5759,3.46,20,1,11,16-20K,1,3,2,1,1,Transitional_Phase_2,9,2025,3,681,18000,2,2,3,0
STU_5760,2.57,18,0,5,10-15K,1,3,1,1,0,Transitional_Phase_2,10,2025,4,720,12500,2,0,2,0
STU_5761,3.23,4,4,13,16-20K,0,3,2,1,0,Transitional_Phase_2,10,2025,4,728,18000,2,1,3,1
STU_5762,3.14,17,2,6,Below 10k,1,3,0,1,0,Transitional_Phase_2,10,2025,4,721,8000,2,1,1,1
STU_5763,2.62,15,6,1,16-20K,1,3,2,1,1,Transitional_Phase_2,10,2025,4,724,18000,2,0,3,0
STU_5764,3.44,18,0,5,Below 10k,1,3,0,1,0,Transitional_Phase_2,1,2026,1,807,8000,2,2,1,0
STU_5765,3.39,9,0,16,Below 10k,1,3,0,1,1,Transitional_Phase_2,9,2025,3,677,8000,2,1,1,1
STU_5766,3.44,1,4,13,10-15K,0,3,1,1,0,Transitional_Phase_2,12,2025,4,788,12500,2,2,2,0
STU_5767,2.5,6,1,17,16-20K,0,3,2,1,0,Transitional_Phase_2,10,2025,4,729,18000,2,0,3,0
STU_5768,2.96,12,3,8,Below 10k,1,3,0,1,0,Transitional_Phase_2,11,2025,4,733,8000,2,0,1,0
STU_5769,3.11,7,3,8,16-20K,1,3,2,1,1,Transitional_Phase_2,9,2025,3,676,18000,2,1,3,1
STU_5770,3.41,15,6,10,Below 10k,0,3,0,1,0,Transitional_Phase_2,11,2025,4,749,8000,2,2,1,0
STU_5771,3.37,5,3,8,16-20K,0,3,2,1,0,Transitional_Phase_2,11,2025,4,751,18000,2,1,3,1
STU_5772,3.24,10,2,6,10-15K,1,3,1,1,1,Transitional_Phase_2,9,2025,3,687,12500,2,1,2,1
STU_5773,2.94,3,2,6,Below 10k,0,3,0,1,1,Transitional_Phase_2,12,2025,4,768,8000,2,0,1,0
STU_5774,2.73,15,6,14,Below 10k,0,3,0,1,0,Transitional_Phase_2,11,2025,4,733,8000,2,0,1,0
STU_5775,2.79,6,6,14,16-20K,1,3,2,1,1,Transitional_Phase_2,11,2025,4,750,18000,2,0,3,0
STU_5776,2.53,8,7,0,16-20K,1,3,2,1,1,Transitional_Phase_2,11,2025,4,745,18000,2,0,3,0
STU_5777,3.4,16,6,10,Below 10k,1,3,0,1,0,Transitional_Phase_2,12,2025,4,772,8000,2,2,1,0
STU_5778,2.63,8,7,0,Below 10k,1,3,0,1,0,Transitional_Phase_2,10,2025,4,719,8000,2,0,1,0
STU_5779,3.4,15,6,12,Below 10k,1,3,0,1,0,Transitional_Phase_2,9,2025,3,675,8000,2,2,1,0
STU_5780,2.59,16,4,13,Below 10k,1,3,0,1,0,Transitional_Phase_2,10,2025,4,715,8000,2,0,1,0
STU_5781,3.2,3,2,6,Below 10k,1,3,0,1,1,Transitional_Phase_2,10,2025,4,715,8000,2,1,1,1
STU_5782,3.45,14,4,13,10-15K,0,3,1,1,0,Transitional_Phase_2,1,2026,1,820,12500,2,2,2,0
STU_5783,2.69,5,0,16,Below 10k,0,3,0,1,0,Transitional_Phase_2,12,2025,4,774,8000,2,0,1,0
STU_5784,3.1,6,1,18,10-15K,0,3,1,1,0,Transitional_Phase_2,10,2025,4,710,12500,2,1,2,1
STU_5785,3.25,7,3,8,16-20K,1,3,2,1,1,Transitional_Phase_2,9,2025,3,670,18000,2,1,3,1
STU_5786,2.82,19,6,10,10-15K,0,3,1,1,0,Transitional_Phase_2,1,2026,1,822,12500,2,0,2,0
STU_5787,2.95,9,2,6,Below 10k,1,3,0,1,0,Transitional_Phase_2,9,2025,3,695,8000,2,0,1,0
STU_5788,3.38,14,4,13,16-20K,0,3,2,1,0,Transitional_Phase_2,11,2025,4,757,18000,2,1,3,1
STU_5789,3.27,13,0,15,10-15K,1,3,1,1,1,Transitional_Phase_2,12,2025,4,762,12500,2,1,2,1
STU_5790,3.31,7,1,18,Below 10k,0,3,0,1,0,Transitional_Phase_2,1,2026,1,802,8000,2,1,1,1
STU_5791,3.37,17,2,6,16-20K,0,3,2,1,0,Transitional_Phase_2,12,2025,4,787,18000,2,1,3,1
STU_5792,3.19,6,6,3,Below 10k,0,3,0,1,0,Transitional_Phase_2,12,2025,4,761,8000,2,1,1,1
STU_5793,2.83,9,0,2,10-15K,1,3,1,1,1,Transitional_Phase_2,11,2025,4,748,12500,2,0,2,0
STU_5794,3.14,11,5,9,Below 10k,0,3,0,1,0,Transitional_Phase_2,10,2025,4,708,8000,2,1,1,1
STU_5795,3.21,5,3,8,Below 10k,1,3,0,1,0,Transitional_Phase_2,1,2026,1,813,8000,2,1,1,1
STU_5796,2.51,14,4,13,16-20K,0,3,2,1,0,Transitional_Phase_2,9,2025,3,678,18000,2,0,3,0
STU_5797,2.54,22,3,8,16-20K,1,3,2,1,1,Transitional_Phase_2,10,2025,4,726,18000,2,0,3,0
STU_5798,3.72,18,0,2,Below 10k,1,3,0,2,1,Transitional_Phase_2,11,2025,4,749,8000,2,2,2,1
STU_5799,3.14,7,3,8,16-20K,1,3,2,1,1,Transitional_Phase_2,12,2025,4,773,18000,2,1,3,1
STU_5800,3.46,16,4,13,16-20K,0,3,2,1,1,Transitional_Phase_2,11,2025,4,733,18000,2,2,3,0
STU_5801,3.35,11,5,9,10-15K,0,3,1,1,0,Transitional_Phase_2,1,2026,1,801,12500,2,1,2,1
STU_5802,3.26,1,4,13,10-15K,0,3,1,1,0,Transitional_Phase_2,12,2025,4,780,12500,2,1,2,1
STU_5803,3.12,13,0,5,Below 10k,0,3,0,1,0,Transitional_Phase_2,11,2025,4,759,8000,2,1,1,1
STU_5804,3.42,13,5,9,10-15K,1,3,1,1,0,Transitional_Phase_2,12,2025,4,779,12500,2,2,2,0
STU_5805,2.4,16,4,13,16-20K,0,3,2,0,0,Transitional_Phase_2,12,2025,4,768,18000,2,0,2,1
STU_5806,2.53,0,1,18,Below 10k,1,3,0,1,0,Transitional_Phase_2,12,2025,4,788,8000,2,0,1,0
STU_5807,3.12,10,7,0,16-20K,0,3,2,1,0,Transitional_Phase_2,12,2025,4,789,18000,2,1,3,1
STU_5808,2.91,10,7,0,16-20K,0,3,2,1,0,Transitional_Phase_2,9,2025,3,699,18000,2,0,3,0
STU_5809,2.98,8,7,0,Below 10k,0,3,0,1,0,Transitional_Phase_2,9,2025,3,671,8000,2,0,1,0
STU_5810,3.12,5,1,17,Below 10k,1,3,0,1,0,Transitional_Phase_2,10,2025,4,720,8000,2,1,1,1
STU_5811,3.34,16,6,14,Below 10k,1,3,0,1,0,Transitional_Phase_2,1,2026,1,818,8000,2,1,1,1
STU_5812,3.26,7,1,11,16-20K,1,3,2,1,1,Transitional_Phase_2,12,2025,4,776,18000,2,1,3,1
STU_5813,3.11,0,7,0,16-20K,0,3,2,1,0,Transitional_Phase_2,1,2026,1,801,18000,2,1,3,1
STU_5814,3.28,9,0,2,10-15K,0,3,1,1,0,Transitional_Phase_2,12,2025,4,770,12500,2,1,2,1
STU_5815,3.16,12,3,8,Below 10k,0,3,0,1,0,Transitional_Phase_2,10,2025,4,725,8000,2,1,1,1
STU_5816,3.64,7,3,8,10-15K,1,3,1,2,1,Transitional_Phase_2,12,2025,4,782,12500,2,2,3,1
STU_5817,3.31,19,6,12,16-20K,0,3,2,1,0,Transitional_Phase_2,12,2025,4,763,18000,2,1,3,1
STU_5818,3.27,0,7,0,10-15K,1,3,1,1,1,Transitional_Phase_2,10,2025,4,726,12500,2,1,2,1
STU_5819,2.89,5,0,2,Below 10k,1,3,0,1,0,Transitional_Phase_2,9,2025,3,677,8000,2,0,1,0
STU_5820,3.18,14,4,13,Below 10k,1,3,0,1,0,Transitional_Phase_2,12,2025,4,781,8000,2,1,1,1
STU_5821,3.22,7,3,8,16-20K,1,3,2,1,1,Transitional_Phase_2,12,2025,4,771,18000,2,1,3,1
STU_5822,3.38,16,4,13,Below 10k,1,3,0,1,0,Transitional_Phase_2,12,2025,4,771,8000,2,1,1,1
STU_5823,3.11,3,2,6,Below 10k,1,3,0,1,0,Transitional_Phase_2,1,2026,1,817,8000,2,1,1,1
STU_5824,3.71,17,2,6,Below 10k,0,3,0,2,1,Transitional_Phase_2,1,2026,1,809,8000,2,2,2,1
STU_5825,2.73,13,5,9,Below 10k,1,3,0,1,1,Transitional_Phase_2,10,2025,4,718,8000,2,0,1,0
STU_5826,3.01,5,1,11,Below 10k,1,3,0,1,0,Transitional_Phase_2,10,2025,4,711,8000,2,1,1,1
STU_5827,3.3,7,7,0,16-20K,0,3,2,1,0,Transitional_Phase_2,12,2025,4,786,18000,2,1,3,1
STU_5828,3.08,14,4,13,16-20K,1,3,2,1,1,Transitional_Phase_2,10,2025,4,703,18000,2,1,3,1
STU_5829,3.66,7,7,0,16-20K,0,3,2,2,0,Transitional_Phase_2,9,2025,3,676,18000,2,2,4,1
STU_5830,2.91,3,2,6,Below 10k,1,3,0,1,1,Transitional_Phase_2,11,2025,4,757,8000,2,0,1,0
STU_5831,3.27,12,3,8,10-15K,1,3,1,1,1,Transitional_Phase_2,12,2025,4,775,12500,2,1,2,1
STU_5832,3.07,12,3,8,Below 10k,0,3,0,1,0,Transitional_Phase_2,1,2026,1,816,8000,2,1,1,1
STU_5833,2.22,10,2,6,Below 10k,0,3,0,0,0,Transitional_Phase_2,1,2026,1,819,8000,2,0,0,1
STU_5834,3.13,22,3,8,16-20K,0,3,2,1,0,Transitional_Phase_2,11,2025,4,746,18000,2,1,3,1
STU_5835,3.17,10,2,6,Below 10k,1,3,0,1,0,Transitional_Phase_2,1,2026,1,811,8000,2,1,1,1
STU_5836,3.56,8,7,0,10-15K,0,3,1,2,0,Transitional_Phase_2,9,2025,3,685,12500,2,2,3,1
STU_5837,3.32,12,3,8,Below 10k,1,3,0,1,1,Transitional_Phase_2,12,2025,4,761,8000,2,1,1,1
STU_5838,3.46,0,7,0,10-15K,0,3,1,1,0,Transitional_Phase_2,9,2025,3,674,12500,2,2,2,0
STU_5839,2.61,6,1,11,10-15K,0,3,1,1,0,Transitional_Phase_2,11,2025,4,757,12500,2,0,2,0
STU_5840,3.25,10,2,6,10-15K,1,3,1,1,0,Transitional_Phase_2,12,2025,4,761,12500,2,1,2,1
STU_5841,3.29,15,6,14,10-15K,0,3,1,1,1,Transitional_Phase_2,10,2025,4,723,12500,2,1,2,1
STU_5842,3.3,0,7,0,16-20K,0,3,2,1,0,Transitional_Phase_2,10,2025,4,723,18000,2,1,3,1
STU_5843,3.35,13,0,5,Below 10k,1,3,0,1,1,Transitional_Phase_2,12,2025,4,770,8000,2,1,1,1
STU_5844,3.24,15,6,10,16-20K,0,3,2,1,0,Transitional_Phase_2,9,2025,3,671,18000,2,1,3,1
STU_5845,3.24,5,0,5,16-20K,1,3,2,1,1,Transitional_Phase_2,9,2025,3,674,18000,2,1,3,1
STU_5846,3.15,15,6,12,10-15K,1,3,1,1,1,Transitional_Phase_2,12,2025,4,780,12500,2,1,2,1
STU_5847,2.52,5,1,17,16-20K,0,3,2,1,0,Transitional_Phase_2,1,2026,1,793,18000,2,0,3,0
STU_5848,3.31,19,6,10,10-15K,1,3,1,1,1,Transitional_Phase_2,1,2026,1,792,12500,2,1,2,1
STU_5849,3.26,5,0,16,Below 10k,0,3,0,1,0,Transitional_Phase_2,9,2025,3,676,8000,2,1,1,1
STU_5850,3.44,7,7,0,Below 10k,0,3,0,1,0,Transitional_Phase_2,9,2025,3,699,8000,2,2,1,0
STU_5851,3.12,12,6,14,Below 10k,0,3,0,1,0,Transitional_Phase_2,1,2026,1,797,8000,2,1,1,1
STU_5852,3.65,5,0,2,16-20K,0,3,2,2,0,Transitional_Phase_2,12,2025,4,788,18000,2,2,4,1
STU_5853,3.4,11,5,9,10-15K,1,3,1,1,1,Transitional_Phase_2,1,2026,1,798,12500,2,2,2,0
STU_5854,2.97,4,4,13,16-20K,0,3,2,1,0,Transitional_Phase_2,12,2025,4,783,18000,2,0,3,0
STU_5855,3.36,5,0,15,16-20K,1,3,2,1,1,Transitional_Phase_2,12,2025,4,776,18000,2,1,3,1
STU_5856,3.68,19,6,14,16-20K,0,3,2,2,1,Transitional_Phase_2,9,2025,3,697,18000,2,2,4,1
STU_5857,3.43,12,6,3,10-15K,0,3,1,1,1,Transitional_Phase_2,11,2025,4,742,12500,2,2,2,0
STU_5858,3.1,5,3,8,Below 10k,1,3,0,1,0,Transitional_Phase_2,10,2025,4,710,8000,2,1,1,1
STU_5859,3.33,16,4,13,10-15K,0,3,1,1,1,Transitional_Phase_2,1,2026,1,815,12500,2,1,2,1
STU_5860,3.07,6,6,3,16-20K,0,3,2,1,1,Transitional_Phase_2,12,2025,4,768,18000,2,1,3,1
STU_5861,3.11,12,3,8,16-20K,1,3,2,1,1,Transitional_Phase_2,12,2025,4,769,18000,2,1,3,1
STU_5862,2.43,13,0,16,16-20K,0,3,2,0,1,Transitional_Phase_2,1,2026,1,816,18000,2,0,2,1
STU_5863,3.15,0,1,18,Below 10k,0,3,0,1,0,Transitional_Phase_2,1,2026,1,801,8000,2,1,1,1
STU_5864,3.41,10,7,0,Below 10k,1,3,0,1,0,Transitional_Phase_2,12,2025,4,778,8000,2,2,1,0
STU_5865,2.08,9,2,6,16-20K,1,3,2,0,1,Transitional_Phase_2,9,2025,3,674,18000,2,0,2,1
STU_5866,2.86,5,0,4,16-20K,0,3,2,1,0,Transitional_Phase_2,1,2026,1,808,18000,2,0,3,0
STU_5867,2.12,22,3,8,16-20K,1,3,2,0,1,Transitional_Phase_2,11,2025,4,731,18000,2,0,2,1
STU_5868,3.19,9,2,6,16-20K,1,3,2,1,1,Transitional_Phase_2,11,2025,4,749,18000,2,1,3,1
STU_5869,3.37,3,2,6,16-20K,1,3,2,1,1,Transitional_Phase_2,12,2025,4,767,18000,2,1,3,1
STU_5870,3.32,11,5,9,10-15K,0,3,1,1,0,Transitional_Phase_2,12,2025,4,790,12500,2,1,2,1
STU_5871,3.48,14,4,13,Below 10k,0,3,0,1,0,Transitional_Phase_2,9,2025,3,697,8000,2,2,1,0
STU_5872,3.45,18,0,5,10-15K,0,3,1,1,0,Transitional_Phase_2,11,2025,4,736,12500,2,2,2,0
STU_5873,3.29,7,3,8,10-15K,0,3,1,1,0,Transitional_Phase_2,1,2026,1,811,12500,2,1,2,1
STU_5874,3.24,13,5,9,10-15K,1,3,1,1,1,Transitional_Phase_2,11,2025,4,756,12500,2,1,2,1
STU_5875,3.41,6,6,12,16-20K,0,3,2,1,0,Transitional_Phase_2,9,2025,3,677,18000,2,2,3,0
STU_5876,3.62,9,0,16,Below 10k,1,3,0,2,0,Transitional_Phase_2,11,2025,4,746,8000,2,2,2,1
STU_5877,2.66,7,3,8,10-15K,0,3,1,1,0,Transitional_Phase_2,12,2025,4,775,12500,2,0,2,0
STU_5878,3.44,17,2,6,10-15K,1,3,1,1,1,Transitional_Phase_2,1,2026,1,797,12500,2,2,2,0
STU_5879,3.33,12,3,8,16-20K,0,3,2,1,0,Transitional_Phase_2,10,2025,4,707,18000,2,1,3,1
STU_5880,3.42,5,1,18,10-15K,0,3,1,1,0,Transitional_Phase_2,10,2025,4,713,12500,2,2,2,0
STU_5881,3.47,16,6,12,16-20K,0,3,2,1,0,Transitional_Phase_2,1,2026,1,809,18000,2,2,3,0
STU_5882,2.92,7,3,8,10-15K,0,3,1,1,0,Transitional_Phase_2,10,2025,4,701,12500,2,0,2,0
STU_5883,2.91,21,0,5,16-20K,1,3,2,1,1,Transitional_Phase_2,1,2026,1,811,18000,2,0,3,0
STU_5884,3.33,6,6,14,16-20K,1,3,2,1,1,Transitional_Phase_2,11,2025,4,739,18000,2,1,3,1
STU_5885,3.41,9,0,4,Below 10k,1,3,0,1,0,Transitional_Phase_2,9,2025,3,696,8000,2,2,1,0
STU_5886,3.46,10,2,6,10-15K,1,3,1,1,1,Transitional_Phase_2,1,2026,1,805,12500,2,2,2,0
STU_5887,3.18,1,4,13,10-15K,0,3,1,1,0,Transitional_Phase_2,12,2025,4,761,12500,2,1,2,1
STU_5888,2.82,2,5,9,Below 10k,0,3,0,1,0,Transitional_Phase_2,1,2026,1,813,8000,2,0,1,0
STU_5889,3.39,13,5,9,10-15K,0,3,1,1,1,Transitional_Phase_2,12,2025,4,765,12500,2,1,2,1
STU_5890,2.83,16,6,10,Below 10k,1,3,0,1,0,Transitional_Phase_2,1,2026,1,805,8000,2,0,1,0
STU_5891,3.29,5,0,15,16-20K,1,3,2,1,1,Transitional_Phase_2,10,2025,4,714,18000,2,1,3,1
STU_5892,3.12,11,5,9,16-20K,1,3,2,1,1,Transitional_Phase_2,1,2026,1,801,18000,2,1,3,1
STU_5893,3.26,17,2,6,10-15K,1,3,1,1,0,Transitional_Phase_2,11,2025,4,752,12500,2,1,2,1
STU_5894,3.39,15,6,12,10-15K,0,3,1,1,0,Transitional_Phase_2,9,2025,3,698,12500,2,1,2,1
STU_5895,3.42,12,6,10,10-15K,1,3,1,1,1,Transitional_Phase_2,1,2026,1,797,12500,2,2,2,0
STU_5896,3.26,12,6,3,10-15K,1,3,1,1,0,Transitional_Phase_2,9,2025,3,698,12500,2,1,2,1
STU_5897,3.12,15,6,10,Below 10k,1,3,0,1,1,Transitional_Phase_2,1,2026,1,812,8000,2,1,1,1
STU_5898,3.17,1,4,13,16-20K,0,3,2,1,0,Transitional_Phase_2,12,2025,4,762,18000,2,1,3,1
STU_5899,3.75,2,5,9,10-15K,0,3,1,2,0,Transitional_Phase_2,1,2026,1,802,12500,2,2,3,1
STU_5900,2.88,17,2,6,16-20K,1,3,2,1,1,Transitional_Phase_2,12,2025,4,770,18000,2,0,3,0
STU_5901,3.48,5,1,17,10-15K,0,3,1,1,0,Transitional_Phase_2,1,2026,1,798,12500,2,2,2,0
STU_5902,3.46,7,3,8,16-20K,1,3,2,1,1,Transitional_Phase_2,10,2025,4,721,18000,2,2,3,0
STU_5903,3.33,7,3,8,Below 10k,1,3,0,1,0,Transitional_Phase_2,9,2025,3,698,8000,2,1,1,1
STU_5904,2.81,6,6,10,10-15K,1,3,1,1,0,Transitional_Phase_2,1,2026,1,806,12500,2,0,2,0
STU_5905,2.64,5,0,5,16-20K,1,3,2,1,1,Transitional_Phase_2,10,2025,4,720,18000,2,0,3,0
STU_5906,3.4,16,6,14,16-20K,1,3,2,1,1,Transitional_Phase_2,10,2025,4,704,18000,2,2,3,0
STU_5907,3.38,10,2,6,10-15K,0,3,1,1,0,Transitional_Phase_2,11,2025,4,756,12500,2,1,2,1
STU_5908,3.4,4,4,13,10-15K,1,3,1,1,1,Transitional_Phase_2,11,2025,4,732,12500,2,2,2,0
STU_5909,3.19,19,6,14,10-15K,0,3,1,1,0,Transitional_Phase_2,1,2026,1,793,12500,2,1,2,1
STU_5910,3.31,7,1,17,10-15K,1,3,1,1,1,Transitional_Phase_2,1,2026,1,805,12500,2,1,2,1
STU_5911,3.3,10,7,0,Below 10k,1,3,0,1,0,Transitional_Phase_2,1,2026,1,813,8000,2,1,1,1
STU_5912,3.38,11,5,9,16-20K,1,3,2,1,1,Transitional_Phase_2,11,2025,4,758,18000,2,1,3,1
STU_5913,3.26,6,1,17,16-20K,0,3,2,1,0,Transitional_Phase_2,1,2026,1,798,18000,2,1,3,1
STU_5914,2.88,2,5,9,16-20K,1,3,2,1,1,Transitional_Phase_2,12,2025,4,763,18000,2,0,3,0
STU_5915,3.37,13,5,9,Below 10k,1,3,0,1,0,Transitional_Phase_2,9,2025,3,698,8000,2,1,1,1
STU_5916,2.76,16,6,14,10-15K,1,3,1,1,1,Transitional_Phase_2,11,2025,4,742,12500,2,0,2,0
STU_5917,3.33,11,5,9,Below 10k,0,3,0,1,0,Transitional_Phase_2,9,2025,3,698,8000,2,1,1,1
STU_5918,3.39,2,5,9,16-20K,1,3,2,1,1,Transitional_Phase_2,11,2025,4,758,18000,2,1,3,1
STU_5919,3.45,2,5,9,16-20K,1,3,2,1,1,Transitional_Phase_2,10,2025,4,729,18000,2,2,3,0
STU_5920,3.92,13,0,15,10-15K,0,3,1,2,0,Transitional_Phase_2,1,2026,1,807,12500,2,2,3,1
STU_5921,2.05,13,5,9,16-20K,0,3,2,0,0,Transitional_Phase_2,10,2025,4,728,18000,2,0,2,1
STU_5922,2.83,22,3,8,10-15K,0,3,1,1,0,Transitional_Phase_2,11,2025,4,748,12500,2,0,2,0
STU_5923,3.32,10,2,6,Below 10k,1,3,0,1,0,Transitional_Phase_2,11,2025,4,750,8000,2,1,1,1
STU_5924,3.26,22,3,8,16-20K,0,3,2,1,0,Transitional_Phase_2,11,2025,4,732,18000,2,1,3,1
STU_5925,3.14,11,5,9,10-15K,1,3,1,1,0,Transitional_Phase_2,12,2025,4,775,12500,2,1,2,1
STU_5926,3.44,6,6,14,Below 10k,1,3,0,1,0,Transitional_Phase_2,1,2026,1,797,8000,2,2,1,0
STU_5927,3.39,17,2,6,Below 10k,1,3,0,1,0,Transitional_Phase_2,11,2025,4,739,8000,2,1,1,1
STU_5928,3.34,15,6,1,10-15K,0,3,1,1,0,Transitional_Phase_2,12,2025,4,790,12500,2,1,2,1
STU_5929,2.6,22,3,8,10-15K,0,3,1,1,0,Transitional_Phase_2,11,2025,4,750,12500,2,0,2,0
STU_5930,3.29,12,6,10,Below 10k,1,3,0,1,0,Transitional_Phase_2,1,2026,1,796,8000,2,1,1,1
STU_5931,3.0,18,0,2,Below 10k,1,3,0,1,1,Transitional_Phase_2,9,2025,3,693,8000,2,1,1,1
STU_5932,2.79,1,4,13,16-20K,1,3,2,1,1,Transitional_Phase_2,9,2025,3,678,18000,2,0,3,0
STU_5933,3.87,15,6,1,Below 10k,1,3,0,2,0,Transitional_Phase_2,12,2025,4,767,8000,2,2,2,1
STU_5934,3.37,5,1,11,10-15K,0,3,1,1,0,Transitional_Phase_2,9,2025,3,683,12500,2,1,2,1
STU_5935,3.31,2,5,9,Below 10k,0,3,0,1,1,Transitional_Phase_2,10,2025,4,725,8000,2,1,1,1
STU_5936,2.85,12,3,8,16-20K,0,3,2,1,0,Transitional_Phase_2,1,2026,1,813,18000,2,0,3,0
STU_5937,3.22,2,5,9,10-15K,0,3,1,1,0,Transitional_Phase_2,11,2025,4,734,12500,2,1,2,1
STU_5938,3.27,13,5,9,16-20K,0,3,2,1,0,Transitional_Phase_2,1,2026,1,814,18000,2,1,3,1
STU_5939,3.24,10,2,6,16-20K,0,3,2,1,0,Transitional_Phase_2,12,2025,4,775,18000,2,1,3,1
STU_5940,3.15,9,2,6,16-20K,1,3,2,1,1,Transitional_Phase_2,10,2025,4,707,18000,2,1,3,1
STU_5941,3.38,11,5,9,16-20K,1,3,2,1,1,Transitional_Phase_2,9,2025,3,692,18000,2,1,3,1
STU_5942,3.28,3,2,6,16-20K,0,3,2,1,0,Transitional_Phase_2,10,2025,4,707,18000,2,1,3,1
STU_5943,2.51,12,3,8,16-20K,0,3,2,1,0,Transitional_Phase_2,1,2026,1,806,18000,2,0,3,0
STU_5944,3.16,8,7,0,Below 10k,1,3,0,1,0,Transitional_Phase_2,12,2025,4,785,8000,2,1,1,1
STU_5945,3.33,3,2,6,10-15K,1,3,1,1,1,Transitional_Phase_2,11,2025,4,756,12500,2,1,2,1
STU_5946,3.83,13,0,15,Below 10k,1,3,0,2,1,Transitional_Phase_2,10,2025,4,715,8000,2,2,2,1
STU_5947,3.13,3,2,6,16-20K,0,3,2,1,0,Transitional_Phase_2,12,2025,4,776,18000,2,1,3,1
STU_5948,3.25,10,7,0,16-20K,1,3,2,1,1,Transitional_Phase_2,9,2025,3,695,18000,2,1,3,1
STU_5949,3.36,13,5,9,Below 10k,1,3,0,1,0,Transitional_Phase_2,9,2025,3,694,8000,2,1,1,1
STU_5950,3.32,9,0,4,Below 10k,0,3,0,1,0,Transitional_Phase_2,10,2025,4,720,8000,2,1,1,1
STU_5951,3.21,16,6,10,10-15K,0,3,1,1,0,Transitional_Phase_2,10,2025,4,730,12500,2,1,2,1
STU_5952,2.51,9,2,6,Below 10k,1,3,0,1,0,Transitional_Phase_2,11,2025,4,758,8000,2,0,1,0
STU_5953,3.13,21,0,15,10-15K,1,3,1,1,1,Transitional_Phase_2,9,2025,3,686,12500,2,1,2,1
STU_5954,3.49,10,7,0,16-20K,0,3,2,1,0,Transitional_Phase_2,9,2025,3,683,18000,2,2,3,0
STU_5955,3.26,0,1,11,16-20K,0,3,2,1,0,Transitional_Phase_2,10,2025,4,708,18000,2,1,3,1
STU_5956,2.64,7,1,18,16-20K,0,3,2,1,0,Transitional_Phase_2,10,2025,4,727,18000,2,0,3,0
STU_5957,3.38,9,2,6,Below 10k,1,3,0,1,0,Transitional_Phase_2,12,2025,4,780,8000,2,1,1,1
STU_5958,3.11,1,4,13,Below 10k,0,3,0,1,0,Transitional_Phase_2,1,2026,1,805,8000,2,1,1,1
STU_5959,3.41,9,2,6,Below 10k,1,3,0,1,1,Transitional_Phase_2,10,2025,4,729,8000,2,2,1,0
STU_5960,3.11,10,7,0,16-20K,1,3,2,1,1,Transitional_Phase_2,12,2025,4,774,18000,2,1,3,1
STU_5961,3.14,10,7,0,16-20K,0,3,2,1,0,Transitional_Phase_2,12,2025,4,762,18000,2,1,3,1
STU_5962,3.27,15,6,10,16-20K,0,3,2,1,0,Transitional_Phase_2,9,2025,3,694,18000,2,1,3,1
STU_5963,3.11,21,0,5,10-15K,1,3,1,1,1,Transitional_Phase_2,11,2025,4,740,12500,2,1,2,1
STU_5964,3.27,13,0,2,10-15K,0,3,1,1,0,Transitional_Phase_2,1,2026,1,800,12500,2,1,2,1
STU_5965,3.6,9,2,6,Below 10k,1,3,0,2,1,Transitional_Phase_2,12,2025,4,789,8000,2,2,2,1
STU_5966,2.6,2,5,9,10-15K,0,3,1,1,1,Transitional_Phase_2,9,2025,3,675,12500,2,0,2,0
STU_5967,2.79,22,3,8,16-20K,0,3,2,1,0,Transitional_Phase_2,1,2026,1,819,18000,2,0,3,0
STU_5968,2.84,13,5,9,16-20K,1,3,2,1,1,Transitional_Phase_2,1,2026,1,797,18000,2,0,3,0
STU_5969,3.34,10,7,0,16-20K,1,3,2,1,1,Transitional_Phase_2,11,2025,4,735,18000,2,1,3,1
STU_5970,3.14,12,3,8,10-15K,1,3,1,1,1,Transitional_Phase_2,9,2025,3,678,12500,2,1,2,1
STU_5971,3.19,5,1,17,10-15K,0,3,1,1,1,Transitional_Phase_2,9,2025,3,687,12500,2,1,2,1
STU_5972,3.41,17,2,6,10-15K,0,3,1,1,0,Transitional_Phase_2,12,2025,4,769,12500,2,2,2,0
STU_5973,3.27,10,7,0,10-15K,0,3,1,1,0,Transitional_Phase_2,12,2025,4,787,12500,2,1,2,1
STU_5974,3.25,20,1,18,10-15K,0,3,1,1,0,Transitional_Phase_2,9,2025,3,697,12500,2,1,2,1
STU_5975,3.87,10,2,6,10-15K,1,3,1,2,1,Transitional_Phase_2,11,2025,4,749,12500,2,2,3,1
STU_5976,2.97,7,7,0,16-20K,1,3,2,1,1,Transitional_Phase_2,11,2025,4,731,18000,2,0,3,0
STU_5977,2.58,1,4,13,10-15K,0,3,1,1,0,Transitional_Phase_2,10,2025,4,719,12500,2,0,2,0
STU_5978,3.49,6,6,10,Below 10k,0,3,0,1,0,Transitional_Phase_2,10,2025,4,706,8000,2,2,1,0
STU_5979,3.31,7,1,17,Below 10k,0,3,0,1,0,Transitional_Phase_2,11,2025,4,745,8000,2,1,1,1
STU_5980,2.59,17,2,6,10-15K,1,3,1,1,1,Transitional_Phase_2,1,2026,1,798,12500,2,0,2,0
STU_5981,3.43,17,2,6,10-15K,0,3,1,1,0,Transitional_Phase_2,12,2025,4,771,12500,2,2,2,0
STU_5982,3.45,0,1,18,Below 10k,1,3,0,1,1,Transitional_Phase_2,11,2025,4,739,8000,2,2,1,0
STU_5983,3.87,11,5,9,Below 10k,1,3,0,2,0,Transitional_Phase_2,12,2025,4,785,8000,2,2,2,1
STU_5984,3.44,10,2,6,10-15K,0,3,1,1,0,Transitional_Phase_2,9,2025,3,687,12500,2,2,2,0
STU_5985,3.44,1,4,13,Below 10k,1,3,0,1,0,Transitional_Phase_2,9,2025,3,699,8000,2,2,1,0
STU_5986,3.14,13,0,15,Below 10k,0,3,0,1,0,Transitional_Phase_2,11,2025,4,757,8000,2,1,1,1
STU_5987,3.03,8,7,0,16-20K,1,3,2,1,1,Transitional_Phase_2,12,2025,4,770,18000,2,1,3,1
STU_5988,2.53,5,1,18,10-15K,1,3,1,1,0,Transitional_Phase_2,1,2026,1,816,12500,2,0,2,0
STU_5989,3.46,5,1,17,10-15K,1,3,1,1,1,Transitional_Phase_2,10,2025,4,711,12500,2,2,2,0
STU_5990,3.63,21,0,15,Below 10k,0,3,0,2,0,Transitional_Phase_2,9,2025,3,675,8000,2,2,2,1
STU_5991,3.17,5,3,8,16-20K,1,3,2,1,1,Transitional_Phase_2,11,2025,4,736,18000,2,1,3,1
STU_5992,3.26,7,1,18,Below 10k,1,3,0,1,0,Transitional_Phase_2,1,2026,1,814,8000,2,1,1,1
STU_5993,3.43,18,0,2,Below 10k,0,3,0,1,0,Transitional_Phase_2,9,2025,3,670,8000,2,2,1,0
STU_5994,3.05,4,4,13,16-20K,1,3,2,1,1,Transitional_Phase_2,12,2025,4,783,18000,2,1,3,1
STU_5995,3.43,5,1,18,Below 10k,1,3,0,1,0,Transitional_Phase_2,1,2026,1,794,8000,2,2,1,0
STU_5996,3.12,18,0,4,Below 10k,0,3,0,1,0,Transitional_Phase_2,12,2025,4,775,8000,2,1,1,1
STU_5997,3.28,1,4,13,10-15K,1,3,1,1,1,Transitional_Phase_2,11,2025,4,750,12500,2,1,2,1
STU_5998,3.05,18,0,5,16-20K,0,3,2,1,0,Transitional_Phase_2,12,2025,4,774,18000,2,1,3,1
STU_5999,3.3,11,5,9,Below 10k,0,3,0,1,0,Transitional_Phase_2,11,2025,4,758,8000,2,1,1,1
STU_6000,3.61,5,1,17,Below 10k,0,3,0,2,1,Transitional_Phase_2,9,2025,3,676,8000,2,2,2,1
