Name,Result,Course,Country,Institution,Budget,Researched,Political_Phase,Budget_Level,Academic_Level,Continuation,Dataset_Type,Intake_Month,Intake_Year,Intake_Season,Days_Since_First_Intake,Budget_Midpoint,Phase_Number,Result_Band,Budget_Academic_Score,GPA_Academic_Match
STU_3601,2.8,9,2,6,10-15K,0,2,1,1,1,Transitional_Phase_1,11,2024,4,385,12500,1,0,2,0
STU_3602,3.35,18,0,5,Below 10k,1,2,0,1,0,Transitional_Phase_1,2,2025,1,478,8000,1,1,1,1
STU_3603,3.16,7,3,8,10-15K,1,2,1,1,0,Transitional_Phase_1,11,2024,4,382,12500,1,1,2,1
STU_3604,3.76,19,6,14,16-20K,1,2,2,2,1,Transitional_Phase_1,8,2024,3,293,18000,1,2,4,1
STU_3605,3.24,5,1,18,Below 10k,0,2,0,1,0,Transitional_Phase_1,2,2025,1,465,8000,1,1,1,1
STU_3606,3.18,13,0,15,Below 10k,0,2,0,1,0,Transitional_Phase_1,11,2024,4,387,8000,1,1,1,1
STU_3607,3.29,5,0,15,16-20K,1,2,2,1,1,Transitional_Phase_1,3,2025,1,505,18000,1,1,3,1
STU_3608,3.3,5,0,16,10-15K,1,2,1,1,0,Transitional_Phase_1,1,2025,1,434,12500,1,1,2,1
STU_3609,2.64,15,6,12,Below 10k,1,2,0,1,0,Transitional_Phase_1,9,2024,3,331,8000,1,0,1,0
STU_3610,3.03,19,6,14,10-15K,1,2,1,1,0,Transitional_Phase_1,10,2024,4,350,12500,1,1,2,1
STU_3611,3.48,16,4,13,Below 10k,0,2,0,1,0,Transitional_Phase_1,5,2025,2,559,8000,1,2,1,0
STU_3612,2.86,5,3,8,16-20K,0,2,2,1,0,Transitional_Phase_1,3,2025,1,490,18000,1,0,3,0
STU_3613,3.44,9,2,6,10-15K,1,2,1,1,0,Transitional_Phase_1,4,2025,2,545,12500,1,2,2,0
STU_3614,3.42,2,5,9,10-15K,0,2,1,1,0,Transitional_Phase_1,4,2025,2,532,12500,1,2,2,0
STU_3615,3.39,5,1,11,Below 10k,1,2,0,1,0,Transitional_Phase_1,12,2024,4,410,8000,1,1,1,1
STU_3616,2.78,4,4,13,10-15K,1,2,1,1,0,Transitional_Phase_1,5,2025,2,575,12500,1,0,2,0
STU_3617,2.89,4,4,13,Below 10k,0,2,0,1,0,Transitional_Phase_1,3,2025,1,490,8000,1,0,1,0
STU_3618,3.38,22,3,8,10-15K,0,2,1,1,0,Transitional_Phase_1,2,2025,1,474,12500,1,1,2,1
STU_3619,2.75,22,3,8,10-15K,1,2,1,1,0,Transitional_Phase_1,8,2024,3,299,12500,1,0,2,0
STU_3620,3.69,1,4,13,Below 10k,0,2,0,2,0,Transitional_Phase_1,5,2025,2,563,8000,1,2,2,1
STU_3621,2.96,9,0,5,10-15K,1,2,1,1,0,Transitional_Phase_1,12,2024,4,415,12500,1,0,2,0
STU_3622,3.25,15,6,3,Below 10k,0,2,0,1,1,Transitional_Phase_1,1,2025,1,455,8000,1,1,1,1
STU_3623,3.17,16,4,13,10-15K,1,2,1,1,0,Transitional_Phase_1,6,2025,2,589,12500,1,1,2,1
STU_3624,2.93,11,5,9,10-15K,0,2,1,1,0,Transitional_Phase_1,3,2025,1,506,12500,1,0,2,0
STU_3625,3.25,5,3,8,10-15K,1,2,1,1,0,Transitional_Phase_1,4,2025,2,545,12500,1,1,2,1
STU_3626,3.07,14,4,13,16-20K,0,2,2,1,0,Transitional_Phase_1,2,2025,1,483,18000,1,1,3,1
STU_3627,3.18,13,5,9,16-20K,0,2,2,1,0,Transitional_Phase_1,11,2024,4,384,18000,1,1,3,1
STU_3628,3.3,11,5,9,Below 10k,1,2,0,1,0,Transitional_Phase_1,6,2025,2,604,8000,1,1,1,1
STU_3629,2.62,13,5,9,10-15K,0,2,1,1,0,Transitional_Phase_1,5,2025,2,549,12500,1,0,2,0
STU_3630,2.71,13,5,9,Below 10k,0,2,0,1,0,Transitional_Phase_1,2,2025,1,485,8000,1,0,1,0
STU_3631,3.47,0,7,0,10-15K,0,2,1,1,0,Transitional_Phase_1,12,2024,4,408,12500,1,2,2,0
STU_3632,3.37,10,7,0,10-15K,0,2,1,1,0,Transitional_Phase_1,4,2025,2,533,12500,1,1,2,1
STU_3633,3.35,20,1,11,10-15K,0,2,1,1,0,Transitional_Phase_1,2,2025,1,468,12500,1,1,2,1
STU_3634,3.46,5,0,16,Below 10k,1,2,0,1,0,Transitional_Phase_1,10,2024,4,339,8000,1,2,1,0
STU_3635,3.32,10,7,0,Below 10k,1,2,0,1,0,Transitional_Phase_1,2,2025,1,478,8000,1,1,1,1
STU_3636,3.26,9,0,4,Below 10k,1,2,0,1,0,Transitional_Phase_1,2,2025,1,485,8000,1,1,1,1
STU_3637,3.45,5,3,8,Below 10k,0,2,0,1,1,Transitional_Phase_1,1,2025,1,453,8000,1,2,1,0
STU_3638,3.31,5,0,2,10-15K,1,2,1,1,0,Transitional_Phase_1,12,2024,4,403,12500,1,1,2,1
STU_3639,2.89,12,3,8,16-20K,0,2,2,1,0,Transitional_Phase_1,6,2025,2,589,18000,1,0,3,0
STU_3640,3.26,5,0,16,10-15K,1,2,1,1,0,Transitional_Phase_1,3,2025,1,506,12500,1,1,2,1
STU_3641,3.28,7,7,0,Below 10k,0,2,0,1,0,Transitional_Phase_1,10,2024,4,336,8000,1,1,1,1
STU_3642,2.79,5,0,2,16-20K,1,2,2,1,1,Transitional_Phase_1,5,2025,2,549,18000,1,0,3,0
STU_3643,3.3,13,5,9,Below 10k,1,2,0,1,0,Transitional_Phase_1,3,2025,1,514,8000,1,1,1,1
STU_3644,3.16,16,4,13,10-15K,1,2,1,1,0,Transitional_Phase_1,2,2025,1,467,12500,1,1,2,1
STU_3645,3.45,14,4,13,10-15K,1,2,1,1,0,Transitional_Phase_1,10,2024,4,357,12500,1,2,2,0
STU_3646,2.98,10,2,6,10-15K,1,2,1,1,0,Transitional_Phase_1,1,2025,1,438,12500,1,0,2,0
STU_3647,3.45,4,4,13,Below 10k,1,2,0,1,0,Transitional_Phase_1,11,2024,4,379,8000,1,2,1,0
STU_3648,2.91,1,4,13,16-20K,1,2,2,1,1,Transitional_Phase_1,8,2024,3,281,18000,1,0,3,0
STU_3649,2.63,10,7,0,16-20K,1,2,2,1,1,Transitional_Phase_1,5,2025,2,575,18000,1,0,3,0
STU_3650,2.62,2,5,9,16-20K,1,2,2,1,1,Transitional_Phase_1,6,2025,2,584,18000,1,0,3,0
STU_3651,3.23,9,2,6,10-15K,0,2,1,1,0,Transitional_Phase_1,9,2024,3,327,12500,1,1,2,1
STU_3652,3.46,5,0,2,16-20K,0,2,2,1,0,Transitional_Phase_1,2,2025,1,467,18000,1,2,3,0
STU_3653,3.4,2,5,9,Below 10k,1,2,0,1,0,Transitional_Phase_1,10,2024,4,349,8000,1,2,1,0
STU_3654,3.41,13,5,9,16-20K,0,2,2,1,0,Transitional_Phase_1,10,2024,4,342,18000,1,2,3,0
STU_3655,3.29,15,6,10,Below 10k,0,2,0,1,0,Transitional_Phase_1,4,2025,2,545,8000,1,1,1,1
STU_3656,3.11,9,0,4,10-15K,1,2,1,1,0,Transitional_Phase_1,5,2025,2,548,12500,1,1,2,1
STU_3657,2.73,10,2,6,16-20K,1,2,2,1,1,Transitional_Phase_1,12,2024,4,403,18000,1,0,3,0
STU_3658,3.02,16,6,12,10-15K,1,2,1,1,0,Transitional_Phase_1,11,2024,4,376,12500,1,1,2,1
STU_3659,3.69,7,3,8,16-20K,1,2,2,2,1,Transitional_Phase_1,8,2024,3,290,18000,1,2,4,1
STU_3660,3.36,2,5,9,16-20K,0,2,2,1,0,Transitional_Phase_1,4,2025,2,537,18000,1,1,3,1
STU_3661,3.38,13,5,9,Below 10k,0,2,0,1,0,Transitional_Phase_1,5,2025,2,554,8000,1,1,1,1
STU_3662,3.95,12,6,14,10-15K,0,2,1,2,0,Transitional_Phase_1,5,2025,2,575,12500,1,2,3,1
STU_3663,3.8,10,7,0,16-20K,1,2,2,2,1,Transitional_Phase_1,4,2025,2,523,18000,1,2,4,1
STU_3664,3.74,12,3,8,10-15K,1,2,1,2,1,Transitional_Phase_1,3,2025,1,496,12500,1,2,3,1
STU_3665,3.48,16,4,13,Below 10k,1,2,0,1,0,Transitional_Phase_1,12,2024,4,425,8000,1,2,1,0
STU_3666,3.44,7,1,17,16-20K,1,2,2,1,1,Transitional_Phase_1,2,2025,1,485,18000,1,2,3,0
STU_3667,3.19,20,1,11,Below 10k,1,2,0,1,0,Transitional_Phase_1,10,2024,4,356,8000,1,1,1,1
STU_3668,3.79,14,4,13,Below 10k,1,2,0,2,0,Transitional_Phase_1,8,2024,3,292,8000,1,2,2,1
STU_3669,3.28,3,2,6,Below 10k,1,2,0,1,0,Transitional_Phase_1,1,2025,1,432,8000,1,1,1,1
STU_3670,3.13,6,1,18,16-20K,1,2,2,1,1,Transitional_Phase_1,9,2024,3,334,18000,1,1,3,1
STU_3671,3.32,15,6,14,Below 10k,0,2,0,1,0,Transitional_Phase_1,4,2025,2,528,8000,1,1,1,1
STU_3672,3.16,16,6,10,10-15K,0,2,1,1,1,Transitional_Phase_1,12,2024,4,425,12500,1,1,2,1
STU_3673,3.48,6,6,10,Below 10k,0,2,0,1,0,Transitional_Phase_1,10,2024,4,354,8000,1,2,1,0
STU_3674,2.85,8,7,0,Below 10k,1,2,0,1,0,Transitional_Phase_1,3,2025,1,495,8000,1,0,1,0
STU_3675,2.75,5,1,18,10-15K,1,2,1,1,0,Transitional_Phase_1,1,2025,1,434,12500,1,0,2,0
STU_3676,3.24,7,3,8,Below 10k,0,2,0,1,0,Transitional_Phase_1,12,2024,4,411,8000,1,1,1,1
STU_3677,3.45,19,6,14,10-15K,1,2,1,1,0,Transitional_Phase_1,11,2024,4,381,12500,1,2,2,0
STU_3678,3.16,5,1,18,16-20K,1,2,2,1,1,Transitional_Phase_1,4,2025,2,544,18000,1,1,3,1
STU_3679,3.17,16,4,13,10-15K,1,2,1,1,0,Transitional_Phase_1,12,2024,4,411,12500,1,1,2,1
STU_3680,3.29,0,7,0,Below 10k,0,2,0,1,0,Transitional_Phase_1,9,2024,3,334,8000,1,1,1,1
STU_3681,3.12,17,2,6,16-20K,1,2,2,1,1,Transitional_Phase_1,12,2024,4,409,18000,1,1,3,1
STU_3682,3.34,10,7,0,10-15K,0,2,1,1,0,Transitional_Phase_1,5,2025,2,549,12500,1,1,2,1
STU_3683,2.86,5,1,11,16-20K,0,2,2,1,1,Transitional_Phase_1,2,2025,1,476,18000,1,0,3,0
STU_3684,3.17,11,5,9,16-20K,0,2,2,1,0,Transitional_Phase_1,1,2025,1,430,18000,1,1,3,1
STU_3685,3.25,12,3,8,10-15K,0,2,1,1,0,Transitional_Phase_1,1,2025,1,447,12500,1,1,2,1
STU_3686,3.46,14,4,13,16-20K,0,2,2,1,0,Transitional_Phase_1,8,2024,3,292,18000,1,2,3,0
STU_3687,2.83,10,7,0,16-20K,1,2,2,1,1,Transitional_Phase_1,5,2025,2,553,18000,1,0,3,0
STU_3688,2.03,8,7,0,Below 10k,0,2,0,0,1,Transitional_Phase_1,12,2024,4,403,8000,1,0,0,1
STU_3689,3.18,7,7,0,16-20K,1,2,2,1,1,Transitional_Phase_1,11,2024,4,387,18000,1,1,3,1
STU_3690,2.99,2,5,9,10-15K,1,2,1,1,0,Transitional_Phase_1,1,2025,1,433,12500,1,0,2,0
STU_3691,3.37,1,4,13,16-20K,1,2,2,1,1,Transitional_Phase_1,1,2025,1,451,18000,1,1,3,1
STU_3692,3.22,7,3,8,10-15K,0,2,1,1,0,Transitional_Phase_1,11,2024,4,372,12500,1,1,2,1
STU_3693,3.26,16,4,13,16-20K,1,2,2,1,1,Transitional_Phase_1,8,2024,3,299,18000,1,1,3,1
STU_3694,3.26,14,4,13,10-15K,0,2,1,1,0,Transitional_Phase_1,1,2025,1,445,12500,1,1,2,1
STU_3695,3.48,7,7,0,16-20K,1,2,2,1,1,Transitional_Phase_1,5,2025,2,570,18000,1,2,3,0
STU_3696,3.25,4,4,13,Below 10k,1,2,0,1,0,Transitional_Phase_1,4,2025,2,526,8000,1,1,1,1
STU_3697,3.36,3,2,6,10-15K,0,2,1,1,0,Transitional_Phase_1,11,2024,4,371,12500,1,1,2,1
STU_3698,3.9,9,2,6,10-15K,1,2,1,2,1,Transitional_Phase_1,9,2024,3,318,12500,1,2,3,1
STU_3699,3.12,4,4,13,10-15K,1,2,1,1,0,Transitional_Phase_1,3,2025,1,487,12500,1,1,2,1
STU_3700,3.41,2,5,9,Below 10k,1,2,0,1,0,Transitional_Phase_1,8,2024,3,302,8000,1,2,1,0
STU_3701,3.0,7,7,0,16-20K,1,2,2,1,1,Transitional_Phase_1,6,2025,2,604,18000,1,1,3,1
STU_3702,2.77,3,2,6,Below 10k,1,2,0,1,0,Transitional_Phase_1,2,2025,1,483,8000,1,0,1,0
STU_3703,3.21,3,2,6,10-15K,1,2,1,1,0,Transitional_Phase_1,3,2025,1,498,12500,1,1,2,1
STU_3704,3.11,13,5,9,10-15K,1,2,1,1,0,Transitional_Phase_1,4,2025,2,543,12500,1,1,2,1
STU_3705,3.12,7,7,0,16-20K,1,2,2,1,1,Transitional_Phase_1,1,2025,1,441,18000,1,1,3,1
STU_3706,2.84,15,6,3,16-20K,1,2,2,1,1,Transitional_Phase_1,1,2025,1,452,18000,1,0,3,0
STU_3707,3.44,1,4,13,16-20K,0,2,2,1,0,Transitional_Phase_1,1,2025,1,452,18000,1,2,3,0
STU_3708,3.03,7,7,0,10-15K,1,2,1,1,0,Transitional_Phase_1,2,2025,1,471,12500,1,1,2,1
STU_3709,2.61,22,3,8,10-15K,0,2,1,1,0,Transitional_Phase_1,3,2025,1,487,12500,1,0,2,0
STU_3710,3.33,10,7,0,Below 10k,0,2,0,1,0,Transitional_Phase_1,6,2025,2,585,8000,1,1,1,1
STU_3711,3.22,11,5,9,10-15K,1,2,1,1,0,Transitional_Phase_1,10,2024,4,338,12500,1,1,2,1
STU_3712,3.37,14,4,13,Below 10k,1,2,0,1,0,Transitional_Phase_1,3,2025,1,496,8000,1,1,1,1
STU_3713,3.33,7,7,0,10-15K,0,2,1,1,0,Transitional_Phase_1,10,2024,4,364,12500,1,1,2,1
STU_3714,3.45,7,3,8,10-15K,1,2,1,1,0,Transitional_Phase_1,5,2025,2,550,12500,1,2,2,0
STU_3715,2.57,14,4,13,10-15K,1,2,1,1,0,Transitional_Phase_1,11,2024,4,371,12500,1,0,2,0
STU_3716,3.26,14,4,13,10-15K,0,2,1,1,1,Transitional_Phase_1,5,2025,2,551,12500,1,1,2,1
STU_3717,3.45,9,0,4,10-15K,1,2,1,1,0,Transitional_Phase_1,11,2024,4,384,12500,1,2,2,0
STU_3718,3.15,5,0,4,16-20K,0,2,2,1,0,Transitional_Phase_1,8,2024,3,281,18000,1,1,3,1
STU_3719,3.14,6,6,14,16-20K,0,2,2,1,0,Transitional_Phase_1,4,2025,2,522,18000,1,1,3,1
STU_3720,3.4,0,7,0,16-20K,0,2,2,1,0,Transitional_Phase_1,6,2025,2,588,18000,1,2,3,0
STU_3721,2.52,22,3,8,10-15K,0,2,1,1,0,Transitional_Phase_1,2,2025,1,479,12500,1,0,2,0
STU_3722,3.27,20,1,11,Below 10k,1,2,0,1,0,Transitional_Phase_1,9,2024,3,311,8000,1,1,1,1
STU_3723,3.73,5,3,8,10-15K,1,2,1,2,1,Transitional_Phase_1,11,2024,4,388,12500,1,2,3,1
STU_3724,3.41,7,1,18,16-20K,1,2,2,1,1,Transitional_Phase_1,1,2025,1,457,18000,1,2,3,0
STU_3725,3.18,5,1,11,Below 10k,1,2,0,1,0,Transitional_Phase_1,4,2025,2,526,8000,1,1,1,1
STU_3726,2.76,6,6,1,16-20K,0,2,2,1,0,Transitional_Phase_1,8,2024,3,302,18000,1,0,3,0
STU_3727,3.03,7,1,17,16-20K,1,2,2,1,1,Transitional_Phase_1,5,2025,2,570,18000,1,1,3,1
STU_3728,3.32,12,3,8,Below 10k,1,2,0,1,0,Transitional_Phase_1,5,2025,2,564,8000,1,1,1,1
STU_3729,3.47,16,6,10,16-20K,1,2,2,1,1,Transitional_Phase_1,6,2025,2,581,18000,1,2,3,0
STU_3730,3.15,5,0,5,16-20K,0,2,2,1,0,Transitional_Phase_1,1,2025,1,453,18000,1,1,3,1
STU_3731,3.18,11,5,9,Below 10k,0,2,0,1,0,Transitional_Phase_1,1,2025,1,454,8000,1,1,1,1
STU_3732,3.41,9,0,16,16-20K,0,2,2,1,0,Transitional_Phase_1,3,2025,1,495,18000,1,2,3,0
STU_3733,3.14,22,3,8,16-20K,1,2,2,1,1,Transitional_Phase_1,4,2025,2,525,18000,1,1,3,1
STU_3734,3.32,21,0,5,10-15K,1,2,1,1,0,Transitional_Phase_1,6,2025,2,579,12500,1,1,2,1
STU_3735,3.13,9,7,0,Below 10k,1,2,0,1,0,Transitional_Phase_1,12,2024,4,425,8000,1,1,1,1
STU_3736,3.26,3,2,6,16-20K,0,2,2,1,0,Transitional_Phase_1,2,2025,1,485,18000,1,1,3,1
STU_3737,2.72,0,7,0,10-15K,0,2,1,1,0,Transitional_Phase_1,11,2024,4,394,12500,1,0,2,0
STU_3738,2.51,20,1,17,16-20K,0,2,2,1,0,Transitional_Phase_1,8,2024,3,285,18000,1,0,3,0
STU_3739,3.31,4,4,13,Below 10k,1,2,0,1,0,Transitional_Phase_1,6,2025,2,602,8000,1,1,1,1
STU_3740,3.14,7,3,8,10-15K,1,2,1,1,0,Transitional_Phase_1,4,2025,2,523,12500,1,1,2,1
STU_3741,3.48,13,5,9,Below 10k,0,2,0,1,0,Transitional_Phase_1,6,2025,2,593,8000,1,2,1,0
STU_3742,3.14,9,2,6,10-15K,1,2,1,1,0,Transitional_Phase_1,1,2025,1,438,12500,1,1,2,1
STU_3743,3.91,12,6,10,Below 10k,1,2,0,2,0,Transitional_Phase_1,2,2025,1,485,8000,1,2,2,1
STU_3744,3.4,10,7,0,Below 10k,0,2,0,1,0,Transitional_Phase_1,6,2025,2,580,8000,1,2,1,0
STU_3745,3.0,7,3,8,10-15K,1,2,1,1,0,Transitional_Phase_1,10,2024,4,343,12500,1,1,2,1
STU_3746,3.47,10,7,0,16-20K,1,2,2,1,0,Transitional_Phase_1,3,2025,1,497,18000,1,2,3,0
STU_3747,2.58,7,3,8,10-15K,0,2,1,1,0,Transitional_Phase_1,8,2024,3,303,12500,1,0,2,0
STU_3748,3.23,21,0,16,Below 10k,0,2,0,1,0,Transitional_Phase_1,8,2024,3,301,8000,1,1,1,1
STU_3749,3.14,11,5,9,Below 10k,1,2,0,1,0,Transitional_Phase_1,3,2025,1,505,8000,1,1,1,1
STU_3750,3.14,0,1,17,10-15K,1,2,1,1,0,Transitional_Phase_1,1,2025,1,444,12500,1,1,2,1
STU_3751,3.61,3,2,6,10-15K,1,2,1,2,1,Transitional_Phase_1,4,2025,2,517,12500,1,2,3,1
STU_3752,3.13,11,5,9,16-20K,0,2,2,1,0,Transitional_Phase_1,8,2024,3,283,18000,1,1,3,1
STU_3753,3.33,5,1,17,10-15K,1,2,1,1,0,Transitional_Phase_1,12,2024,4,408,12500,1,1,2,1
STU_3754,3.35,6,6,3,10-15K,0,2,1,1,1,Transitional_Phase_1,8,2024,3,303,12500,1,1,2,1
STU_3755,3.4,8,7,0,Below 10k,1,2,0,1,0,Transitional_Phase_1,12,2024,4,396,8000,1,2,1,0
STU_3756,3.58,5,3,8,Below 10k,1,2,0,2,0,Transitional_Phase_1,4,2025,2,543,8000,1,2,2,1
STU_3757,3.19,19,6,14,10-15K,0,2,1,1,0,Transitional_Phase_1,10,2024,4,349,12500,1,1,2,1
STU_3758,2.19,9,2,6,16-20K,0,2,2,0,0,Transitional_Phase_1,12,2024,4,406,18000,1,0,2,1
STU_3759,3.07,0,7,0,10-15K,0,2,1,1,0,Transitional_Phase_1,9,2024,3,334,12500,1,1,2,1
STU_3760,3.27,9,2,6,10-15K,1,2,1,1,0,Transitional_Phase_1,4,2025,2,518,12500,1,1,2,1
STU_3761,3.32,13,5,9,10-15K,0,2,1,1,0,Transitional_Phase_1,10,2024,4,364,12500,1,1,2,1
STU_3762,2.97,12,3,8,Below 10k,0,2,0,1,0,Transitional_Phase_1,10,2024,4,360,8000,1,0,1,0
STU_3763,3.31,10,2,6,10-15K,1,2,1,1,0,Transitional_Phase_1,3,2025,1,502,12500,1,1,2,1
STU_3764,3.18,14,4,13,10-15K,1,2,1,1,0,Transitional_Phase_1,12,2024,4,412,12500,1,1,2,1
STU_3765,2.78,20,1,18,Below 10k,1,2,0,1,0,Transitional_Phase_1,6,2025,2,589,8000,1,0,1,0
STU_3766,3.39,12,3,8,10-15K,1,2,1,1,0,Transitional_Phase_1,10,2024,4,354,12500,1,1,2,1
STU_3767,3.03,10,2,6,16-20K,0,2,2,1,0,Transitional_Phase_1,9,2024,3,330,18000,1,1,3,1
STU_3768,3.21,5,3,8,16-20K,0,2,2,1,0,Transitional_Phase_1,6,2025,2,604,18000,1,1,3,1
STU_3769,2.63,8,7,0,Below 10k,1,2,0,1,0,Transitional_Phase_1,4,2025,2,536,8000,1,0,1,0
STU_3770,2.61,1,4,13,16-20K,0,2,2,1,1,Transitional_Phase_1,1,2025,1,430,18000,1,0,3,0
STU_3771,3.1,7,1,18,10-15K,1,2,1,1,0,Transitional_Phase_1,11,2024,4,384,12500,1,1,2,1
STU_3772,3.22,13,5,9,10-15K,0,2,1,1,0,Transitional_Phase_1,9,2024,3,320,12500,1,1,2,1
STU_3773,2.66,9,0,2,16-20K,0,2,2,1,0,Transitional_Phase_1,9,2024,3,332,18000,1,0,3,0
STU_3774,3.2,13,5,9,16-20K,0,2,2,1,0,Transitional_Phase_1,5,2025,2,573,18000,1,1,3,1
STU_3775,3.81,10,2,6,16-20K,0,2,2,2,0,Transitional_Phase_1,5,2025,2,564,18000,1,2,4,1
STU_3776,3.37,5,0,5,16-20K,1,2,2,1,0,Transitional_Phase_1,1,2025,1,445,18000,1,1,3,1
STU_3777,2.73,1,4,13,Below 10k,1,2,0,1,0,Transitional_Phase_1,5,2025,2,569,8000,1,0,1,0
STU_3778,3.41,9,7,0,10-15K,1,2,1,1,0,Transitional_Phase_1,11,2024,4,386,12500,1,2,2,0
STU_3779,2.56,15,6,1,10-15K,1,2,1,1,0,Transitional_Phase_1,8,2024,3,285,12500,1,0,2,0
STU_3780,3.75,12,3,8,Below 10k,1,2,0,2,0,Transitional_Phase_1,9,2024,3,311,8000,1,2,2,1
STU_3781,3.43,13,0,4,10-15K,1,2,1,1,0,Transitional_Phase_1,3,2025,1,488,12500,1,2,2,0
STU_3782,3.24,7,3,8,Below 10k,0,2,0,1,0,Transitional_Phase_1,6,2025,2,578,8000,1,1,1,1
STU_3783,3.41,10,2,6,16-20K,1,2,2,1,1,Transitional_Phase_1,1,2025,1,435,18000,1,2,3,0
STU_3784,3.1,15,6,1,10-15K,0,2,1,1,1,Transitional_Phase_1,5,2025,2,556,12500,1,1,2,1
STU_3785,3.65,21,0,15,16-20K,0,2,2,2,0,Transitional_Phase_1,9,2024,3,332,18000,1,2,4,1
STU_3786,3.25,6,1,17,Below 10k,1,2,0,1,0,Transitional_Phase_1,6,2025,2,583,8000,1,1,1,1
STU_3787,3.48,10,7,0,16-20K,0,2,2,1,0,Transitional_Phase_1,9,2024,3,307,18000,1,2,3,0
STU_3788,2.21,16,6,1,Below 10k,0,2,0,0,0,Transitional_Phase_1,3,2025,1,514,8000,1,0,0,1
STU_3789,3.21,7,3,8,16-20K,1,2,2,1,1,Transitional_Phase_1,12,2024,4,413,18000,1,1,3,1
STU_3790,3.14,7,1,17,Below 10k,1,2,0,1,0,Transitional_Phase_1,6,2025,2,589,8000,1,1,1,1
STU_3791,3.3,17,2,6,10-15K,0,2,1,1,0,Transitional_Phase_1,2,2025,1,465,12500,1,1,2,1
STU_3792,3.22,5,1,11,16-20K,0,2,2,1,0,Transitional_Phase_1,12,2024,4,423,18000,1,1,3,1
STU_3793,3.19,13,5,9,16-20K,0,2,2,1,0,Transitional_Phase_1,1,2025,1,427,18000,1,1,3,1
STU_3794,3.2,16,6,1,10-15K,0,2,1,1,0,Transitional_Phase_1,8,2024,3,300,12500,1,1,2,1
STU_3795,3.26,7,7,0,16-20K,1,2,2,1,1,Transitional_Phase_1,3,2025,1,514,18000,1,1,3,1
STU_3796,3.19,3,2,6,10-15K,0,2,1,1,0,Transitional_Phase_1,3,2025,1,509,12500,1,1,2,1
STU_3797,3.15,12,3,8,10-15K,0,2,1,1,0,Transitional_Phase_1,11,2024,4,368,12500,1,1,2,1
STU_3798,3.28,18,0,16,10-15K,0,2,1,1,0,Transitional_Phase_1,1,2025,1,436,12500,1,1,2,1
STU_3799,3.4,9,7,0,Below 10k,0,2,0,1,1,Transitional_Phase_1,4,2025,2,520,8000,1,2,1,0
STU_3800,2.55,13,5,9,Below 10k,1,2,0,1,0,Transitional_Phase_1,9,2024,3,315,8000,1,0,1,0
STU_3801,3.37,1,4,13,10-15K,1,2,1,1,0,Transitional_Phase_1,3,2025,1,487,12500,1,1,2,1
STU_3802,3.48,6,1,11,Below 10k,0,2,0,1,0,Transitional_Phase_1,9,2024,3,312,8000,1,2,1,0
STU_3803,3.23,18,0,16,16-20K,0,2,2,1,0,Transitional_Phase_1,1,2025,1,441,18000,1,1,3,1
STU_3804,3.29,4,4,13,16-20K,0,2,2,1,0,Transitional_Phase_1,10,2024,4,347,18000,1,1,3,1
STU_3805,3.43,2,5,9,Below 10k,0,2,0,1,0,Transitional_Phase_1,2,2025,1,474,8000,1,2,1,0
STU_3806,3.23,5,0,4,10-15K,1,2,1,1,0,Transitional_Phase_1,12,2024,4,409,12500,1,1,2,1
STU_3807,3.02,16,6,14,16-20K,0,2,2,1,0,Transitional_Phase_1,3,2025,1,499,18000,1,1,3,1
STU_3808,2.51,9,2,6,Below 10k,1,2,0,1,0,Transitional_Phase_1,2,2025,1,482,8000,1,0,1,0
STU_3809,3.29,12,6,10,16-20K,1,2,2,1,1,Transitional_Phase_1,9,2024,3,305,18000,1,1,3,1
STU_3810,3.24,4,4,13,10-15K,1,2,1,1,0,Transitional_Phase_1,10,2024,4,340,12500,1,1,2,1
STU_3811,3.35,20,1,11,Below 10k,1,2,0,1,0,Transitional_Phase_1,3,2025,1,495,8000,1,1,1,1
STU_3812,3.49,12,6,14,Below 10k,0,2,0,1,1,Transitional_Phase_1,9,2024,3,329,8000,1,2,1,0
STU_3813,2.42,3,2,6,Below 10k,1,2,0,0,0,Transitional_Phase_1,5,2025,2,556,8000,1,0,0,1
STU_3814,3.02,10,2,6,Below 10k,0,2,0,1,0,Transitional_Phase_1,4,2025,2,537,8000,1,1,1,1
STU_3815,3.48,3,2,6,10-15K,0,2,1,1,0,Transitional_Phase_1,2,2025,1,475,12500,1,2,2,0
STU_3816,3.14,0,1,11,Below 10k,1,2,0,1,0,Transitional_Phase_1,2,2025,1,465,8000,1,1,1,1
STU_3817,3.24,22,3,8,Below 10k,1,2,0,1,0,Transitional_Phase_1,5,2025,2,563,8000,1,1,1,1
STU_3818,3.44,8,7,0,Below 10k,0,2,0,1,0,Transitional_Phase_1,8,2024,3,294,8000,1,2,1,0
STU_3819,3.48,10,7,0,16-20K,1,2,2,1,1,Transitional_Phase_1,6,2025,2,579,18000,1,2,3,0
STU_3820,3.27,10,7,0,10-15K,1,2,1,1,0,Transitional_Phase_1,4,2025,2,521,12500,1,1,2,1
STU_3821,3.44,22,3,8,10-15K,0,2,1,1,0,Transitional_Phase_1,4,2025,2,532,12500,1,2,2,0
STU_3822,3.17,6,1,18,10-15K,1,2,1,1,0,Transitional_Phase_1,1,2025,1,433,12500,1,1,2,1
STU_3823,2.99,20,1,11,Below 10k,0,2,0,1,0,Transitional_Phase_1,8,2024,3,301,8000,1,0,1,0
STU_3824,3.73,16,6,12,10-15K,0,2,1,2,0,Transitional_Phase_1,2,2025,1,479,12500,1,2,3,1
STU_3825,3.14,19,6,14,Below 10k,1,2,0,1,0,Transitional_Phase_1,11,2024,4,376,8000,1,1,1,1
STU_3826,3.47,5,3,8,10-15K,1,2,1,1,0,Transitional_Phase_1,4,2025,2,527,12500,1,2,2,0
STU_3827,3.47,13,5,9,Below 10k,0,2,0,1,0,Transitional_Phase_1,1,2025,1,442,8000,1,2,1,0
STU_3828,3.93,22,3,8,10-15K,1,2,1,2,1,Transitional_Phase_1,5,2025,2,555,12500,1,2,3,1
STU_3829,3.44,21,0,16,Below 10k,0,2,0,1,0,Transitional_Phase_1,1,2025,1,442,8000,1,2,1,0
STU_3830,3.43,6,6,1,Below 10k,1,2,0,1,0,Transitional_Phase_1,11,2024,4,395,8000,1,2,1,0
STU_3831,3.21,5,0,5,Below 10k,1,2,0,1,0,Transitional_Phase_1,9,2024,3,317,8000,1,1,1,1
STU_3832,3.06,12,3,8,10-15K,0,2,1,1,0,Transitional_Phase_1,3,2025,1,501,12500,1,1,2,1
STU_3833,3.46,20,1,11,Below 10k,1,2,0,1,0,Transitional_Phase_1,6,2025,2,592,8000,1,2,1,0
STU_3834,3.26,13,0,4,16-20K,0,2,2,1,0,Transitional_Phase_1,2,2025,1,462,18000,1,1,3,1
STU_3835,3.31,0,1,17,10-15K,1,2,1,1,0,Transitional_Phase_1,6,2025,2,587,12500,1,1,2,1
STU_3836,3.21,9,7,0,10-15K,1,2,1,1,0,Transitional_Phase_1,9,2024,3,319,12500,1,1,2,1
STU_3837,3.32,9,2,6,Below 10k,0,2,0,1,0,Transitional_Phase_1,5,2025,2,558,8000,1,1,1,1
STU_3838,3.27,14,4,13,10-15K,0,2,1,1,0,Transitional_Phase_1,11,2024,4,369,12500,1,1,2,1
STU_3839,3.02,0,1,18,16-20K,0,2,2,1,0,Transitional_Phase_1,10,2024,4,363,18000,1,1,3,1
STU_3840,2.32,7,7,0,Below 10k,1,2,0,0,0,Transitional_Phase_1,12,2024,4,412,8000,1,0,0,1
STU_3841,3.43,16,4,13,10-15K,1,2,1,1,0,Transitional_Phase_1,4,2025,2,517,12500,1,2,2,0
STU_3842,2.52,6,6,12,16-20K,1,2,2,1,1,Transitional_Phase_1,6,2025,2,584,18000,1,0,3,0
STU_3843,3.16,5,0,2,Below 10k,1,2,0,1,0,Transitional_Phase_1,6,2025,2,597,8000,1,1,1,1
STU_3844,3.78,16,4,13,16-20K,0,2,2,2,0,Transitional_Phase_1,9,2024,3,310,18000,1,2,4,1
STU_3845,3.2,6,6,14,10-15K,1,2,1,1,0,Transitional_Phase_1,12,2024,4,420,12500,1,1,2,1
STU_3846,3.39,10,2,6,Below 10k,0,2,0,1,0,Transitional_Phase_1,1,2025,1,441,8000,1,1,1,1
STU_3847,3.49,7,3,8,16-20K,0,2,2,1,0,Transitional_Phase_1,5,2025,2,548,18000,1,2,3,0
STU_3848,3.85,0,7,0,Below 10k,0,2,0,2,0,Transitional_Phase_1,3,2025,1,489,8000,1,2,2,1
STU_3849,3.4,0,7,0,10-15K,1,2,1,1,0,Transitional_Phase_1,2,2025,1,473,12500,1,2,2,0
STU_3850,3.62,15,6,10,10-15K,1,2,1,2,1,Transitional_Phase_1,11,2024,4,376,12500,1,2,3,1
STU_3851,3.12,11,5,9,16-20K,1,2,2,1,1,Transitional_Phase_1,10,2024,4,363,18000,1,1,3,1
STU_3852,3.55,11,5,9,16-20K,1,2,2,2,1,Transitional_Phase_1,10,2024,4,344,18000,1,2,4,1
STU_3853,2.55,7,3,8,10-15K,0,2,1,1,0,Transitional_Phase_1,8,2024,3,301,12500,1,0,2,0
STU_3854,3.15,16,6,1,16-20K,0,2,2,1,0,Transitional_Phase_1,5,2025,2,558,18000,1,1,3,1
STU_3855,3.32,17,2,6,Below 10k,0,2,0,1,0,Transitional_Phase_1,4,2025,2,522,8000,1,1,1,1
STU_3856,2.64,6,6,10,10-15K,1,2,1,1,0,Transitional_Phase_1,1,2025,1,429,12500,1,0,2,0
STU_3857,3.51,13,0,16,Below 10k,1,2,0,2,0,Transitional_Phase_1,2,2025,1,485,8000,1,2,2,1
STU_3858,3.14,20,1,17,Below 10k,0,2,0,1,0,Transitional_Phase_1,11,2024,4,371,8000,1,1,1,1
STU_3859,3.37,7,1,18,10-15K,1,2,1,1,0,Transitional_Phase_1,3,2025,1,500,12500,1,1,2,1
STU_3860,3.72,2,5,9,10-15K,0,2,1,2,0,Transitional_Phase_1,6,2025,2,589,12500,1,2,3,1
STU_3861,3.38,15,6,1,Below 10k,1,2,0,1,0,Transitional_Phase_1,8,2024,3,295,8000,1,1,1,1
STU_3862,3.2,7,3,8,16-20K,1,2,2,1,1,Transitional_Phase_1,5,2025,2,564,18000,1,1,3,1
STU_3863,3.28,16,4,13,Below 10k,0,2,0,1,0,Transitional_Phase_1,10,2024,4,361,8000,1,1,1,1
STU_3864,2.77,5,1,17,10-15K,1,2,1,1,0,Transitional_Phase_1,10,2024,4,340,12500,1,0,2,0
STU_3865,3.31,13,5,9,10-15K,0,2,1,1,0,Transitional_Phase_1,6,2025,2,581,12500,1,1,2,1
STU_3866,3.23,15,6,3,Below 10k,1,2,0,1,0,Transitional_Phase_1,5,2025,2,571,8000,1,1,1,1
STU_3867,3.19,12,6,3,10-15K,1,2,1,1,0,Transitional_Phase_1,11,2024,4,386,12500,1,1,2,1
STU_3868,2.58,7,1,18,16-20K,0,2,2,1,0,Transitional_Phase_1,12,2024,4,401,18000,1,0,3,0
STU_3869,3.16,8,7,0,10-15K,1,2,1,1,0,Transitional_Phase_1,12,2024,4,406,12500,1,1,2,1
STU_3870,3.22,13,5,9,16-20K,0,2,2,1,0,Transitional_Phase_1,12,2024,4,407,18000,1,1,3,1
STU_3871,3.12,12,6,1,10-15K,0,2,1,1,0,Transitional_Phase_1,1,2025,1,431,12500,1,1,2,1
STU_3872,3.14,13,5,9,10-15K,1,2,1,1,0,Transitional_Phase_1,10,2024,4,347,12500,1,1,2,1
STU_3873,2.55,9,0,15,Below 10k,0,2,0,1,0,Transitional_Phase_1,9,2024,3,330,8000,1,0,1,0
STU_3874,3.14,22,3,8,16-20K,1,2,2,1,0,Transitional_Phase_1,9,2024,3,326,18000,1,1,3,1
STU_3875,3.22,10,7,0,Below 10k,1,2,0,1,0,Transitional_Phase_1,10,2024,4,353,8000,1,1,1,1
STU_3876,3.16,16,6,1,16-20K,0,2,2,1,0,Transitional_Phase_1,3,2025,1,495,18000,1,1,3,1
STU_3877,3.14,2,5,9,Below 10k,1,2,0,1,0,Transitional_Phase_1,8,2024,3,284,8000,1,1,1,1
STU_3878,3.39,7,1,17,16-20K,1,2,2,1,1,Transitional_Phase_1,9,2024,3,308,18000,1,1,3,1
STU_3879,2.68,12,6,1,16-20K,0,2,2,1,0,Transitional_Phase_1,4,2025,2,534,18000,1,0,3,0
STU_3880,3.38,13,5,9,Below 10k,1,2,0,1,0,Transitional_Phase_1,8,2024,3,287,8000,1,1,1,1
STU_3881,3.19,21,0,5,Below 10k,1,2,0,1,0,Transitional_Phase_1,2,2025,1,460,8000,1,1,1,1
STU_3882,3.46,16,4,13,Below 10k,0,2,0,1,0,Transitional_Phase_1,3,2025,1,508,8000,1,2,1,0
STU_3883,2.38,5,0,2,16-20K,1,2,2,0,1,Transitional_Phase_1,3,2025,1,508,18000,1,0,2,1
STU_3884,3.39,8,7,0,Below 10k,0,2,0,1,0,Transitional_Phase_1,10,2024,4,347,8000,1,1,1,1
STU_3885,3.21,20,1,11,16-20K,1,2,2,1,1,Transitional_Phase_1,5,2025,2,574,18000,1,1,3,1
STU_3886,3.26,12,6,3,10-15K,1,2,1,1,0,Transitional_Phase_1,1,2025,1,445,12500,1,1,2,1
STU_3887,2.69,20,1,18,16-20K,0,2,2,1,0,Transitional_Phase_1,12,2024,4,412,18000,1,0,3,0
STU_3888,3.8,0,7,0,10-15K,0,2,1,2,1,Transitional_Phase_1,9,2024,3,322,12500,1,2,3,1
STU_3889,3.15,0,7,0,10-15K,1,2,1,1,0,Transitional_Phase_1,6,2025,2,585,12500,1,1,2,1
STU_3890,3.4,0,1,18,Below 10k,0,2,0,1,0,Transitional_Phase_1,1,2025,1,454,8000,1,2,1,0
STU_3891,3.33,10,7,0,16-20K,1,2,2,1,1,Transitional_Phase_1,5,2025,2,556,18000,1,1,3,1
STU_3892,3.09,20,1,18,16-20K,0,2,2,1,0,Transitional_Phase_1,8,2024,3,285,18000,1,1,3,1
STU_3893,3.12,6,6,12,Below 10k,0,2,0,1,0,Transitional_Phase_1,11,2024,4,384,8000,1,1,1,1
STU_3894,3.64,11,5,9,10-15K,0,2,1,2,0,Transitional_Phase_1,4,2025,2,545,12500,1,2,3,1
STU_3895,3.17,6,6,10,10-15K,0,2,1,1,0,Transitional_Phase_1,1,2025,1,430,12500,1,1,2,1
STU_3896,3.25,5,3,8,16-20K,1,2,2,1,1,Transitional_Phase_1,6,2025,2,580,18000,1,1,3,1
STU_3897,3.34,6,6,3,Below 10k,1,2,0,1,0,Transitional_Phase_1,8,2024,3,295,8000,1,1,1,1
STU_3898,3.33,7,3,8,16-20K,1,2,2,1,1,Transitional_Phase_1,2,2025,1,461,18000,1,1,3,1
STU_3899,3.45,21,0,15,16-20K,1,2,2,1,1,Transitional_Phase_1,8,2024,3,303,18000,1,2,3,0
STU_3900,3.47,12,6,3,Below 10k,0,2,0,1,0,Transitional_Phase_1,2,2025,1,479,8000,1,2,1,0
STU_3901,2.55,2,5,9,16-20K,0,2,2,1,0,Transitional_Phase_1,12,2024,4,421,18000,1,0,3,0
STU_3902,3.24,11,5,9,16-20K,0,2,2,1,0,Transitional_Phase_1,5,2025,2,577,18000,1,1,3,1
STU_3903,3.62,17,2,6,Below 10k,1,2,0,2,0,Transitional_Phase_1,5,2025,2,557,8000,1,2,2,1
STU_3904,3.1,19,6,1,10-15K,0,2,1,1,0,Transitional_Phase_1,5,2025,2,564,12500,1,1,2,1
STU_3905,3.25,21,0,15,10-15K,0,2,1,1,0,Transitional_Phase_1,11,2024,4,373,12500,1,1,2,1
STU_3906,3.22,11,5,9,16-20K,1,2,2,1,1,Transitional_Phase_1,4,2025,2,524,18000,1,1,3,1
STU_3907,3.39,9,2,6,16-20K,1,2,2,1,1,Transitional_Phase_1,9,2024,3,321,18000,1,1,3,1
STU_3908,2.62,11,5,9,16-20K,1,2,2,1,1,Transitional_Phase_1,11,2024,4,377,18000,1,0,3,0
STU_3909,2.85,16,4,13,16-20K,1,2,2,1,1,Transitional_Phase_1,1,2025,1,443,18000,1,0,3,0
STU_3910,3.21,2,5,9,Below 10k,1,2,0,1,0,Transitional_Phase_1,4,2025,2,531,8000,1,1,1,1
STU_3911,2.99,6,6,14,16-20K,0,2,2,1,0,Transitional_Phase_1,9,2024,3,306,18000,1,0,3,0
STU_3912,3.35,21,0,2,Below 10k,1,2,0,1,0,Transitional_Phase_1,4,2025,2,544,8000,1,1,1,1
STU_3913,3.36,21,0,15,16-20K,0,2,2,1,0,Transitional_Phase_1,11,2024,4,380,18000,1,1,3,1
STU_3914,2.71,16,4,13,10-15K,0,2,1,1,0,Transitional_Phase_1,5,2025,2,556,12500,1,0,2,0
STU_3915,2.77,1,4,13,16-20K,0,2,2,1,0,Transitional_Phase_1,4,2025,2,545,18000,1,0,3,0
STU_3916,2.54,11,5,9,10-15K,1,2,1,1,0,Transitional_Phase_1,12,2024,4,401,12500,1,0,2,0
STU_3917,3.45,2,5,9,16-20K,0,2,2,1,0,Transitional_Phase_1,4,2025,2,533,18000,1,2,3,0
STU_3918,3.39,12,6,1,Below 10k,1,2,0,1,0,Transitional_Phase_1,5,2025,2,570,8000,1,1,1,1
STU_3919,2.8,10,2,6,Below 10k,0,2,0,1,0,Transitional_Phase_1,11,2024,4,384,8000,1,0,1,0
STU_3920,3.17,0,1,18,16-20K,1,2,2,1,1,Transitional_Phase_1,11,2024,4,395,18000,1,1,3,1
STU_3921,2.7,12,6,14,16-20K,0,2,2,1,0,Transitional_Phase_1,9,2024,3,319,18000,1,0,3,0
STU_3922,3.11,13,5,9,16-20K,0,2,2,1,0,Transitional_Phase_1,3,2025,1,506,18000,1,1,3,1
STU_3923,3.1,20,1,17,10-15K,0,2,1,1,0,Transitional_Phase_1,9,2024,3,310,12500,1,1,2,1
STU_3924,2.56,16,4,13,Below 10k,0,2,0,1,0,Transitional_Phase_1,5,2025,2,564,8000,1,0,1,0
STU_3925,2.74,14,4,13,16-20K,0,2,2,1,0,Transitional_Phase_1,4,2025,2,542,18000,1,0,3,0
STU_3926,3.95,5,0,5,10-15K,0,2,1,2,1,Transitional_Phase_1,2,2025,1,471,12500,1,2,3,1
STU_3927,3.57,7,7,0,16-20K,1,2,2,2,1,Transitional_Phase_1,9,2024,3,325,18000,1,2,4,1
STU_3928,3.13,1,4,13,Below 10k,0,2,0,1,0,Transitional_Phase_1,11,2024,4,377,8000,1,1,1,1
STU_3929,3.27,10,2,6,Below 10k,1,2,0,1,0,Transitional_Phase_1,11,2024,4,392,8000,1,1,1,1
STU_3930,3.84,11,5,9,10-15K,1,2,1,2,1,Transitional_Phase_1,2,2025,1,465,12500,1,2,3,1
STU_3931,3.48,17,2,6,Below 10k,0,2,0,1,0,Transitional_Phase_1,12,2024,4,419,8000,1,2,1,0
STU_3932,3.28,10,7,0,Below 10k,0,2,0,1,0,Transitional_Phase_1,10,2024,4,353,8000,1,1,1,1
STU_3933,3.46,17,2,6,Below 10k,1,2,0,1,0,Transitional_Phase_1,4,2025,2,517,8000,1,2,1,0
STU_3934,3.9,3,2,6,16-20K,0,2,2,2,1,Transitional_Phase_1,5,2025,2,569,18000,1,2,4,1
STU_3935,3.25,10,2,6,16-20K,1,2,2,1,1,Transitional_Phase_1,6,2025,2,603,18000,1,1,3,1
STU_3936,3.49,11,5,9,10-15K,1,2,1,1,0,Transitional_Phase_1,9,2024,3,316,12500,1,2,2,0
STU_3937,3.45,2,5,9,16-20K,1,2,2,1,1,Transitional_Phase_1,5,2025,2,577,18000,1,2,3,0
STU_3938,3.45,1,4,13,Below 10k,0,2,0,1,0,Transitional_Phase_1,10,2024,4,361,8000,1,2,1,0
STU_3939,3.33,18,0,15,Below 10k,1,2,0,1,0,Transitional_Phase_1,4,2025,2,534,8000,1,1,1,1
STU_3940,3.2,1,4,13,10-15K,1,2,1,1,0,Transitional_Phase_1,4,2025,2,523,12500,1,1,2,1
STU_3941,3.29,10,7,0,Below 10k,1,2,0,1,0,Transitional_Phase_1,5,2025,2,563,8000,1,1,1,1
STU_3942,3.48,17,2,6,10-15K,1,2,1,1,0,Transitional_Phase_1,2,2025,1,469,12500,1,2,2,0
STU_3943,3.43,9,7,0,Below 10k,1,2,0,1,0,Transitional_Phase_1,3,2025,1,490,8000,1,2,1,0
STU_3944,2.54,21,0,15,16-20K,1,2,2,1,1,Transitional_Phase_1,3,2025,1,487,18000,1,0,3,0
STU_3945,3.17,22,3,8,16-20K,0,2,2,1,0,Transitional_Phase_1,6,2025,2,599,18000,1,1,3,1
STU_3946,3.32,21,0,16,16-20K,0,2,2,1,0,Transitional_Phase_1,12,2024,4,421,18000,1,1,3,1
STU_3947,3.17,5,0,16,Below 10k,1,2,0,1,0,Transitional_Phase_1,12,2024,4,422,8000,1,1,1,1
STU_3948,2.96,4,4,13,Below 10k,0,2,0,1,0,Transitional_Phase_1,3,2025,1,516,8000,1,0,1,0
STU_3949,3.39,22,3,8,10-15K,1,2,1,1,0,Transitional_Phase_1,4,2025,2,540,12500,1,1,2,1
STU_3950,3.37,2,5,9,10-15K,1,2,1,1,0,Transitional_Phase_1,11,2024,4,366,12500,1,1,2,1
STU_3951,3.18,10,2,6,16-20K,1,2,2,1,0,Transitional_Phase_1,5,2025,2,560,18000,1,1,3,1
STU_3952,3.29,16,4,13,16-20K,1,2,2,1,1,Transitional_Phase_1,10,2024,4,341,18000,1,1,3,1
STU_3953,3.3,4,4,13,Below 10k,0,2,0,1,0,Transitional_Phase_1,12,2024,4,411,8000,1,1,1,1
STU_3954,3.15,9,7,0,Below 10k,1,2,0,1,0,Transitional_Phase_1,10,2024,4,364,8000,1,1,1,1
STU_3955,3.4,16,4,13,16-20K,0,2,2,1,0,Transitional_Phase_1,11,2024,4,385,18000,1,2,3,0
STU_3956,3.22,0,1,17,Below 10k,1,2,0,1,0,Transitional_Phase_1,10,2024,4,362,8000,1,1,1,1
STU_3957,3.56,5,1,17,10-15K,0,2,1,2,0,Transitional_Phase_1,10,2024,4,337,12500,1,2,3,1
STU_3958,3.13,9,0,2,Below 10k,1,2,0,1,0,Transitional_Phase_1,2,2025,1,473,8000,1,1,1,1
STU_3959,2.7,13,5,9,16-20K,1,2,2,1,1,Transitional_Phase_1,2,2025,1,475,18000,1,0,3,0
STU_3960,3.33,14,4,13,Below 10k,1,2,0,1,0,Transitional_Phase_1,11,2024,4,388,8000,1,1,1,1
STU_3961,3.17,7,7,0,16-20K,0,2,2,1,0,Transitional_Phase_1,8,2024,3,285,18000,1,1,3,1
STU_3962,3.46,18,0,2,Below 10k,0,2,0,1,0,Transitional_Phase_1,9,2024,3,319,8000,1,2,1,0
STU_3963,2.6,9,2,6,10-15K,0,2,1,1,1,Transitional_Phase_1,11,2024,4,366,12500,1,0,2,0
STU_3964,3.14,18,0,2,16-20K,1,2,2,1,1,Transitional_Phase_1,1,2025,1,450,18000,1,1,3,1
STU_3965,3.12,21,0,16,16-20K,1,2,2,1,1,Transitional_Phase_1,8,2024,3,289,18000,1,1,3,1
STU_3966,3.16,8,7,0,10-15K,1,2,1,1,0,Transitional_Phase_1,2,2025,1,473,12500,1,1,2,1
STU_3967,3.05,5,0,5,10-15K,0,2,1,1,0,Transitional_Phase_1,6,2025,2,597,12500,1,1,2,1
STU_3968,3.16,12,6,10,10-15K,1,2,1,1,0,Transitional_Phase_1,9,2024,3,327,12500,1,1,2,1
STU_3969,2.95,14,4,13,10-15K,1,2,1,1,0,Transitional_Phase_1,4,2025,2,521,12500,1,0,2,0
STU_3970,3.42,8,7,0,10-15K,1,2,1,1,0,Transitional_Phase_1,1,2025,1,447,12500,1,2,2,0
STU_3971,3.29,18,0,16,16-20K,0,2,2,1,0,Transitional_Phase_1,5,2025,2,564,18000,1,1,3,1
STU_3972,3.36,1,4,13,16-20K,1,2,2,1,1,Transitional_Phase_1,6,2025,2,593,18000,1,1,3,1
STU_3973,2.96,8,7,0,10-15K,1,2,1,1,0,Transitional_Phase_1,8,2024,3,281,12500,1,0,2,0
STU_3974,2.83,10,2,6,16-20K,1,2,2,1,1,Transitional_Phase_1,9,2024,3,334,18000,1,0,3,0
STU_3975,3.11,13,0,2,16-20K,1,2,2,1,1,Transitional_Phase_1,12,2024,4,396,18000,1,1,3,1
STU_3976,3.28,10,2,6,10-15K,0,2,1,1,0,Transitional_Phase_1,4,2025,2,520,12500,1,1,2,1
STU_3977,3.25,22,3,8,16-20K,0,2,2,1,0,Transitional_Phase_1,5,2025,2,575,18000,1,1,3,1
STU_3978,3.06,2,5,9,Below 10k,1,2,0,1,0,Transitional_Phase_1,3,2025,1,496,8000,1,1,1,1
STU_3979,2.52,13,5,9,16-20K,0,2,2,1,0,Transitional_Phase_1,11,2024,4,371,18000,1,0,3,0
STU_3980,2.82,16,4,13,16-20K,1,2,2,1,1,Transitional_Phase_1,5,2025,2,548,18000,1,0,3,0
STU_3981,2.91,4,4,13,10-15K,1,2,1,1,0,Transitional_Phase_1,6,2025,2,598,12500,1,0,2,0
STU_3982,3.46,0,7,0,10-15K,1,2,1,1,0,Transitional_Phase_1,9,2024,3,317,12500,1,2,2,0
STU_3983,3.22,17,2,6,10-15K,0,2,1,1,0,Transitional_Phase_1,11,2024,4,382,12500,1,1,2,1
STU_3984,3.32,0,1,11,16-20K,1,2,2,1,1,Transitional_Phase_1,4,2025,2,540,18000,1,1,3,1
STU_3985,3.37,9,7,0,16-20K,1,2,2,1,1,Transitional_Phase_1,2,2025,1,462,18000,1,1,3,1
STU_3986,3.21,0,7,0,Below 10k,1,2,0,1,0,Transitional_Phase_1,1,2025,1,449,8000,1,1,1,1
STU_3987,3.16,22,3,8,16-20K,1,2,2,1,1,Transitional_Phase_1,10,2024,4,339,18000,1,1,3,1
STU_3988,3.37,22,3,8,Below 10k,1,2,0,1,0,Transitional_Phase_1,9,2024,3,317,8000,1,1,1,1
STU_3989,3.43,1,4,13,Below 10k,1,2,0,1,0,Transitional_Phase_1,5,2025,2,576,8000,1,2,1,0
STU_3990,3.16,7,3,8,10-15K,1,2,1,1,0,Transitional_Phase_1,1,2025,1,457,12500,1,1,2,1
STU_3991,2.85,13,5,9,16-20K,1,2,2,1,1,Transitional_Phase_1,10,2024,4,363,18000,1,0,3,0
STU_3992,2.86,0,1,18,16-20K,0,2,2,1,0,Transitional_Phase_1,5,2025,2,572,18000,1,0,3,0
STU_3993,3.3,20,1,11,Below 10k,1,2,0,1,0,Transitional_Phase_1,12,2024,4,425,8000,1,1,1,1
STU_3994,3.3,13,0,15,10-15K,1,2,1,1,0,Transitional_Phase_1,8,2024,3,284,12500,1,1,2,1
STU_3995,3.25,4,4,13,10-15K,0,2,1,1,0,Transitional_Phase_1,10,2024,4,342,12500,1,1,2,1
STU_3996,3.28,5,1,11,10-15K,1,2,1,1,0,Transitional_Phase_1,2,2025,1,484,12500,1,1,2,1
STU_3997,3.94,18,0,4,16-20K,0,2,2,2,0,Transitional_Phase_1,4,2025,2,524,18000,1,2,4,1
STU_3998,3.23,6,6,3,10-15K,1,2,1,1,0,Transitional_Phase_1,6,2025,2,605,12500,1,1,2,1
STU_3999,3.24,17,2,6,16-20K,0,2,2,1,0,Transitional_Phase_1,1,2025,1,449,18000,1,1,3,1
STU_4000,2.7,9,0,5,16-20K,0,2,2,1,0,Transitional_Phase_1,2,2025,1,461,18000,1,0,3,0
STU_4001,3.63,9,2,6,Below 10k,0,2,0,2,0,Transitional_Phase_1,12,2024,4,396,8000,1,2,2,1
STU_4002,3.63,5,3,8,16-20K,0,2,2,2,1,Transitional_Phase_1,11,2024,4,387,18000,1,2,4,1
STU_4003,3.46,12,3,8,10-15K,0,2,1,1,0,Transitional_Phase_1,4,2025,2,530,12500,1,2,2,0
STU_4004,3.22,5,0,4,Below 10k,0,2,0,1,0,Transitional_Phase_1,12,2024,4,412,8000,1,1,1,1
STU_4005,3.33,9,7,0,10-15K,0,2,1,1,0,Transitional_Phase_1,9,2024,3,310,12500,1,1,2,1
STU_4006,3.29,9,0,16,16-20K,1,2,2,1,1,Transitional_Phase_1,1,2025,1,432,18000,1,1,3,1
STU_4007,2.52,6,6,3,16-20K,0,2,2,1,0,Transitional_Phase_1,1,2025,1,454,18000,1,0,3,0
STU_4008,3.42,17,2,6,Below 10k,1,2,0,1,0,Transitional_Phase_1,10,2024,4,354,8000,1,2,1,0
STU_4009,3.52,5,1,11,16-20K,0,2,2,2,0,Transitional_Phase_1,1,2025,1,446,18000,1,2,4,1
STU_4010,3.32,9,2,6,16-20K,0,2,2,1,0,Transitional_Phase_1,10,2024,4,349,18000,1,1,3,1
STU_4011,3.27,13,0,5,16-20K,1,2,2,1,0,Transitional_Phase_1,3,2025,1,512,18000,1,1,3,1
STU_4012,3.01,13,5,9,Below 10k,1,2,0,1,0,Transitional_Phase_1,2,2025,1,458,8000,1,1,1,1
STU_4013,3.36,0,7,0,16-20K,0,2,2,1,1,Transitional_Phase_1,10,2024,4,336,18000,1,1,3,1
STU_4014,3.05,11,5,9,Below 10k,1,2,0,1,0,Transitional_Phase_1,5,2025,2,552,8000,1,1,1,1
STU_4015,2.81,2,5,9,10-15K,1,2,1,1,0,Transitional_Phase_1,9,2024,3,331,12500,1,0,2,0
STU_4016,2.28,7,7,0,10-15K,1,2,1,0,0,Transitional_Phase_1,8,2024,3,286,12500,1,0,1,1
STU_4017,3.79,21,0,15,16-20K,0,2,2,2,0,Transitional_Phase_1,6,2025,2,607,18000,1,2,4,1
STU_4018,3.16,7,7,0,16-20K,1,2,2,1,1,Transitional_Phase_1,10,2024,4,351,18000,1,1,3,1
STU_4019,2.75,3,2,6,10-15K,0,2,1,1,0,Transitional_Phase_1,1,2025,1,450,12500,1,0,2,0
STU_4020,3.66,22,3,8,16-20K,1,2,2,2,1,Transitional_Phase_1,3,2025,1,491,18000,1,2,4,1
STU_4021,3.18,1,4,13,10-15K,0,2,1,1,0,Transitional_Phase_1,6,2025,2,581,12500,1,1,2,1
STU_4022,2.27,7,7,0,Below 10k,0,2,0,0,0,Transitional_Phase_1,8,2024,3,283,8000,1,0,0,1
STU_4023,3.1,14,4,13,Below 10k,0,2,0,1,0,Transitional_Phase_1,12,2024,4,426,8000,1,1,1,1
STU_4024,3.03,3,2,6,Below 10k,0,2,0,1,0,Transitional_Phase_1,6,2025,2,600,8000,1,1,1,1
STU_4025,3.68,6,1,18,Below 10k,1,2,0,2,0,Transitional_Phase_1,11,2024,4,372,8000,1,2,2,1
STU_4026,3.47,18,0,16,10-15K,1,2,1,1,0,Transitional_Phase_1,12,2024,4,406,12500,1,2,2,0
STU_4027,2.74,10,2,6,10-15K,0,2,1,1,0,Transitional_Phase_1,12,2024,4,417,12500,1,0,2,0
STU_4028,3.13,12,6,1,10-15K,1,2,1,1,0,Transitional_Phase_1,4,2025,2,529,12500,1,1,2,1
STU_4029,3.21,6,6,10,10-15K,0,2,1,1,0,Transitional_Phase_1,5,2025,2,555,12500,1,1,2,1
STU_4030,3.34,2,5,9,16-20K,1,2,2,1,0,Transitional_Phase_1,1,2025,1,444,18000,1,1,3,1
STU_4031,2.9,17,2,6,10-15K,1,2,1,1,0,Transitional_Phase_1,5,2025,2,561,12500,1,0,2,0
STU_4032,3.47,6,1,11,Below 10k,1,2,0,1,0,Transitional_Phase_1,12,2024,4,409,8000,1,2,1,0
STU_4033,3.19,10,2,6,16-20K,1,2,2,1,1,Transitional_Phase_1,12,2024,4,396,18000,1,1,3,1
STU_4034,2.21,14,4,13,16-20K,0,2,2,0,0,Transitional_Phase_1,12,2024,4,410,18000,1,0,2,1
STU_4035,2.84,6,1,11,Below 10k,0,2,0,1,1,Transitional_Phase_1,8,2024,3,295,8000,1,0,1,0
STU_4036,2.65,13,0,4,Below 10k,0,2,0,1,0,Transitional_Phase_1,2,2025,1,458,8000,1,0,1,0
STU_4037,2.82,0,7,0,Below 10k,0,2,0,1,0,Transitional_Phase_1,12,2024,4,414,8000,1,0,1,0
STU_4038,3.34,5,3,8,10-15K,0,2,1,1,0,Transitional_Phase_1,10,2024,4,350,12500,1,1,2,1
STU_4039,3.36,8,7,0,10-15K,0,2,1,1,0,Transitional_Phase_1,9,2024,3,327,12500,1,1,2,1
STU_4040,3.46,19,6,3,Below 10k,1,2,0,1,0,Transitional_Phase_1,1,2025,1,455,8000,1,2,1,0
STU_4041,2.65,0,7,0,16-20K,0,2,2,1,0,Transitional_Phase_1,12,2024,4,413,18000,1,0,3,0
STU_4042,3.39,9,7,0,10-15K,0,2,1,1,0,Transitional_Phase_1,10,2024,4,339,12500,1,1,2,1
STU_4043,3.41,12,6,1,10-15K,1,2,1,1,0,Transitional_Phase_1,4,2025,2,537,12500,1,2,2,0
STU_4044,3.25,6,6,12,Below 10k,1,2,0,1,0,Transitional_Phase_1,2,2025,1,466,8000,1,1,1,1
STU_4045,3.38,9,7,0,Below 10k,0,2,0,1,0,Transitional_Phase_1,11,2024,4,389,8000,1,1,1,1
STU_4046,3.81,5,3,8,16-20K,1,2,2,2,1,Transitional_Phase_1,5,2025,2,548,18000,1,2,4,1
STU_4047,3.25,9,0,2,10-15K,0,2,1,1,0,Transitional_Phase_1,9,2024,3,326,12500,1,1,2,1
STU_4048,3.46,2,5,9,10-15K,1,2,1,1,0,Transitional_Phase_1,5,2025,2,555,12500,1,2,2,0
STU_4049,3.52,9,2,6,Below 10k,1,2,0,2,0,Transitional_Phase_1,11,2024,4,395,8000,1,2,2,1
STU_4050,2.83,21,0,2,10-15K,1,2,1,1,0,Transitional_Phase_1,4,2025,2,530,12500,1,0,2,0
STU_4051,3.33,7,3,8,10-15K,1,2,1,1,0,Transitional_Phase_1,3,2025,1,495,12500,1,1,2,1
STU_4052,3.38,3,2,6,16-20K,0,2,2,1,0,Transitional_Phase_1,5,2025,2,573,18000,1,1,3,1
STU_4053,2.53,18,0,4,10-15K,0,2,1,1,0,Transitional_Phase_1,12,2024,4,400,12500,1,0,2,0
STU_4054,3.34,13,0,2,Below 10k,1,2,0,1,0,Transitional_Phase_1,2,2025,1,478,8000,1,1,1,1
STU_4055,3.18,6,1,17,10-15K,0,2,1,1,0,Transitional_Phase_1,6,2025,2,605,12500,1,1,2,1
STU_4056,3.48,12,3,8,Below 10k,0,2,0,1,1,Transitional_Phase_1,12,2024,4,401,8000,1,2,1,0
STU_4057,3.22,2,5,9,16-20K,0,2,2,1,0,Transitional_Phase_1,3,2025,1,486,18000,1,1,3,1
STU_4058,3.49,13,5,9,Below 10k,1,2,0,1,0,Transitional_Phase_1,3,2025,1,486,8000,1,2,1,0
STU_4059,3.3,0,7,0,16-20K,1,2,2,1,1,Transitional_Phase_1,1,2025,1,430,18000,1,1,3,1
STU_4060,3.27,7,7,0,16-20K,0,2,2,1,0,Transitional_Phase_1,11,2024,4,371,18000,1,1,3,1
STU_4061,3.26,16,6,3,10-15K,1,2,1,1,0,Transitional_Phase_1,4,2025,2,532,12500,1,1,2,1
STU_4062,3.1,16,4,13,10-15K,1,2,1,1,0,Transitional_Phase_1,3,2025,1,512,12500,1,1,2,1
STU_4063,3.2,5,1,18,Below 10k,0,2,0,1,0,Transitional_Phase_1,1,2025,1,454,8000,1,1,1,1
STU_4064,3.48,9,0,5,Below 10k,0,2,0,1,0,Transitional_Phase_1,10,2024,4,346,8000,1,2,1,0
STU_4065,3.56,7,7,0,10-15K,1,2,1,2,1,Transitional_Phase_1,4,2025,2,531,12500,1,2,3,1
STU_4066,3.49,1,4,13,10-15K,0,2,1,1,0,Transitional_Phase_1,12,2024,4,414,12500,1,2,2,0
STU_4067,2.99,15,6,10,16-20K,1,2,2,1,1,Transitional_Phase_1,12,2024,4,409,18000,1,0,3,0
STU_4068,3.47,12,3,8,Below 10k,1,2,0,1,0,Transitional_Phase_1,6,2025,2,595,8000,1,2,1,0
STU_4069,3.12,15,6,1,10-15K,0,2,1,1,0,Transitional_Phase_1,4,2025,2,528,12500,1,1,2,1
STU_4070,3.31,5,0,15,Below 10k,0,2,0,1,0,Transitional_Phase_1,2,2025,1,477,8000,1,1,1,1
STU_4071,3.37,9,0,2,Below 10k,0,2,0,1,0,Transitional_Phase_1,3,2025,1,499,8000,1,1,1,1
STU_4072,3.11,6,1,18,10-15K,1,2,1,1,0,Transitional_Phase_1,9,2024,3,305,12500,1,1,2,1
STU_4073,3.31,1,4,13,10-15K,1,2,1,1,0,Transitional_Phase_1,2,2025,1,472,12500,1,1,2,1
STU_4074,3.25,11,5,9,Below 10k,1,2,0,1,0,Transitional_Phase_1,12,2024,4,423,8000,1,1,1,1
STU_4075,3.73,21,0,15,16-20K,1,2,2,2,1,Transitional_Phase_1,5,2025,2,562,18000,1,2,4,1
STU_4076,3.11,17,2,6,10-15K,1,2,1,1,0,Transitional_Phase_1,1,2025,1,437,12500,1,1,2,1
STU_4077,3.39,22,3,8,16-20K,1,2,2,1,0,Transitional_Phase_1,10,2024,4,356,18000,1,1,3,1
STU_4078,3.22,8,7,0,10-15K,1,2,1,1,0,Transitional_Phase_1,6,2025,2,581,12500,1,1,2,1
STU_4079,3.44,11,5,9,16-20K,0,2,2,1,0,Transitional_Phase_1,6,2025,2,604,18000,1,2,3,0
STU_4080,3.02,5,1,18,16-20K,0,2,2,1,0,Transitional_Phase_1,12,2024,4,405,18000,1,1,3,1
STU_4081,2.77,3,2,6,Below 10k,1,2,0,1,0,Transitional_Phase_1,4,2025,2,542,8000,1,0,1,0
STU_4082,3.16,5,1,11,10-15K,0,2,1,1,0,Transitional_Phase_1,9,2024,3,328,12500,1,1,2,1
STU_4083,3.32,5,3,8,10-15K,1,2,1,1,0,Transitional_Phase_1,11,2024,4,392,12500,1,1,2,1
STU_4084,3.23,15,6,14,Below 10k,0,2,0,1,1,Transitional_Phase_1,8,2024,3,289,8000,1,1,1,1
STU_4085,2.81,2,5,9,Below 10k,0,2,0,1,0,Transitional_Phase_1,11,2024,4,381,8000,1,0,1,0
STU_4086,3.43,22,3,8,16-20K,0,2,2,1,0,Transitional_Phase_1,11,2024,4,388,18000,1,2,3,0
STU_4087,3.22,17,2,6,16-20K,0,2,2,1,1,Transitional_Phase_1,12,2024,4,398,18000,1,1,3,1
STU_4088,3.46,1,4,13,10-15K,0,2,1,1,0,Transitional_Phase_1,1,2025,1,428,12500,1,2,2,0
STU_4089,2.17,9,0,5,16-20K,1,2,2,0,1,Transitional_Phase_1,6,2025,2,605,18000,1,0,2,1
STU_4090,3.11,16,6,3,10-15K,0,2,1,1,0,Transitional_Phase_1,3,2025,1,490,12500,1,1,2,1
STU_4091,3.59,16,4,13,10-15K,0,2,1,2,0,Transitional_Phase_1,11,2024,4,375,12500,1,2,3,1
STU_4092,3.27,7,1,18,Below 10k,0,2,0,1,0,Transitional_Phase_1,12,2024,4,411,8000,1,1,1,1
STU_4093,3.15,10,2,6,10-15K,0,2,1,1,0,Transitional_Phase_1,11,2024,4,383,12500,1,1,2,1
STU_4094,2.86,13,5,9,10-15K,0,2,1,1,0,Transitional_Phase_1,8,2024,3,292,12500,1,0,2,0
STU_4095,3.42,13,0,16,10-15K,0,2,1,1,0,Transitional_Phase_1,12,2024,4,409,12500,1,2,2,0
STU_4096,3.35,4,4,13,Below 10k,0,2,0,1,0,Transitional_Phase_1,8,2024,3,290,8000,1,1,1,1
STU_4097,3.26,5,3,8,16-20K,1,2,2,1,1,Transitional_Phase_1,2,2025,1,459,18000,1,1,3,1
STU_4098,3.25,12,3,8,Below 10k,0,2,0,1,1,Transitional_Phase_1,3,2025,1,497,8000,1,1,1,1
STU_4099,2.51,9,2,6,10-15K,0,2,1,1,0,Transitional_Phase_1,3,2025,1,508,12500,1,0,2,0
STU_4100,3.27,8,7,0,10-15K,1,2,1,1,0,Transitional_Phase_1,5,2025,2,568,12500,1,1,2,1
STU_4101,3.18,5,1,11,16-20K,1,2,2,1,1,Transitional_Phase_1,12,2024,4,403,18000,1,1,3,1
STU_4102,3.36,10,2,6,10-15K,1,2,1,1,0,Transitional_Phase_1,11,2024,4,379,12500,1,1,2,1
STU_4103,3.77,19,6,1,16-20K,1,2,2,2,1,Transitional_Phase_1,12,2024,4,399,18000,1,2,4,1
STU_4104,3.34,13,0,16,Below 10k,1,2,0,1,0,Transitional_Phase_1,3,2025,1,516,8000,1,1,1,1
STU_4105,3.28,3,2,6,16-20K,0,2,2,1,0,Transitional_Phase_1,4,2025,2,538,18000,1,1,3,1
STU_4106,3.51,8,7,0,16-20K,0,2,2,2,0,Transitional_Phase_1,3,2025,1,490,18000,1,2,4,1
STU_4107,3.0,9,2,6,10-15K,0,2,1,1,0,Transitional_Phase_1,10,2024,4,354,12500,1,1,2,1
STU_4108,3.35,7,3,8,10-15K,0,2,1,1,0,Transitional_Phase_1,4,2025,2,519,12500,1,1,2,1
STU_4109,3.12,10,7,0,Below 10k,0,2,0,1,0,Transitional_Phase_1,3,2025,1,510,8000,1,1,1,1
STU_4110,3.16,9,0,4,10-15K,0,2,1,1,0,Transitional_Phase_1,10,2024,4,352,12500,1,1,2,1
STU_4111,3.34,9,2,6,16-20K,1,2,2,1,1,Transitional_Phase_1,11,2024,4,392,18000,1,1,3,1
STU_4112,3.46,2,5,9,Below 10k,0,2,0,1,0,Transitional_Phase_1,9,2024,3,332,8000,1,2,1,0
STU_4113,3.47,15,6,10,16-20K,0,2,2,1,0,Transitional_Phase_1,4,2025,2,533,18000,1,2,3,0
STU_4114,3.42,12,3,8,Below 10k,1,2,0,1,0,Transitional_Phase_1,2,2025,1,461,8000,1,2,1,0
STU_4115,3.48,7,1,11,10-15K,0,2,1,1,0,Transitional_Phase_1,5,2025,2,567,12500,1,2,2,0
STU_4116,3.17,16,6,10,10-15K,0,2,1,1,1,Transitional_Phase_1,2,2025,1,485,12500,1,1,2,1
STU_4117,3.17,18,0,5,10-15K,0,2,1,1,0,Transitional_Phase_1,3,2025,1,508,12500,1,1,2,1
STU_4118,3.94,7,3,8,16-20K,0,2,2,2,0,Transitional_Phase_1,1,2025,1,438,18000,1,2,4,1
STU_4119,3.34,8,7,0,16-20K,0,2,2,1,0,Transitional_Phase_1,6,2025,2,584,18000,1,1,3,1
STU_4120,3.2,6,6,12,16-20K,1,2,2,1,1,Transitional_Phase_1,3,2025,1,489,18000,1,1,3,1
STU_4121,2.65,7,1,11,Below 10k,1,2,0,1,0,Transitional_Phase_1,11,2024,4,378,8000,1,0,1,0
STU_4122,3.21,7,3,8,Below 10k,1,2,0,1,0,Transitional_Phase_1,6,2025,2,582,8000,1,1,1,1
STU_4123,3.31,9,7,0,10-15K,0,2,1,1,0,Transitional_Phase_1,3,2025,1,493,12500,1,1,2,1
STU_4124,3.32,3,2,6,10-15K,0,2,1,1,0,Transitional_Phase_1,4,2025,2,539,12500,1,1,2,1
STU_4125,3.14,6,6,14,Below 10k,0,2,0,1,1,Transitional_Phase_1,1,2025,1,452,8000,1,1,1,1
STU_4126,3.31,3,2,6,Below 10k,1,2,0,1,0,Transitional_Phase_1,10,2024,4,362,8000,1,1,1,1
STU_4127,3.29,6,1,18,Below 10k,0,2,0,1,0,Transitional_Phase_1,4,2025,2,536,8000,1,1,1,1
STU_4128,3.29,13,0,2,10-15K,0,2,1,1,0,Transitional_Phase_1,3,2025,1,512,12500,1,1,2,1
STU_4129,3.03,19,6,1,10-15K,0,2,1,1,1,Transitional_Phase_1,3,2025,1,511,12500,1,1,2,1
STU_4130,3.42,10,7,0,10-15K,0,2,1,1,0,Transitional_Phase_1,1,2025,1,440,12500,1,2,2,0
STU_4131,2.66,9,0,5,16-20K,0,2,2,1,0,Transitional_Phase_1,3,2025,1,494,18000,1,0,3,0
STU_4132,3.89,20,1,17,Below 10k,1,2,0,2,0,Transitional_Phase_1,8,2024,3,303,8000,1,2,2,1
STU_4133,3.48,16,6,3,Below 10k,1,2,0,1,0,Transitional_Phase_1,12,2024,4,403,8000,1,2,1,0
STU_4134,3.33,12,3,8,10-15K,0,2,1,1,0,Transitional_Phase_1,4,2025,2,528,12500,1,1,2,1
STU_4135,2.51,1,4,13,10-15K,1,2,1,1,0,Transitional_Phase_1,12,2024,4,420,12500,1,0,2,0
STU_4136,2.81,0,7,0,Below 10k,0,2,0,1,0,Transitional_Phase_1,4,2025,2,524,8000,1,0,1,0
STU_4137,3.42,4,4,13,16-20K,1,2,2,1,1,Transitional_Phase_1,10,2024,4,361,18000,1,2,3,0
STU_4138,3.17,2,5,9,Below 10k,0,2,0,1,0,Transitional_Phase_1,8,2024,3,294,8000,1,1,1,1
STU_4139,3.9,18,0,16,Below 10k,1,2,0,2,0,Transitional_Phase_1,11,2024,4,386,8000,1,2,2,1
STU_4140,3.28,13,0,4,10-15K,1,2,1,1,0,Transitional_Phase_1,11,2024,4,385,12500,1,1,2,1
STU_4141,3.18,1,4,13,16-20K,0,2,2,1,0,Transitional_Phase_1,3,2025,1,510,18000,1,1,3,1
STU_4142,3.11,0,7,0,Below 10k,1,2,0,1,0,Transitional_Phase_1,5,2025,2,573,8000,1,1,1,1
STU_4143,3.61,16,4,13,16-20K,1,2,2,2,1,Transitional_Phase_1,8,2024,3,291,18000,1,2,4,1
STU_4144,3.31,5,1,11,Below 10k,1,2,0,1,0,Transitional_Phase_1,5,2025,2,562,8000,1,1,1,1
STU_4145,3.13,2,5,9,Below 10k,1,2,0,1,0,Transitional_Phase_1,9,2024,3,330,8000,1,1,1,1
STU_4146,3.19,15,6,12,16-20K,1,2,2,1,1,Transitional_Phase_1,1,2025,1,440,18000,1,1,3,1
STU_4147,3.47,7,7,0,10-15K,1,2,1,1,0,Transitional_Phase_1,6,2025,2,589,12500,1,2,2,0
STU_4148,3.17,4,4,13,10-15K,1,2,1,1,0,Transitional_Phase_1,9,2024,3,308,12500,1,1,2,1
STU_4149,3.19,14,4,13,Below 10k,0,2,0,1,0,Transitional_Phase_1,5,2025,2,552,8000,1,1,1,1
STU_4150,3.26,16,4,13,10-15K,0,2,1,1,0,Transitional_Phase_1,9,2024,3,321,12500,1,1,2,1
STU_4151,3.41,19,6,3,Below 10k,1,2,0,1,0,Transitional_Phase_1,10,2024,4,355,8000,1,2,1,0
STU_4152,3.12,9,2,6,Below 10k,1,2,0,1,0,Transitional_Phase_1,1,2025,1,445,8000,1,1,1,1
STU_4153,3.36,22,3,8,10-15K,1,2,1,1,0,Transitional_Phase_1,1,2025,1,431,12500,1,1,2,1
STU_4154,3.47,7,1,18,10-15K,1,2,1,1,0,Transitional_Phase_1,2,2025,1,479,12500,1,2,2,0
STU_4155,3.17,2,5,9,10-15K,0,2,1,1,0,Transitional_Phase_1,12,2024,4,423,12500,1,1,2,1
STU_4156,3.26,6,6,1,Below 10k,1,2,0,1,0,Transitional_Phase_1,8,2024,3,287,8000,1,1,1,1
STU_4157,3.25,15,6,10,Below 10k,0,2,0,1,0,Transitional_Phase_1,8,2024,3,293,8000,1,1,1,1
STU_4158,3.28,2,5,9,16-20K,1,2,2,1,1,Transitional_Phase_1,5,2025,2,569,18000,1,1,3,1
STU_4159,3.94,0,7,0,16-20K,1,2,2,2,1,Transitional_Phase_1,5,2025,2,547,18000,1,2,4,1
STU_4160,3.19,7,7,0,Below 10k,1,2,0,1,0,Transitional_Phase_1,10,2024,4,362,8000,1,1,1,1
STU_4161,3.17,7,3,8,Below 10k,0,2,0,1,0,Transitional_Phase_1,12,2024,4,417,8000,1,1,1,1
STU_4162,3.49,9,2,6,Below 10k,1,2,0,1,0,Transitional_Phase_1,2,2025,1,470,8000,1,2,1,0
STU_4163,3.56,19,6,3,10-15K,0,2,1,2,0,Transitional_Phase_1,10,2024,4,353,12500,1,2,3,1
STU_4164,2.72,5,3,8,16-20K,0,2,2,1,0,Transitional_Phase_1,5,2025,2,556,18000,1,0,3,0
STU_4165,3.46,17,2,6,10-15K,1,2,1,1,0,Transitional_Phase_1,1,2025,1,439,12500,1,2,2,0
STU_4166,3.15,6,1,11,16-20K,1,2,2,1,1,Transitional_Phase_1,10,2024,4,360,18000,1,1,3,1
STU_4167,3.19,21,0,2,10-15K,0,2,1,1,0,Transitional_Phase_1,12,2024,4,420,12500,1,1,2,1
STU_4168,3.08,6,6,14,16-20K,1,2,2,1,1,Transitional_Phase_1,3,2025,1,508,18000,1,1,3,1
STU_4169,3.35,16,4,13,16-20K,1,2,2,1,1,Transitional_Phase_1,1,2025,1,455,18000,1,1,3,1
STU_4170,2.6,5,1,11,16-20K,1,2,2,1,1,Transitional_Phase_1,4,2025,2,546,18000,1,0,3,0
STU_4171,3.21,19,6,14,16-20K,0,2,2,1,0,Transitional_Phase_1,12,2024,4,425,18000,1,1,3,1
STU_4172,3.34,11,5,9,Below 10k,1,2,0,1,0,Transitional_Phase_1,1,2025,1,433,8000,1,1,1,1
STU_4173,3.25,6,6,14,16-20K,0,2,2,1,0,Transitional_Phase_1,6,2025,2,605,18000,1,1,3,1
STU_4174,2.73,1,4,13,10-15K,1,2,1,1,0,Transitional_Phase_1,6,2025,2,596,12500,1,0,2,0
STU_4175,3.54,0,7,0,16-20K,1,2,2,2,1,Transitional_Phase_1,6,2025,2,590,18000,1,2,4,1
STU_4176,3.36,10,2,6,Below 10k,1,2,0,1,0,Transitional_Phase_1,12,2024,4,410,8000,1,1,1,1
STU_4177,2.94,8,7,0,10-15K,1,2,1,1,0,Transitional_Phase_1,6,2025,2,584,12500,1,0,2,0
STU_4178,3.49,17,2,6,Below 10k,1,2,0,1,0,Transitional_Phase_1,9,2024,3,328,8000,1,2,1,0
STU_4179,3.22,6,1,11,10-15K,0,2,1,1,0,Transitional_Phase_1,1,2025,1,446,12500,1,1,2,1
STU_4180,3.46,13,0,16,Below 10k,1,2,0,1,0,Transitional_Phase_1,12,2024,4,424,8000,1,2,1,0
STU_4181,3.16,14,4,13,10-15K,1,2,1,1,0,Transitional_Phase_1,4,2025,2,530,12500,1,1,2,1
STU_4182,3.13,16,4,13,16-20K,1,2,2,1,1,Transitional_Phase_1,2,2025,1,476,18000,1,1,3,1
STU_4183,3.19,2,5,9,Below 10k,1,2,0,1,0,Transitional_Phase_1,11,2024,4,386,8000,1,1,1,1
STU_4184,3.2,22,3,8,Below 10k,0,2,0,1,0,Transitional_Phase_1,12,2024,4,398,8000,1,1,1,1
STU_4185,2.27,2,5,9,10-15K,0,2,1,0,0,Transitional_Phase_1,8,2024,3,299,12500,1,0,1,1
STU_4186,3.39,7,3,8,16-20K,0,2,2,1,0,Transitional_Phase_1,2,2025,1,463,18000,1,1,3,1
STU_4187,3.2,12,6,3,16-20K,1,2,2,1,1,Transitional_Phase_1,9,2024,3,333,18000,1,1,3,1
STU_4188,3.18,20,1,18,16-20K,0,2,2,1,0,Transitional_Phase_1,5,2025,2,559,18000,1,1,3,1
STU_4189,3.37,13,5,9,16-20K,0,2,2,1,0,Transitional_Phase_1,11,2024,4,367,18000,1,1,3,1
STU_4190,3.23,17,2,6,10-15K,0,2,1,1,0,Transitional_Phase_1,10,2024,4,349,12500,1,1,2,1
STU_4191,3.3,13,0,15,16-20K,1,2,2,1,0,Transitional_Phase_1,12,2024,4,397,18000,1,1,3,1
STU_4192,3.24,16,6,10,10-15K,1,2,1,1,0,Transitional_Phase_1,5,2025,2,575,12500,1,1,2,1
STU_4193,3.12,17,2,6,10-15K,0,2,1,1,0,Transitional_Phase_1,1,2025,1,442,12500,1,1,2,1
STU_4194,3.12,20,1,17,Below 10k,0,2,0,1,0,Transitional_Phase_1,10,2024,4,356,8000,1,1,1,1
STU_4195,3.44,9,0,5,10-15K,1,2,1,1,0,Transitional_Phase_1,5,2025,2,550,12500,1,2,2,0
STU_4196,3.16,14,4,13,10-15K,1,2,1,1,0,Transitional_Phase_1,1,2025,1,443,12500,1,1,2,1
STU_4197,3.19,12,6,14,Below 10k,0,2,0,1,0,Transitional_Phase_1,2,2025,1,463,8000,1,1,1,1
STU_4198,3.46,13,0,5,16-20K,0,2,2,1,0,Transitional_Phase_1,8,2024,3,298,18000,1,2,3,0
STU_4199,2.99,16,6,12,Below 10k,1,2,0,1,0,Transitional_Phase_1,8,2024,3,298,8000,1,0,1,0
STU_4200,3.11,8,7,0,10-15K,0,2,1,1,0,Transitional_Phase_1,10,2024,4,351,12500,1,1,2,1
STU_4201,3.34,11,5,9,Below 10k,1,2,0,1,0,Transitional_Phase_1,8,2024,3,301,8000,1,1,1,1
STU_4202,2.92,9,0,4,16-20K,0,2,2,1,0,Transitional_Phase_1,10,2024,4,356,18000,1,0,3,0
STU_4203,3.28,22,3,8,10-15K,1,2,1,1,0,Transitional_Phase_1,5,2025,2,571,12500,1,1,2,1
STU_4204,3.4,16,6,14,16-20K,0,2,2,1,0,Transitional_Phase_1,5,2025,2,553,18000,1,2,3,0
STU_4205,2.1,7,1,18,10-15K,1,2,1,0,0,Transitional_Phase_1,2,2025,1,483,12500,1,0,1,1
STU_4206,3.22,13,5,9,10-15K,1,2,1,1,0,Transitional_Phase_1,1,2025,1,451,12500,1,1,2,1
STU_4207,3.29,4,4,13,10-15K,1,2,1,1,0,Transitional_Phase_1,4,2025,2,533,12500,1,1,2,1
STU_4208,3.56,13,5,9,16-20K,0,2,2,2,0,Transitional_Phase_1,11,2024,4,377,18000,1,2,4,1
STU_4209,3.18,19,6,14,16-20K,0,2,2,1,0,Transitional_Phase_1,6,2025,2,596,18000,1,1,3,1
STU_4210,3.47,16,4,13,10-15K,1,2,1,1,0,Transitional_Phase_1,11,2024,4,394,12500,1,2,2,0
STU_4211,3.44,16,4,13,Below 10k,0,2,0,1,1,Transitional_Phase_1,4,2025,2,529,8000,1,2,1,0
STU_4212,3.28,9,2,6,10-15K,1,2,1,1,0,Transitional_Phase_1,10,2024,4,346,12500,1,1,2,1
STU_4213,2.56,6,1,17,16-20K,0,2,2,1,0,Transitional_Phase_1,12,2024,4,425,18000,1,0,3,0
STU_4214,2.77,9,2,6,10-15K,1,2,1,1,0,Transitional_Phase_1,12,2024,4,413,12500,1,0,2,0
STU_4215,3.39,17,2,6,Below 10k,0,2,0,1,0,Transitional_Phase_1,10,2024,4,363,8000,1,1,1,1
STU_4216,3.67,11,5,9,10-15K,1,2,1,2,1,Transitional_Phase_1,4,2025,2,522,12500,1,2,3,1
STU_4217,3.41,11,5,9,10-15K,0,2,1,1,0,Transitional_Phase_1,8,2024,3,299,12500,1,2,2,0
STU_4218,3.15,16,6,1,16-20K,1,2,2,1,1,Transitional_Phase_1,2,2025,1,474,18000,1,1,3,1
STU_4219,2.21,9,0,5,Below 10k,0,2,0,0,0,Transitional_Phase_1,6,2025,2,585,8000,1,0,0,1
STU_4220,2.69,19,6,12,Below 10k,1,2,0,1,0,Transitional_Phase_1,12,2024,4,396,8000,1,0,1,0
STU_4221,3.37,11,5,9,10-15K,1,2,1,1,0,Transitional_Phase_1,12,2024,4,401,12500,1,1,2,1
STU_4222,3.42,6,1,11,Below 10k,1,2,0,1,0,Transitional_Phase_1,6,2025,2,586,8000,1,2,1,0
STU_4223,3.27,20,1,11,10-15K,1,2,1,1,0,Transitional_Phase_1,2,2025,1,462,12500,1,1,2,1
STU_4224,3.78,17,2,6,10-15K,1,2,1,2,1,Transitional_Phase_1,11,2024,4,387,12500,1,2,3,1
STU_4225,3.21,5,1,18,Below 10k,1,2,0,1,0,Transitional_Phase_1,4,2025,2,527,8000,1,1,1,1
STU_4226,2.77,5,1,11,Below 10k,0,2,0,1,0,Transitional_Phase_1,11,2024,4,383,8000,1,0,1,0
STU_4227,2.92,11,5,9,Below 10k,1,2,0,1,0,Transitional_Phase_1,4,2025,2,544,8000,1,0,1,0
STU_4228,3.48,9,2,6,Below 10k,0,2,0,1,0,Transitional_Phase_1,6,2025,2,591,8000,1,2,1,0
STU_4229,3.18,9,0,2,16-20K,1,2,2,1,1,Transitional_Phase_1,11,2024,4,367,18000,1,1,3,1
STU_4230,3.2,1,4,13,Below 10k,0,2,0,1,0,Transitional_Phase_1,5,2025,2,564,8000,1,1,1,1
STU_4231,3.34,0,7,0,16-20K,0,2,2,1,0,Transitional_Phase_1,9,2024,3,315,18000,1,1,3,1
STU_4232,3.79,6,1,11,Below 10k,0,2,0,2,0,Transitional_Phase_1,1,2025,1,428,8000,1,2,2,1
STU_4233,3.33,4,4,13,16-20K,0,2,2,1,0,Transitional_Phase_1,5,2025,2,556,18000,1,1,3,1
STU_4234,2.51,22,3,8,Below 10k,1,2,0,1,0,Transitional_Phase_1,11,2024,4,373,8000,1,0,1,0
STU_4235,2.9,10,7,0,Below 10k,0,2,0,1,0,Transitional_Phase_1,5,2025,2,549,8000,1,0,1,0
STU_4236,3.1,20,1,11,Below 10k,1,2,0,1,0,Transitional_Phase_1,5,2025,2,575,8000,1,1,1,1
STU_4237,3.47,11,5,9,10-15K,1,2,1,1,0,Transitional_Phase_1,4,2025,2,532,12500,1,2,2,0
STU_4238,3.12,17,2,6,10-15K,1,2,1,1,0,Transitional_Phase_1,9,2024,3,315,12500,1,1,2,1
STU_4239,3.0,13,5,9,10-15K,0,2,1,1,1,Transitional_Phase_1,4,2025,2,530,12500,1,1,2,1
STU_4240,3.42,7,1,18,Below 10k,0,2,0,1,0,Transitional_Phase_1,6,2025,2,599,8000,1,2,1,0
STU_4241,3.41,15,6,14,16-20K,0,2,2,1,0,Transitional_Phase_1,4,2025,2,527,18000,1,2,3,0
STU_4242,3.26,10,7,0,16-20K,0,2,2,1,0,Transitional_Phase_1,3,2025,1,486,18000,1,1,3,1
STU_4243,3.48,6,6,1,10-15K,1,2,1,1,0,Transitional_Phase_1,10,2024,4,341,12500,1,2,2,0
STU_4244,3.83,7,3,8,10-15K,1,2,1,2,1,Transitional_Phase_1,9,2024,3,333,12500,1,2,3,1
STU_4245,3.36,10,2,6,10-15K,0,2,1,1,0,Transitional_Phase_1,10,2024,4,357,12500,1,1,2,1
STU_4246,3.35,7,3,8,10-15K,1,2,1,1,0,Transitional_Phase_1,9,2024,3,312,12500,1,1,2,1
STU_4247,3.17,9,7,0,10-15K,1,2,1,1,0,Transitional_Phase_1,5,2025,2,551,12500,1,1,2,1
STU_4248,3.15,7,7,0,16-20K,1,2,2,1,1,Transitional_Phase_1,11,2024,4,389,18000,1,1,3,1
STU_4249,3.37,9,0,15,10-15K,1,2,1,1,0,Transitional_Phase_1,1,2025,1,440,12500,1,1,2,1
STU_4250,3.35,18,0,5,10-15K,0,2,1,1,0,Transitional_Phase_1,3,2025,1,491,12500,1,1,2,1
STU_4251,3.44,7,1,11,16-20K,1,2,2,1,1,Transitional_Phase_1,11,2024,4,373,18000,1,2,3,0
STU_4252,3.58,9,7,0,16-20K,0,2,2,2,0,Transitional_Phase_1,4,2025,2,523,18000,1,2,4,1
STU_4253,3.25,2,5,9,16-20K,1,2,2,1,0,Transitional_Phase_1,4,2025,2,534,18000,1,1,3,1
STU_4254,3.31,10,2,6,10-15K,0,2,1,1,0,Transitional_Phase_1,12,2024,4,422,12500,1,1,2,1
STU_4255,3.48,9,0,5,Below 10k,1,2,0,1,0,Transitional_Phase_1,12,2024,4,405,8000,1,2,1,0
STU_4256,3.13,5,0,4,10-15K,0,2,1,1,0,Transitional_Phase_1,3,2025,1,503,12500,1,1,2,1
STU_4257,3.32,10,2,6,16-20K,1,2,2,1,1,Transitional_Phase_1,11,2024,4,388,18000,1,1,3,1
STU_4258,3.87,5,3,8,10-15K,1,2,1,2,1,Transitional_Phase_1,9,2024,3,318,12500,1,2,3,1
STU_4259,3.34,2,5,9,Below 10k,1,2,0,1,0,Transitional_Phase_1,2,2025,1,464,8000,1,1,1,1
STU_4260,3.1,20,1,17,Below 10k,0,2,0,1,0,Transitional_Phase_1,12,2024,4,414,8000,1,1,1,1
STU_4261,3.18,8,7,0,Below 10k,0,2,0,1,0,Transitional_Phase_1,1,2025,1,437,8000,1,1,1,1
STU_4262,3.2,7,7,0,16-20K,0,2,2,1,0,Transitional_Phase_1,2,2025,1,459,18000,1,1,3,1
STU_4263,3.47,9,0,2,16-20K,0,2,2,1,0,Transitional_Phase_1,5,2025,2,577,18000,1,2,3,0
STU_4264,2.7,18,0,16,16-20K,1,2,2,1,1,Transitional_Phase_1,9,2024,3,306,18000,1,0,3,0
STU_4265,2.5,10,2,6,Below 10k,0,2,0,1,0,Transitional_Phase_1,4,2025,2,518,8000,1,0,1,0
STU_4266,3.55,12,3,8,16-20K,1,2,2,2,1,Transitional_Phase_1,6,2025,2,605,18000,1,2,4,1
STU_4267,2.9,5,3,8,16-20K,1,2,2,1,1,Transitional_Phase_1,9,2024,3,305,18000,1,0,3,0
STU_4268,3.38,9,7,0,Below 10k,1,2,0,1,0,Transitional_Phase_1,3,2025,1,489,8000,1,1,1,1
STU_4269,2.62,13,0,5,10-15K,1,2,1,1,0,Transitional_Phase_1,2,2025,1,476,12500,1,0,2,0
STU_4270,3.22,12,3,8,16-20K,1,2,2,1,1,Transitional_Phase_1,2,2025,1,474,18000,1,1,3,1
STU_4271,2.62,12,3,8,16-20K,1,2,2,1,1,Transitional_Phase_1,10,2024,4,348,18000,1,0,3,0
STU_4272,2.89,13,5,9,Below 10k,1,2,0,1,0,Transitional_Phase_1,9,2024,3,319,8000,1,0,1,0
STU_4273,2.53,5,0,5,10-15K,0,2,1,1,0,Transitional_Phase_1,12,2024,4,419,12500,1,0,2,0
STU_4274,3.14,10,7,0,10-15K,0,2,1,1,0,Transitional_Phase_1,12,2024,4,420,12500,1,1,2,1
STU_4275,2.64,15,6,14,10-15K,0,2,1,1,0,Transitional_Phase_1,4,2025,2,543,12500,1,0,2,0
STU_4276,3.12,15,6,14,10-15K,1,2,1,1,0,Transitional_Phase_1,8,2024,3,293,12500,1,1,2,1
STU_4277,3.45,1,4,13,16-20K,1,2,2,1,1,Transitional_Phase_1,3,2025,1,498,18000,1,2,3,0
STU_4278,3.24,5,0,5,Below 10k,0,2,0,1,0,Transitional_Phase_1,11,2024,4,379,8000,1,1,1,1
STU_4279,3.33,8,7,0,10-15K,1,2,1,1,0,Transitional_Phase_1,4,2025,2,523,12500,1,1,2,1
STU_4280,3.24,18,0,15,Below 10k,1,2,0,1,0,Transitional_Phase_1,8,2024,3,294,8000,1,1,1,1
STU_4281,3.24,8,7,0,16-20K,1,2,2,1,1,Transitional_Phase_1,9,2024,3,329,18000,1,1,3,1
STU_4282,3.46,7,3,8,Below 10k,0,2,0,1,0,Transitional_Phase_1,1,2025,1,448,8000,1,2,1,0
STU_4283,2.75,10,2,6,10-15K,0,2,1,1,0,Transitional_Phase_1,8,2024,3,299,12500,1,0,2,0
STU_4284,3.43,20,1,11,10-15K,1,2,1,1,0,Transitional_Phase_1,6,2025,2,607,12500,1,2,2,0
STU_4285,2.58,20,1,18,Below 10k,1,2,0,1,0,Transitional_Phase_1,10,2024,4,363,8000,1,0,1,0
STU_4286,3.73,16,6,3,10-15K,0,2,1,2,0,Transitional_Phase_1,12,2024,4,415,12500,1,2,3,1
STU_4287,3.43,9,2,6,16-20K,1,2,2,1,1,Transitional_Phase_1,3,2025,1,505,18000,1,2,3,0
STU_4288,3.28,3,2,6,10-15K,0,2,1,1,0,Transitional_Phase_1,4,2025,2,545,12500,1,1,2,1
STU_4289,3.28,1,4,13,10-15K,0,2,1,1,0,Transitional_Phase_1,1,2025,1,456,12500,1,1,2,1
STU_4290,3.33,6,6,10,Below 10k,0,2,0,1,0,Transitional_Phase_1,3,2025,1,512,8000,1,1,1,1
STU_4291,3.31,12,3,8,Below 10k,0,2,0,1,0,Transitional_Phase_1,8,2024,3,281,8000,1,1,1,1
STU_4292,3.18,5,0,4,16-20K,1,2,2,1,1,Transitional_Phase_1,12,2024,4,412,18000,1,1,3,1
STU_4293,3.13,9,7,0,16-20K,0,2,2,1,0,Transitional_Phase_1,2,2025,1,470,18000,1,1,3,1
STU_4294,3.85,12,6,3,10-15K,0,2,1,2,0,Transitional_Phase_1,3,2025,1,488,12500,1,2,3,1
STU_4295,3.36,9,0,16,16-20K,0,2,2,1,0,Transitional_Phase_1,12,2024,4,398,18000,1,1,3,1
STU_4296,3.48,5,3,8,Below 10k,1,2,0,1,0,Transitional_Phase_1,11,2024,4,394,8000,1,2,1,0
STU_4297,3.2,9,7,0,10-15K,0,2,1,1,0,Transitional_Phase_1,1,2025,1,440,12500,1,1,2,1
STU_4298,3.04,14,4,13,16-20K,1,2,2,1,1,Transitional_Phase_1,11,2024,4,368,18000,1,1,3,1
STU_4299,3.34,1,4,13,16-20K,0,2,2,1,0,Transitional_Phase_1,12,2024,4,409,18000,1,1,3,1
STU_4300,3.34,7,3,8,Below 10k,0,2,0,1,0,Transitional_Phase_1,4,2025,2,545,8000,1,1,1,1
STU_4301,3.53,8,7,0,Below 10k,0,2,0,2,0,Transitional_Phase_1,12,2024,4,409,8000,1,2,2,1
STU_4302,3.36,14,4,13,10-15K,0,2,1,1,0,Transitional_Phase_1,4,2025,2,518,12500,1,1,2,1
STU_4303,3.37,9,2,6,Below 10k,0,2,0,1,0,Transitional_Phase_1,5,2025,2,552,8000,1,1,1,1
STU_4304,3.31,6,6,1,10-15K,0,2,1,1,0,Transitional_Phase_1,11,2024,4,389,12500,1,1,2,1
STU_4305,3.29,2,5,9,10-15K,0,2,1,1,0,Transitional_Phase_1,5,2025,2,567,12500,1,1,2,1
STU_4306,3.39,10,7,0,16-20K,0,2,2,1,0,Transitional_Phase_1,4,2025,2,521,18000,1,1,3,1
STU_4307,3.41,15,6,14,10-15K,1,2,1,1,0,Transitional_Phase_1,4,2025,2,538,12500,1,2,2,0
STU_4308,3.35,5,3,8,Below 10k,1,2,0,1,0,Transitional_Phase_1,8,2024,3,299,8000,1,1,1,1
STU_4309,3.4,17,2,6,10-15K,0,2,1,1,1,Transitional_Phase_1,1,2025,1,457,12500,1,2,2,0
STU_4310,3.11,21,0,2,16-20K,1,2,2,1,1,Transitional_Phase_1,9,2024,3,314,18000,1,1,3,1
STU_4311,3.49,9,7,0,16-20K,0,2,2,1,0,Transitional_Phase_1,3,2025,1,492,18000,1,2,3,0
STU_4312,2.78,2,5,9,10-15K,0,2,1,1,0,Transitional_Phase_1,1,2025,1,456,12500,1,0,2,0
STU_4313,3.43,13,5,9,Below 10k,0,2,0,1,0,Transitional_Phase_1,8,2024,3,285,8000,1,2,1,0
STU_4314,3.46,0,7,0,Below 10k,0,2,0,1,0,Transitional_Phase_1,3,2025,1,506,8000,1,2,1,0
STU_4315,3.19,19,6,1,Below 10k,0,2,0,1,0,Transitional_Phase_1,6,2025,2,600,8000,1,1,1,1
STU_4316,3.24,14,4,13,10-15K,0,2,1,1,0,Transitional_Phase_1,1,2025,1,450,12500,1,1,2,1
STU_4317,3.49,2,5,9,Below 10k,0,2,0,1,0,Transitional_Phase_1,2,2025,1,483,8000,1,2,1,0
STU_4318,3.21,5,0,4,Below 10k,1,2,0,1,0,Transitional_Phase_1,11,2024,4,392,8000,1,1,1,1
STU_4319,2.68,9,2,6,10-15K,0,2,1,1,0,Transitional_Phase_1,1,2025,1,430,12500,1,0,2,0
STU_4320,3.41,13,0,2,Below 10k,0,2,0,1,0,Transitional_Phase_1,12,2024,4,425,8000,1,2,1,0
STU_4321,3.72,16,4,13,10-15K,0,2,1,2,0,Transitional_Phase_1,10,2024,4,337,12500,1,2,3,1
STU_4322,3.27,9,2,6,Below 10k,0,2,0,1,0,Transitional_Phase_1,11,2024,4,381,8000,1,1,1,1
STU_4323,2.73,6,6,1,10-15K,1,2,1,1,0,Transitional_Phase_1,1,2025,1,435,12500,1,0,2,0
STU_4324,3.23,6,6,12,10-15K,1,2,1,1,0,Transitional_Phase_1,5,2025,2,561,12500,1,1,2,1
STU_4325,3.32,5,3,8,10-15K,0,2,1,1,0,Transitional_Phase_1,9,2024,3,332,12500,1,1,2,1
STU_4326,3.47,15,6,12,Below 10k,0,2,0,1,0,Transitional_Phase_1,11,2024,4,372,8000,1,2,1,0
STU_4327,3.25,16,4,13,Below 10k,1,2,0,1,0,Transitional_Phase_1,5,2025,2,556,8000,1,1,1,1
STU_4328,3.25,9,2,6,10-15K,1,2,1,1,0,Transitional_Phase_1,10,2024,4,353,12500,1,1,2,1
STU_4329,3.29,17,2,6,16-20K,1,2,2,1,1,Transitional_Phase_1,1,2025,1,445,18000,1,1,3,1
STU_4330,2.55,9,0,2,Below 10k,1,2,0,1,0,Transitional_Phase_1,6,2025,2,603,8000,1,0,1,0
STU_4331,3.15,21,0,16,Below 10k,1,2,0,1,0,Transitional_Phase_1,5,2025,2,553,8000,1,1,1,1
STU_4332,3.43,6,1,18,10-15K,1,2,1,1,0,Transitional_Phase_1,2,2025,1,482,12500,1,2,2,0
STU_4333,3.31,7,7,0,10-15K,1,2,1,1,0,Transitional_Phase_1,12,2024,4,426,12500,1,1,2,1
STU_4334,3.72,16,6,14,10-15K,0,2,1,2,0,Transitional_Phase_1,2,2025,1,467,12500,1,2,3,1
STU_4335,3.1,13,5,9,10-15K,1,2,1,1,0,Transitional_Phase_1,5,2025,2,553,12500,1,1,2,1
STU_4336,3.4,22,3,8,Below 10k,1,2,0,1,0,Transitional_Phase_1,5,2025,2,563,8000,1,2,1,0
STU_4337,3.42,13,5,9,Below 10k,0,2,0,1,0,Transitional_Phase_1,5,2025,2,577,8000,1,2,1,0
STU_4338,3.4,16,4,13,Below 10k,0,2,0,1,0,Transitional_Phase_1,9,2024,3,306,8000,1,2,1,0
STU_4339,3.45,5,1,11,Below 10k,0,2,0,1,1,Transitional_Phase_1,3,2025,1,493,8000,1,2,1,0
STU_4340,3.26,12,3,8,Below 10k,1,2,0,1,0,Transitional_Phase_1,5,2025,2,575,8000,1,1,1,1
STU_4341,3.24,2,5,9,16-20K,0,2,2,1,0,Transitional_Phase_1,1,2025,1,453,18000,1,1,3,1
STU_4342,3.13,9,0,5,10-15K,1,2,1,1,0,Transitional_Phase_1,11,2024,4,381,12500,1,1,2,1
STU_4343,3.2,17,2,6,Below 10k,0,2,0,1,0,Transitional_Phase_1,12,2024,4,407,8000,1,1,1,1
STU_4344,3.88,2,5,9,Below 10k,0,2,0,2,0,Transitional_Phase_1,9,2024,3,306,8000,1,2,2,1
STU_4345,3.49,18,0,16,16-20K,0,2,2,1,0,Transitional_Phase_1,4,2025,2,522,18000,1,2,3,0
STU_4346,3.11,22,3,8,10-15K,0,2,1,1,0,Transitional_Phase_1,1,2025,1,440,12500,1,1,2,1
STU_4347,3.31,0,1,17,16-20K,1,2,2,1,0,Transitional_Phase_1,11,2024,4,372,18000,1,1,3,1
STU_4348,3.42,15,6,14,10-15K,1,2,1,1,0,Transitional_Phase_1,11,2024,4,375,12500,1,2,2,0
STU_4349,3.48,5,3,8,Below 10k,0,2,0,1,0,Transitional_Phase_1,3,2025,1,514,8000,1,2,1,0
STU_4350,2.6,14,4,13,16-20K,0,2,2,1,0,Transitional_Phase_1,12,2024,4,397,18000,1,0,3,0
STU_4351,3.44,7,7,0,16-20K,0,2,2,1,0,Transitional_Phase_1,11,2024,4,379,18000,1,2,3,0
STU_4352,3.41,20,1,18,10-15K,0,2,1,1,0,Transitional_Phase_1,5,2025,2,548,12500,1,2,2,0
STU_4353,3.25,13,0,4,Below 10k,0,2,0,1,0,Transitional_Phase_1,5,2025,2,565,8000,1,1,1,1
STU_4354,3.81,7,1,17,Below 10k,1,2,0,2,0,Transitional_Phase_1,4,2025,2,524,8000,1,2,2,1
STU_4355,3.43,10,2,6,Below 10k,0,2,0,1,0,Transitional_Phase_1,2,2025,1,473,8000,1,2,1,0
STU_4356,3.26,13,5,9,10-15K,1,2,1,1,0,Transitional_Phase_1,6,2025,2,583,12500,1,1,2,1
STU_4357,3.3,2,5,9,Below 10k,0,2,0,1,0,Transitional_Phase_1,12,2024,4,411,8000,1,1,1,1
STU_4358,3.47,13,5,9,16-20K,0,2,2,1,0,Transitional_Phase_1,12,2024,4,406,18000,1,2,3,0
STU_4359,3.26,6,6,12,10-15K,0,2,1,1,0,Transitional_Phase_1,3,2025,1,510,12500,1,1,2,1
STU_4360,3.3,0,7,0,16-20K,1,2,2,1,1,Transitional_Phase_1,4,2025,2,540,18000,1,1,3,1
STU_4361,3.45,4,4,13,10-15K,1,2,1,1,0,Transitional_Phase_1,3,2025,1,508,12500,1,2,2,0
STU_4362,3.27,17,2,6,10-15K,1,2,1,1,0,Transitional_Phase_1,1,2025,1,428,12500,1,1,2,1
STU_4363,3.19,5,3,8,Below 10k,1,2,0,1,0,Transitional_Phase_1,3,2025,1,514,8000,1,1,1,1
STU_4364,3.84,1,4,13,16-20K,0,2,2,2,0,Transitional_Phase_1,5,2025,2,564,18000,1,2,4,1
STU_4365,3.46,16,4,13,16-20K,0,2,2,1,0,Transitional_Phase_1,10,2024,4,335,18000,1,2,3,0
STU_4366,3.25,16,6,3,10-15K,0,2,1,1,0,Transitional_Phase_1,12,2024,4,399,12500,1,1,2,1
STU_4367,3.36,19,6,12,10-15K,1,2,1,1,0,Transitional_Phase_1,3,2025,1,504,12500,1,1,2,1
STU_4368,3.37,6,6,14,Below 10k,1,2,0,1,0,Transitional_Phase_1,5,2025,2,572,8000,1,1,1,1
STU_4369,3.3,8,7,0,10-15K,1,2,1,1,0,Transitional_Phase_1,4,2025,2,517,12500,1,1,2,1
STU_4370,2.88,19,6,1,Below 10k,1,2,0,1,0,Transitional_Phase_1,12,2024,4,409,8000,1,0,1,0
STU_4371,3.35,16,4,13,10-15K,0,2,1,1,0,Transitional_Phase_1,9,2024,3,334,12500,1,1,2,1
STU_4372,2.7,7,3,8,Below 10k,0,2,0,1,0,Transitional_Phase_1,6,2025,2,579,8000,1,0,1,0
STU_4373,3.2,9,2,6,Below 10k,0,2,0,1,0,Transitional_Phase_1,11,2024,4,390,8000,1,1,1,1
STU_4374,3.15,10,2,6,10-15K,0,2,1,1,0,Transitional_Phase_1,4,2025,2,517,12500,1,1,2,1
STU_4375,3.48,16,4,13,16-20K,1,2,2,1,1,Transitional_Phase_1,11,2024,4,369,18000,1,2,3,0
STU_4376,3.33,9,2,6,Below 10k,1,2,0,1,0,Transitional_Phase_1,1,2025,1,447,8000,1,1,1,1
STU_4377,3.18,8,7,0,Below 10k,1,2,0,1,0,Transitional_Phase_1,8,2024,3,290,8000,1,1,1,1
STU_4378,2.23,12,6,3,16-20K,0,2,2,0,0,Transitional_Phase_1,3,2025,1,509,18000,1,0,2,1
STU_4379,3.41,2,5,9,10-15K,0,2,1,1,0,Transitional_Phase_1,2,2025,1,475,12500,1,2,2,0
STU_4380,3.14,16,6,1,Below 10k,1,2,0,1,0,Transitional_Phase_1,12,2024,4,397,8000,1,1,1,1
STU_4381,3.4,3,2,6,Below 10k,0,2,0,1,0,Transitional_Phase_1,4,2025,2,543,8000,1,2,1,0
STU_4382,3.21,12,3,8,Below 10k,0,2,0,1,0,Transitional_Phase_1,12,2024,4,411,8000,1,1,1,1
STU_4383,3.85,3,2,6,10-15K,0,2,1,2,0,Transitional_Phase_1,4,2025,2,521,12500,1,2,3,1
STU_4384,2.55,22,3,8,Below 10k,0,2,0,1,0,Transitional_Phase_1,10,2024,4,360,8000,1,0,1,0
STU_4385,3.46,11,5,9,Below 10k,1,2,0,1,0,Transitional_Phase_1,9,2024,3,311,8000,1,2,1,0
STU_4386,3.23,18,0,4,16-20K,1,2,2,1,1,Transitional_Phase_1,11,2024,4,393,18000,1,1,3,1
STU_4387,3.25,9,2,6,Below 10k,1,2,0,1,0,Transitional_Phase_1,12,2024,4,413,8000,1,1,1,1
STU_4388,3.2,9,2,6,Below 10k,0,2,0,1,0,Transitional_Phase_1,8,2024,3,290,8000,1,1,1,1
STU_4389,3.19,12,3,8,Below 10k,0,2,0,1,0,Transitional_Phase_1,6,2025,2,607,8000,1,1,1,1
STU_4390,3.17,6,1,11,Below 10k,0,2,0,1,0,Transitional_Phase_1,12,2024,4,398,8000,1,1,1,1
STU_4391,3.37,7,1,17,Below 10k,1,2,0,1,0,Transitional_Phase_1,9,2024,3,308,8000,1,1,1,1
STU_4392,3.69,1,4,13,16-20K,1,2,2,2,1,Transitional_Phase_1,11,2024,4,395,18000,1,2,4,1
STU_4393,2.99,5,0,2,16-20K,0,2,2,1,0,Transitional_Phase_1,3,2025,1,508,18000,1,0,3,0
STU_4394,2.51,6,6,1,Below 10k,1,2,0,1,0,Transitional_Phase_1,3,2025,1,489,8000,1,0,1,0
STU_4395,3.42,12,3,8,Below 10k,1,2,0,1,0,Transitional_Phase_1,2,2025,1,466,8000,1,2,1,0
STU_4396,3.31,7,3,8,Below 10k,1,2,0,1,0,Transitional_Phase_1,8,2024,3,289,8000,1,1,1,1
STU_4397,3.39,5,0,15,10-15K,1,2,1,1,0,Transitional_Phase_1,11,2024,4,383,12500,1,1,2,1
STU_4398,3.48,9,2,6,16-20K,1,2,2,1,1,Transitional_Phase_1,3,2025,1,494,18000,1,2,3,0
STU_4399,3.88,9,2,6,Below 10k,0,2,0,2,0,Transitional_Phase_1,4,2025,2,523,8000,1,2,2,1
STU_4400,3.14,22,3,8,16-20K,0,2,2,1,0,Transitional_Phase_1,12,2024,4,404,18000,1,1,3,1
STU_4401,3.24,0,7,0,16-20K,1,2,2,1,1,Transitional_Phase_1,3,2025,1,493,18000,1,1,3,1
STU_4402,3.21,5,3,8,Below 10k,1,2,0,1,0,Transitional_Phase_1,3,2025,1,513,8000,1,1,1,1
STU_4403,3.19,7,1,11,Below 10k,1,2,0,1,0,Transitional_Phase_1,3,2025,1,493,8000,1,1,1,1
STU_4404,3.57,1,4,13,Below 10k,0,2,0,2,0,Transitional_Phase_1,11,2024,4,378,8000,1,2,2,1
STU_4405,3.1,7,3,8,16-20K,1,2,2,1,1,Transitional_Phase_1,11,2024,4,388,18000,1,1,3,1
STU_4406,3.37,0,7,0,Below 10k,0,2,0,1,1,Transitional_Phase_1,5,2025,2,561,8000,1,1,1,1
STU_4407,3.9,5,3,8,Below 10k,0,2,0,2,0,Transitional_Phase_1,11,2024,4,390,8000,1,2,2,1
STU_4408,3.24,7,3,8,Below 10k,0,2,0,1,0,Transitional_Phase_1,11,2024,4,383,8000,1,1,1,1
STU_4409,3.36,16,4,13,16-20K,0,2,2,1,0,Transitional_Phase_1,1,2025,1,434,18000,1,1,3,1
STU_4410,3.46,17,2,6,10-15K,1,2,1,1,0,Transitional_Phase_1,11,2024,4,378,12500,1,2,2,0
STU_4411,3.28,9,7,0,10-15K,0,2,1,1,0,Transitional_Phase_1,12,2024,4,412,12500,1,1,2,1
STU_4412,3.11,9,2,6,Below 10k,1,2,0,1,0,Transitional_Phase_1,1,2025,1,445,8000,1,1,1,1
STU_4413,3.2,21,0,16,Below 10k,0,2,0,1,0,Transitional_Phase_1,6,2025,2,589,8000,1,1,1,1
STU_4414,3.18,12,3,8,Below 10k,0,2,0,1,0,Transitional_Phase_1,11,2024,4,385,8000,1,1,1,1
STU_4415,3.21,13,5,9,16-20K,1,2,2,1,1,Transitional_Phase_1,1,2025,1,457,18000,1,1,3,1
STU_4416,2.93,7,1,11,Below 10k,1,2,0,1,0,Transitional_Phase_1,12,2024,4,401,8000,1,0,1,0
STU_4417,3.3,9,7,0,10-15K,1,2,1,1,0,Transitional_Phase_1,4,2025,2,523,12500,1,1,2,1
STU_4418,3.28,10,7,0,16-20K,1,2,2,1,1,Transitional_Phase_1,1,2025,1,444,18000,1,1,3,1
STU_4419,3.47,5,1,18,16-20K,0,2,2,1,0,Transitional_Phase_1,8,2024,3,303,18000,1,2,3,0
STU_4420,3.4,2,5,9,16-20K,1,2,2,1,1,Transitional_Phase_1,9,2024,3,318,18000,1,2,3,0
STU_4421,2.68,8,7,0,16-20K,1,2,2,1,0,Transitional_Phase_1,3,2025,1,513,18000,1,0,3,0
STU_4422,3.26,13,0,4,16-20K,0,2,2,1,0,Transitional_Phase_1,4,2025,2,543,18000,1,1,3,1
STU_4423,3.16,14,4,13,16-20K,1,2,2,1,1,Transitional_Phase_1,3,2025,1,508,18000,1,1,3,1
STU_4424,3.49,13,0,4,10-15K,0,2,1,1,0,Transitional_Phase_1,4,2025,2,530,12500,1,2,2,0
STU_4425,3.36,0,7,0,Below 10k,0,2,0,1,0,Transitional_Phase_1,6,2025,2,583,8000,1,1,1,1
STU_4426,2.73,3,2,6,16-20K,1,2,2,1,0,Transitional_Phase_1,5,2025,2,576,18000,1,0,3,0
STU_4427,3.48,13,5,9,16-20K,0,2,2,1,0,Transitional_Phase_1,2,2025,1,477,18000,1,2,3,0
STU_4428,3.51,16,6,12,16-20K,0,2,2,2,0,Transitional_Phase_1,9,2024,3,318,18000,1,2,4,1
STU_4429,2.63,5,1,18,16-20K,0,2,2,1,0,Transitional_Phase_1,3,2025,1,504,18000,1,0,3,0
STU_4430,3.47,9,2,6,16-20K,1,2,2,1,1,Transitional_Phase_1,3,2025,1,488,18000,1,2,3,0
STU_4431,2.62,8,7,0,Below 10k,0,2,0,1,0,Transitional_Phase_1,11,2024,4,385,8000,1,0,1,0
STU_4432,3.33,2,5,9,10-15K,1,2,1,1,0,Transitional_Phase_1,11,2024,4,391,12500,1,1,2,1
STU_4433,3.06,11,5,9,Below 10k,0,2,0,1,0,Transitional_Phase_1,3,2025,1,507,8000,1,1,1,1
STU_4434,3.46,6,1,11,10-15K,1,2,1,1,0,Transitional_Phase_1,3,2025,1,506,12500,1,2,2,0
STU_4435,3.47,12,3,8,10-15K,0,2,1,1,0,Transitional_Phase_1,6,2025,2,592,12500,1,2,2,0
STU_4436,2.54,13,5,9,16-20K,1,2,2,1,1,Transitional_Phase_1,1,2025,1,440,18000,1,0,3,0
STU_4437,3.11,5,0,4,16-20K,0,2,2,1,0,Transitional_Phase_1,3,2025,1,492,18000,1,1,3,1
STU_4438,3.45,5,3,8,16-20K,1,2,2,1,1,Transitional_Phase_1,5,2025,2,560,18000,1,2,3,0
STU_4439,2.43,14,4,13,Below 10k,1,2,0,0,0,Transitional_Phase_1,3,2025,1,491,8000,1,0,0,1
STU_4440,3.85,1,4,13,Below 10k,1,2,0,2,0,Transitional_Phase_1,8,2024,3,297,8000,1,2,2,1
STU_4441,3.14,4,4,13,10-15K,0,2,1,1,0,Transitional_Phase_1,3,2025,1,502,12500,1,1,2,1
STU_4442,3.9,11,5,9,10-15K,1,2,1,2,0,Transitional_Phase_1,4,2025,2,543,12500,1,2,3,1
STU_4443,3.2,16,4,13,16-20K,0,2,2,1,0,Transitional_Phase_1,6,2025,2,602,18000,1,1,3,1
STU_4444,2.9,9,0,16,10-15K,0,2,1,1,0,Transitional_Phase_1,5,2025,2,570,12500,1,0,2,0
STU_4445,2.9,7,1,17,16-20K,1,2,2,1,1,Transitional_Phase_1,2,2025,1,468,18000,1,0,3,0
STU_4446,3.38,13,5,9,Below 10k,0,2,0,1,0,Transitional_Phase_1,9,2024,3,314,8000,1,1,1,1
STU_4447,3.9,21,0,2,Below 10k,1,2,0,2,0,Transitional_Phase_1,8,2024,3,296,8000,1,2,2,1
STU_4448,3.15,15,6,14,Below 10k,1,2,0,1,0,Transitional_Phase_1,2,2025,1,482,8000,1,1,1,1
STU_4449,3.69,16,4,13,10-15K,0,2,1,2,0,Transitional_Phase_1,9,2024,3,322,12500,1,2,3,1
STU_4450,3.06,5,3,8,16-20K,0,2,2,1,0,Transitional_Phase_1,8,2024,3,284,18000,1,1,3,1
STU_4451,3.12,7,1,18,Below 10k,1,2,0,1,0,Transitional_Phase_1,9,2024,3,327,8000,1,1,1,1
STU_4452,3.28,5,0,15,Below 10k,1,2,0,1,0,Transitional_Phase_1,3,2025,1,502,8000,1,1,1,1
STU_4453,3.22,9,7,0,16-20K,0,2,2,1,0,Transitional_Phase_1,11,2024,4,392,18000,1,1,3,1
STU_4454,3.25,22,3,8,Below 10k,1,2,0,1,0,Transitional_Phase_1,4,2025,2,528,8000,1,1,1,1
STU_4455,3.21,20,1,11,Below 10k,0,2,0,1,0,Transitional_Phase_1,3,2025,1,488,8000,1,1,1,1
STU_4456,3.21,21,0,5,10-15K,1,2,1,1,0,Transitional_Phase_1,11,2024,4,390,12500,1,1,2,1
STU_4457,3.01,2,5,9,10-15K,0,2,1,1,0,Transitional_Phase_1,9,2024,3,309,12500,1,1,2,1
STU_4458,2.61,12,6,12,Below 10k,0,2,0,1,0,Transitional_Phase_1,10,2024,4,356,8000,1,0,1,0
STU_4459,3.36,10,7,0,Below 10k,0,2,0,1,0,Transitional_Phase_1,1,2025,1,452,8000,1,1,1,1
STU_4460,3.23,1,4,13,Below 10k,0,2,0,1,0,Transitional_Phase_1,9,2024,3,325,8000,1,1,1,1
STU_4461,3.36,15,6,10,Below 10k,0,2,0,1,1,Transitional_Phase_1,4,2025,2,536,8000,1,1,1,1
STU_4462,3.83,11,5,9,16-20K,1,2,2,2,1,Transitional_Phase_1,10,2024,4,354,18000,1,2,4,1
STU_4463,2.51,16,4,13,10-15K,1,2,1,1,0,Transitional_Phase_1,6,2025,2,579,12500,1,0,2,0
STU_4464,3.33,7,7,0,16-20K,1,2,2,1,1,Transitional_Phase_1,9,2024,3,317,18000,1,1,3,1
STU_4465,3.29,13,5,9,10-15K,1,2,1,1,0,Transitional_Phase_1,10,2024,4,340,12500,1,1,2,1
STU_4466,3.29,12,6,12,16-20K,1,2,2,1,1,Transitional_Phase_1,3,2025,1,513,18000,1,1,3,1
STU_4467,3.57,22,3,8,16-20K,1,2,2,2,1,Transitional_Phase_1,11,2024,4,370,18000,1,2,4,1
STU_4468,3.47,13,5,9,Below 10k,1,2,0,1,0,Transitional_Phase_1,3,2025,1,489,8000,1,2,1,0
STU_4469,3.14,20,1,17,Below 10k,0,2,0,1,0,Transitional_Phase_1,10,2024,4,345,8000,1,1,1,1
STU_4470,3.38,13,0,4,16-20K,1,2,2,1,1,Transitional_Phase_1,4,2025,2,517,18000,1,1,3,1
STU_4471,2.46,16,6,14,10-15K,1,2,1,0,0,Transitional_Phase_1,12,2024,4,418,12500,1,0,1,1
STU_4472,3.47,6,1,17,Below 10k,0,2,0,1,0,Transitional_Phase_1,9,2024,3,307,8000,1,2,1,0
STU_4473,3.21,3,2,6,16-20K,0,2,2,1,0,Transitional_Phase_1,12,2024,4,403,18000,1,1,3,1
STU_4474,3.32,9,2,6,16-20K,1,2,2,1,1,Transitional_Phase_1,6,2025,2,599,18000,1,1,3,1
STU_4475,3.0,4,4,13,16-20K,0,2,2,1,0,Transitional_Phase_1,11,2024,4,394,18000,1,1,3,1
STU_4476,2.12,8,7,0,Below 10k,1,2,0,0,0,Transitional_Phase_1,2,2025,1,463,8000,1,0,0,1
STU_4477,3.36,9,2,6,16-20K,1,2,2,1,1,Transitional_Phase_1,9,2024,3,329,18000,1,1,3,1
STU_4478,2.81,12,6,12,Below 10k,1,2,0,1,0,Transitional_Phase_1,8,2024,3,292,8000,1,0,1,0
STU_4479,2.61,1,4,13,Below 10k,0,2,0,1,0,Transitional_Phase_1,3,2025,1,491,8000,1,0,1,0
STU_4480,3.38,6,6,1,16-20K,0,2,2,1,0,Transitional_Phase_1,10,2024,4,341,18000,1,1,3,1
STU_4481,3.17,16,6,1,10-15K,1,2,1,1,0,Transitional_Phase_1,10,2024,4,358,12500,1,1,2,1
STU_4482,2.64,12,6,1,16-20K,0,2,2,1,0,Transitional_Phase_1,1,2025,1,429,18000,1,0,3,0
STU_4483,3.19,10,7,0,16-20K,0,2,2,1,0,Transitional_Phase_1,3,2025,1,509,18000,1,1,3,1
STU_4484,3.36,3,2,6,16-20K,0,2,2,1,0,Transitional_Phase_1,9,2024,3,319,18000,1,1,3,1
STU_4485,3.34,1,4,13,Below 10k,1,2,0,1,0,Transitional_Phase_1,1,2025,1,429,8000,1,1,1,1
STU_4486,3.35,17,2,6,16-20K,0,2,2,1,0,Transitional_Phase_1,11,2024,4,381,18000,1,1,3,1
STU_4487,2.5,3,2,6,10-15K,1,2,1,1,0,Transitional_Phase_1,5,2025,2,564,12500,1,0,2,0
STU_4488,3.26,13,5,9,16-20K,0,2,2,1,0,Transitional_Phase_1,11,2024,4,387,18000,1,1,3,1
STU_4489,2.71,13,0,16,16-20K,1,2,2,1,1,Transitional_Phase_1,10,2024,4,361,18000,1,0,3,0
STU_4490,3.22,5,0,2,16-20K,1,2,2,1,1,Transitional_Phase_1,5,2025,2,561,18000,1,1,3,1
STU_4491,2.84,6,1,18,Below 10k,1,2,0,1,0,Transitional_Phase_1,5,2025,2,570,8000,1,0,1,0
STU_4492,3.37,7,3,8,16-20K,1,2,2,1,1,Transitional_Phase_1,4,2025,2,528,18000,1,1,3,1
STU_4493,3.11,12,3,8,10-15K,0,2,1,1,0,Transitional_Phase_1,4,2025,2,532,12500,1,1,2,1
STU_4494,3.39,21,0,5,10-15K,0,2,1,1,0,Transitional_Phase_1,11,2024,4,372,12500,1,1,2,1
STU_4495,2.55,17,2,6,16-20K,0,2,2,1,0,Transitional_Phase_1,5,2025,2,572,18000,1,0,3,0
STU_4496,3.35,2,5,9,10-15K,1,2,1,1,0,Transitional_Phase_1,8,2024,3,285,12500,1,1,2,1
STU_4497,2.93,22,3,8,16-20K,0,2,2,1,0,Transitional_Phase_1,5,2025,2,551,18000,1,0,3,0
STU_4498,3.49,16,6,3,16-20K,1,2,2,1,1,Transitional_Phase_1,1,2025,1,453,18000,1,2,3,0
STU_4499,3.5,6,6,14,Below 10k,1,2,0,2,0,Transitional_Phase_1,10,2024,4,350,8000,1,2,2,1
STU_4500,3.44,9,2,6,10-15K,1,2,1,1,0,Transitional_Phase_1,6,2025,2,607,12500,1,2,2,0
STU_4501,3.22,2,5,9,Below 10k,1,2,0,1,0,Transitional_Phase_1,5,2025,2,551,8000,1,1,1,1
STU_4502,3.29,2,5,9,16-20K,0,2,2,1,0,Transitional_Phase_1,10,2024,4,355,18000,1,1,3,1
STU_4503,3.45,3,2,6,Below 10k,1,2,0,1,0,Transitional_Phase_1,3,2025,1,495,8000,1,2,1,0
STU_4504,2.58,20,1,11,Below 10k,0,2,0,1,0,Transitional_Phase_1,5,2025,2,569,8000,1,0,1,0
STU_4505,3.18,9,2,6,Below 10k,1,2,0,1,0,Transitional_Phase_1,11,2024,4,384,8000,1,1,1,1
STU_4506,3.31,16,6,10,16-20K,0,2,2,1,0,Transitional_Phase_1,4,2025,2,517,18000,1,1,3,1
STU_4507,3.42,20,1,17,10-15K,1,2,1,1,0,Transitional_Phase_1,5,2025,2,554,12500,1,2,2,0
STU_4508,3.39,6,6,10,16-20K,0,2,2,1,0,Transitional_Phase_1,9,2024,3,306,18000,1,1,3,1
STU_4509,3.27,12,3,8,Below 10k,0,2,0,1,0,Transitional_Phase_1,6,2025,2,578,8000,1,1,1,1
STU_4510,2.83,12,3,8,10-15K,1,2,1,1,0,Transitional_Phase_1,11,2024,4,366,12500,1,0,2,0
STU_4511,3.32,7,1,17,16-20K,1,2,2,1,1,Transitional_Phase_1,11,2024,4,367,18000,1,1,3,1
STU_4512,3.87,12,6,3,10-15K,0,2,1,2,0,Transitional_Phase_1,3,2025,1,498,12500,1,2,3,1
STU_4513,2.59,17,2,6,Below 10k,1,2,0,1,0,Transitional_Phase_1,10,2024,4,337,8000,1,0,1,0
STU_4514,3.25,16,4,13,16-20K,1,2,2,1,1,Transitional_Phase_1,4,2025,2,534,18000,1,1,3,1
STU_4515,3.28,9,7,0,16-20K,0,2,2,1,0,Transitional_Phase_1,1,2025,1,455,18000,1,1,3,1
STU_4516,3.12,10,7,0,10-15K,1,2,1,1,0,Transitional_Phase_1,5,2025,2,552,12500,1,1,2,1
STU_4517,2.4,13,0,16,10-15K,1,2,1,0,0,Transitional_Phase_1,3,2025,1,506,12500,1,0,1,1
STU_4518,3.44,14,4,13,16-20K,1,2,2,1,0,Transitional_Phase_1,2,2025,1,461,18000,1,2,3,0
STU_4519,2.78,10,2,6,Below 10k,1,2,0,1,0,Transitional_Phase_1,9,2024,3,325,8000,1,0,1,0
STU_4520,2.91,9,2,6,10-15K,0,2,1,1,0,Transitional_Phase_1,9,2024,3,329,12500,1,0,2,0
STU_4521,3.19,6,1,18,16-20K,0,2,2,1,0,Transitional_Phase_1,8,2024,3,303,18000,1,1,3,1
STU_4522,2.77,12,6,3,Below 10k,0,2,0,1,0,Transitional_Phase_1,5,2025,2,566,8000,1,0,1,0
STU_4523,2.59,13,5,9,Below 10k,0,2,0,1,0,Transitional_Phase_1,2,2025,1,467,8000,1,0,1,0
STU_4524,3.33,7,3,8,16-20K,1,2,2,1,1,Transitional_Phase_1,12,2024,4,416,18000,1,1,3,1
STU_4525,3.14,14,4,13,Below 10k,0,2,0,1,0,Transitional_Phase_1,8,2024,3,288,8000,1,1,1,1
STU_4526,3.42,11,5,9,10-15K,0,2,1,1,0,Transitional_Phase_1,4,2025,2,527,12500,1,2,2,0
STU_4527,3.21,2,5,9,16-20K,0,2,2,1,0,Transitional_Phase_1,2,2025,1,477,18000,1,1,3,1
STU_4528,3.45,17,2,6,16-20K,0,2,2,1,0,Transitional_Phase_1,5,2025,2,576,18000,1,2,3,0
STU_4529,3.34,8,7,0,10-15K,1,2,1,1,0,Transitional_Phase_1,3,2025,1,507,12500,1,1,2,1
STU_4530,3.16,7,3,8,10-15K,0,2,1,1,0,Transitional_Phase_1,4,2025,2,526,12500,1,1,2,1
STU_4531,3.35,12,3,8,10-15K,1,2,1,1,0,Transitional_Phase_1,1,2025,1,451,12500,1,1,2,1
STU_4532,3.48,12,6,10,Below 10k,0,2,0,1,0,Transitional_Phase_1,12,2024,4,403,8000,1,2,1,0
STU_4533,3.05,3,2,6,10-15K,1,2,1,1,0,Transitional_Phase_1,4,2025,2,546,12500,1,1,2,1
STU_4534,3.14,9,0,5,10-15K,1,2,1,1,0,Transitional_Phase_1,9,2024,3,309,12500,1,1,2,1
STU_4535,3.13,5,1,17,10-15K,0,2,1,1,0,Transitional_Phase_1,1,2025,1,453,12500,1,1,2,1
STU_4536,3.35,10,7,0,16-20K,0,2,2,1,0,Transitional_Phase_1,1,2025,1,444,18000,1,1,3,1
STU_4537,3.3,15,6,1,16-20K,0,2,2,1,0,Transitional_Phase_1,9,2024,3,314,18000,1,1,3,1
STU_4538,3.22,12,3,8,10-15K,0,2,1,1,0,Transitional_Phase_1,10,2024,4,345,12500,1,1,2,1
STU_4539,3.38,21,0,2,16-20K,1,2,2,1,1,Transitional_Phase_1,9,2024,3,310,18000,1,1,3,1
STU_4540,3.29,9,2,6,16-20K,1,2,2,1,1,Transitional_Phase_1,2,2025,1,481,18000,1,1,3,1
STU_4541,3.21,10,2,6,Below 10k,1,2,0,1,0,Transitional_Phase_1,9,2024,3,306,8000,1,1,1,1
STU_4542,3.0,13,0,4,10-15K,1,2,1,1,0,Transitional_Phase_1,4,2025,2,533,12500,1,1,2,1
STU_4543,2.86,8,7,0,Below 10k,1,2,0,1,0,Transitional_Phase_1,11,2024,4,379,8000,1,0,1,0
STU_4544,2.11,10,2,6,Below 10k,1,2,0,0,0,Transitional_Phase_1,1,2025,1,441,8000,1,0,0,1
STU_4545,2.86,22,3,8,10-15K,1,2,1,1,0,Transitional_Phase_1,3,2025,1,510,12500,1,0,2,0
STU_4546,3.46,9,7,0,10-15K,0,2,1,1,0,Transitional_Phase_1,11,2024,4,389,12500,1,2,2,0
STU_4547,3.45,6,6,3,10-15K,1,2,1,1,0,Transitional_Phase_1,4,2025,2,539,12500,1,2,2,0
STU_4548,3.45,4,4,13,10-15K,1,2,1,1,0,Transitional_Phase_1,4,2025,2,534,12500,1,2,2,0
STU_4549,3.3,6,1,17,10-15K,0,2,1,1,0,Transitional_Phase_1,1,2025,1,451,12500,1,1,2,1
STU_4550,2.7,4,4,13,10-15K,1,2,1,1,0,Transitional_Phase_1,4,2025,2,543,12500,1,0,2,0
STU_4551,2.92,7,3,8,10-15K,0,2,1,1,0,Transitional_Phase_1,11,2024,4,384,12500,1,0,2,0
STU_4552,3.49,11,5,9,16-20K,1,2,2,1,1,Transitional_Phase_1,4,2025,2,517,18000,1,2,3,0
STU_4553,3.48,9,2,6,10-15K,1,2,1,1,0,Transitional_Phase_1,9,2024,3,312,12500,1,2,2,0
STU_4554,3.23,6,6,1,10-15K,0,2,1,1,0,Transitional_Phase_1,6,2025,2,595,12500,1,1,2,1
STU_4555,3.35,14,4,13,10-15K,1,2,1,1,0,Transitional_Phase_1,11,2024,4,388,12500,1,1,2,1
STU_4556,2.99,12,6,3,16-20K,1,2,2,1,1,Transitional_Phase_1,12,2024,4,412,18000,1,0,3,0
STU_4557,3.16,3,2,6,Below 10k,1,2,0,1,0,Transitional_Phase_1,1,2025,1,447,8000,1,1,1,1
STU_4558,3.93,12,3,8,10-15K,0,2,1,2,0,Transitional_Phase_1,10,2024,4,364,12500,1,2,3,1
STU_4559,3.29,1,4,13,10-15K,1,2,1,1,0,Transitional_Phase_1,5,2025,2,554,12500,1,1,2,1
STU_4560,3.12,10,7,0,16-20K,0,2,2,1,0,Transitional_Phase_1,5,2025,2,562,18000,1,1,3,1
STU_4561,2.84,7,7,0,16-20K,1,2,2,1,1,Transitional_Phase_1,11,2024,4,383,18000,1,0,3,0
STU_4562,3.36,22,3,8,Below 10k,1,2,0,1,0,Transitional_Phase_1,6,2025,2,604,8000,1,1,1,1
STU_4563,3.79,5,1,11,16-20K,0,2,2,2,0,Transitional_Phase_1,12,2024,4,426,18000,1,2,4,1
STU_4564,3.46,14,4,13,16-20K,0,2,2,1,0,Transitional_Phase_1,10,2024,4,340,18000,1,2,3,0
STU_4565,3.11,0,7,0,10-15K,1,2,1,1,0,Transitional_Phase_1,1,2025,1,441,12500,1,1,2,1
STU_4566,2.91,0,1,17,Below 10k,0,2,0,1,0,Transitional_Phase_1,12,2024,4,402,8000,1,0,1,0
STU_4567,3.21,1,4,13,16-20K,1,2,2,1,1,Transitional_Phase_1,6,2025,2,580,18000,1,1,3,1
STU_4568,3.13,11,5,9,10-15K,0,2,1,1,0,Transitional_Phase_1,10,2024,4,335,12500,1,1,2,1
STU_4569,3.28,11,5,9,16-20K,0,2,2,1,0,Transitional_Phase_1,6,2025,2,582,18000,1,1,3,1
STU_4570,3.11,21,0,2,Below 10k,1,2,0,1,0,Transitional_Phase_1,11,2024,4,389,8000,1,1,1,1
STU_4571,3.12,13,5,9,10-15K,1,2,1,1,0,Transitional_Phase_1,4,2025,2,545,12500,1,1,2,1
STU_4572,2.74,18,0,4,10-15K,0,2,1,1,0,Transitional_Phase_1,10,2024,4,363,12500,1,0,2,0
STU_4573,3.47,13,5,9,10-15K,0,2,1,1,0,Transitional_Phase_1,4,2025,2,519,12500,1,2,2,0
STU_4574,3.29,12,6,14,10-15K,0,2,1,1,0,Transitional_Phase_1,10,2024,4,363,12500,1,1,2,1
STU_4575,2.55,0,1,17,10-15K,1,2,1,1,0,Transitional_Phase_1,1,2025,1,429,12500,1,0,2,0
STU_4576,3.33,10,2,6,16-20K,1,2,2,1,1,Transitional_Phase_1,8,2024,3,284,18000,1,1,3,1
STU_4577,3.26,6,6,14,Below 10k,1,2,0,1,0,Transitional_Phase_1,10,2024,4,349,8000,1,1,1,1
STU_4578,3.39,5,0,4,Below 10k,0,2,0,1,0,Transitional_Phase_1,2,2025,1,485,8000,1,1,1,1
STU_4579,3.44,3,2,6,10-15K,0,2,1,1,0,Transitional_Phase_1,4,2025,2,542,12500,1,2,2,0
STU_4580,3.18,12,3,8,10-15K,0,2,1,1,0,Transitional_Phase_1,10,2024,4,345,12500,1,1,2,1
STU_4581,3.1,14,4,13,16-20K,0,2,2,1,0,Transitional_Phase_1,6,2025,2,587,18000,1,1,3,1
STU_4582,3.21,13,5,9,16-20K,0,2,2,1,1,Transitional_Phase_1,5,2025,2,566,18000,1,1,3,1
STU_4583,3.34,2,5,9,Below 10k,1,2,0,1,0,Transitional_Phase_1,3,2025,1,489,8000,1,1,1,1
STU_4584,3.48,8,7,0,Below 10k,1,2,0,1,0,Transitional_Phase_1,1,2025,1,447,8000,1,2,1,0
STU_4585,3.08,16,4,13,16-20K,0,2,2,1,0,Transitional_Phase_1,10,2024,4,344,18000,1,1,3,1
STU_4586,3.41,12,3,8,16-20K,1,2,2,1,1,Transitional_Phase_1,9,2024,3,320,18000,1,2,3,0
STU_4587,3.2,0,7,0,Below 10k,1,2,0,1,0,Transitional_Phase_1,1,2025,1,443,8000,1,1,1,1
STU_4588,3.16,12,3,8,10-15K,0,2,1,1,0,Transitional_Phase_1,6,2025,2,600,12500,1,1,2,1
STU_4589,3.14,6,1,11,16-20K,1,2,2,1,1,Transitional_Phase_1,9,2024,3,331,18000,1,1,3,1
STU_4590,3.95,13,0,16,10-15K,1,2,1,2,1,Transitional_Phase_1,3,2025,1,500,12500,1,2,3,1
STU_4591,3.1,0,7,0,16-20K,1,2,2,1,1,Transitional_Phase_1,12,2024,4,396,18000,1,1,3,1
STU_4592,3.2,9,2,6,Below 10k,0,2,0,1,1,Transitional_Phase_1,9,2024,3,333,8000,1,1,1,1
STU_4593,2.8,10,2,6,16-20K,0,2,2,1,1,Transitional_Phase_1,10,2024,4,357,18000,1,0,3,0
STU_4594,3.28,2,5,9,10-15K,1,2,1,1,0,Transitional_Phase_1,12,2024,4,401,12500,1,1,2,1
STU_4595,3.26,9,2,6,16-20K,0,2,2,1,0,Transitional_Phase_1,8,2024,3,293,18000,1,1,3,1
STU_4596,3.14,19,6,14,10-15K,1,2,1,1,0,Transitional_Phase_1,4,2025,2,518,12500,1,1,2,1
STU_4597,3.94,12,6,14,10-15K,0,2,1,2,0,Transitional_Phase_1,3,2025,1,486,12500,1,2,3,1
STU_4598,3.4,5,1,18,Below 10k,1,2,0,1,0,Transitional_Phase_1,4,2025,2,528,8000,1,2,1,0
STU_4599,2.93,12,3,8,Below 10k,0,2,0,1,0,Transitional_Phase_1,1,2025,1,449,8000,1,0,1,0
STU_4600,3.12,9,0,5,Below 10k,0,2,0,1,0,Transitional_Phase_1,11,2024,4,366,8000,1,1,1,1
STU_4601,3.02,10,2,6,Below 10k,0,2,0,1,0,Transitional_Phase_1,3,2025,1,493,8000,1,1,1,1
STU_4602,3.47,6,1,11,10-15K,1,2,1,1,0,Transitional_Phase_1,3,2025,1,504,12500,1,2,2,0
STU_4603,2.55,12,6,10,10-15K,1,2,1,1,0,Transitional_Phase_1,3,2025,1,516,12500,1,0,2,0
STU_4604,3.32,5,0,16,16-20K,0,2,2,1,0,Transitional_Phase_1,10,2024,4,339,18000,1,1,3,1
STU_4605,3.37,7,3,8,10-15K,1,2,1,1,0,Transitional_Phase_1,3,2025,1,504,12500,1,1,2,1
STU_4606,3.36,21,0,16,16-20K,1,2,2,1,1,Transitional_Phase_1,12,2024,4,406,18000,1,1,3,1
STU_4607,3.37,20,1,17,10-15K,0,2,1,1,0,Transitional_Phase_1,3,2025,1,490,12500,1,1,2,1
STU_4608,3.01,0,1,11,Below 10k,1,2,0,1,0,Transitional_Phase_1,6,2025,2,589,8000,1,1,1,1
STU_4609,3.24,6,1,11,16-20K,0,2,2,1,0,Transitional_Phase_1,3,2025,1,498,18000,1,1,3,1
STU_4610,3.22,7,7,0,10-15K,1,2,1,1,0,Transitional_Phase_1,4,2025,2,545,12500,1,1,2,1
STU_4611,3.24,5,1,11,16-20K,1,2,2,1,1,Transitional_Phase_1,6,2025,2,589,18000,1,1,3,1
STU_4612,3.22,7,7,0,16-20K,1,2,2,1,1,Transitional_Phase_1,10,2024,4,337,18000,1,1,3,1
STU_4613,3.47,5,3,8,16-20K,0,2,2,1,0,Transitional_Phase_1,12,2024,4,422,18000,1,2,3,0
STU_4614,3.34,13,5,9,16-20K,0,2,2,1,0,Transitional_Phase_1,6,2025,2,581,18000,1,1,3,1
STU_4615,3.26,22,3,8,Below 10k,0,2,0,1,0,Transitional_Phase_1,3,2025,1,514,8000,1,1,1,1
STU_4616,3.42,0,1,18,10-15K,1,2,1,1,0,Transitional_Phase_1,5,2025,2,550,12500,1,2,2,0
STU_4617,3.38,11,5,9,10-15K,1,2,1,1,0,Transitional_Phase_1,12,2024,4,398,12500,1,1,2,1
STU_4618,3.36,11,5,9,16-20K,1,2,2,1,1,Transitional_Phase_1,11,2024,4,383,18000,1,1,3,1
STU_4619,3.4,5,1,11,16-20K,0,2,2,1,0,Transitional_Phase_1,8,2024,3,299,18000,1,2,3,0
STU_4620,3.04,6,6,1,10-15K,0,2,1,1,0,Transitional_Phase_1,1,2025,1,437,12500,1,1,2,1
STU_4621,3.45,12,3,8,Below 10k,1,2,0,1,0,Transitional_Phase_1,12,2024,4,406,8000,1,2,1,0
STU_4622,2.51,3,2,6,10-15K,1,2,1,1,0,Transitional_Phase_1,5,2025,2,553,12500,1,0,2,0
STU_4623,3.42,17,2,6,16-20K,0,2,2,1,0,Transitional_Phase_1,11,2024,4,379,18000,1,2,3,0
STU_4624,3.25,12,3,8,Below 10k,1,2,0,1,0,Transitional_Phase_1,5,2025,2,567,8000,1,1,1,1
STU_4625,3.66,12,3,8,Below 10k,0,2,0,2,0,Transitional_Phase_1,9,2024,3,310,8000,1,2,2,1
STU_4626,2.9,12,6,12,16-20K,0,2,2,1,0,Transitional_Phase_1,3,2025,1,498,18000,1,0,3,0
STU_4627,3.12,21,0,5,16-20K,0,2,2,1,0,Transitional_Phase_1,12,2024,4,419,18000,1,1,3,1
STU_4628,3.47,11,5,9,10-15K,1,2,1,1,0,Transitional_Phase_1,12,2024,4,402,12500,1,2,2,0
STU_4629,2.85,6,6,1,16-20K,1,2,2,1,1,Transitional_Phase_1,3,2025,1,505,18000,1,0,3,0
STU_4630,2.97,0,7,0,16-20K,0,2,2,1,0,Transitional_Phase_1,12,2024,4,397,18000,1,0,3,0
STU_4631,3.05,1,4,13,16-20K,1,2,2,1,1,Transitional_Phase_1,3,2025,1,500,18000,1,1,3,1
STU_4632,3.42,5,1,11,16-20K,0,2,2,1,0,Transitional_Phase_1,11,2024,4,383,18000,1,2,3,0
STU_4633,2.65,20,1,18,Below 10k,1,2,0,1,0,Transitional_Phase_1,1,2025,1,434,8000,1,0,1,0
STU_4634,3.34,10,7,0,16-20K,0,2,2,1,0,Transitional_Phase_1,10,2024,4,336,18000,1,1,3,1
STU_4635,3.08,7,3,8,Below 10k,1,2,0,1,0,Transitional_Phase_1,5,2025,2,562,8000,1,1,1,1
STU_4636,3.24,14,4,13,16-20K,1,2,2,1,1,Transitional_Phase_1,12,2024,4,396,18000,1,1,3,1
STU_4637,3.37,2,5,9,Below 10k,0,2,0,1,0,Transitional_Phase_1,6,2025,2,581,8000,1,1,1,1
STU_4638,3.15,9,7,0,16-20K,0,2,2,1,0,Transitional_Phase_1,1,2025,1,457,18000,1,1,3,1
STU_4639,3.16,6,6,10,16-20K,1,2,2,1,1,Transitional_Phase_1,5,2025,2,555,18000,1,1,3,1
STU_4640,2.98,6,1,11,16-20K,0,2,2,1,0,Transitional_Phase_1,1,2025,1,436,18000,1,0,3,0
STU_4641,3.24,2,5,9,Below 10k,0,2,0,1,0,Transitional_Phase_1,3,2025,1,495,8000,1,1,1,1
STU_4642,3.18,7,1,11,Below 10k,0,2,0,1,0,Transitional_Phase_1,1,2025,1,427,8000,1,1,1,1
STU_4643,3.47,0,7,0,16-20K,0,2,2,1,0,Transitional_Phase_1,9,2024,3,316,18000,1,2,3,0
STU_4644,3.43,17,2,6,Below 10k,0,2,0,1,1,Transitional_Phase_1,4,2025,2,541,8000,1,2,1,0
STU_4645,3.28,8,7,0,Below 10k,0,2,0,1,0,Transitional_Phase_1,9,2024,3,306,8000,1,1,1,1
STU_4646,3.14,15,6,14,Below 10k,1,2,0,1,0,Transitional_Phase_1,4,2025,2,542,8000,1,1,1,1
STU_4647,3.34,4,4,13,10-15K,0,2,1,1,0,Transitional_Phase_1,3,2025,1,491,12500,1,1,2,1
STU_4648,2.05,7,3,8,Below 10k,1,2,0,0,0,Transitional_Phase_1,4,2025,2,523,8000,1,0,0,1
STU_4649,3.88,3,2,6,Below 10k,0,2,0,2,0,Transitional_Phase_1,5,2025,2,577,8000,1,2,2,1
STU_4650,3.29,9,0,15,Below 10k,0,2,0,1,0,Transitional_Phase_1,12,2024,4,418,8000,1,1,1,1
STU_4651,3.0,5,1,18,16-20K,0,2,2,1,0,Transitional_Phase_1,6,2025,2,590,18000,1,1,3,1
STU_4652,3.51,6,1,11,Below 10k,0,2,0,2,0,Transitional_Phase_1,2,2025,1,478,8000,1,2,2,1
STU_4653,2.61,9,0,15,10-15K,0,2,1,1,0,Transitional_Phase_1,11,2024,4,387,12500,1,0,2,0
STU_4654,3.1,5,3,8,10-15K,1,2,1,1,0,Transitional_Phase_1,12,2024,4,406,12500,1,1,2,1
STU_4655,3.12,9,2,6,16-20K,0,2,2,1,0,Transitional_Phase_1,9,2024,3,315,18000,1,1,3,1
STU_4656,3.4,4,4,13,10-15K,0,2,1,1,0,Transitional_Phase_1,9,2024,3,332,12500,1,2,2,0
STU_4657,3.36,2,5,9,16-20K,0,2,2,1,0,Transitional_Phase_1,12,2024,4,409,18000,1,1,3,1
STU_4658,2.62,5,1,17,16-20K,1,2,2,1,1,Transitional_Phase_1,9,2024,3,320,18000,1,0,3,0
STU_4659,3.47,11,5,9,10-15K,0,2,1,1,0,Transitional_Phase_1,3,2025,1,492,12500,1,2,2,0
STU_4660,3.15,6,1,11,10-15K,1,2,1,1,0,Transitional_Phase_1,1,2025,1,447,12500,1,1,2,1
STU_4661,3.42,13,5,9,Below 10k,0,2,0,1,0,Transitional_Phase_1,12,2024,4,418,8000,1,2,1,0
STU_4662,2.65,12,6,10,16-20K,0,2,2,1,0,Transitional_Phase_1,10,2024,4,338,18000,1,0,3,0
STU_4663,3.21,16,6,1,10-15K,0,2,1,1,0,Transitional_Phase_1,8,2024,3,287,12500,1,1,2,1
STU_4664,3.07,13,5,9,10-15K,1,2,1,1,0,Transitional_Phase_1,9,2024,3,328,12500,1,1,2,1
STU_4665,3.19,6,6,10,Below 10k,1,2,0,1,0,Transitional_Phase_1,6,2025,2,599,8000,1,1,1,1
STU_4666,3.46,21,0,2,10-15K,1,2,1,1,0,Transitional_Phase_1,11,2024,4,370,12500,1,2,2,0
STU_4667,3.18,10,7,0,Below 10k,1,2,0,1,0,Transitional_Phase_1,11,2024,4,376,8000,1,1,1,1
STU_4668,3.15,12,6,3,Below 10k,0,2,0,1,0,Transitional_Phase_1,1,2025,1,427,8000,1,1,1,1
STU_4669,3.42,5,0,4,10-15K,1,2,1,1,0,Transitional_Phase_1,3,2025,1,504,12500,1,2,2,0
STU_4670,3.11,12,3,8,16-20K,0,2,2,1,1,Transitional_Phase_1,12,2024,4,406,18000,1,1,3,1
STU_4671,3.13,14,4,13,Below 10k,1,2,0,1,0,Transitional_Phase_1,10,2024,4,362,8000,1,1,1,1
STU_4672,3.18,0,7,0,Below 10k,0,2,0,1,0,Transitional_Phase_1,11,2024,4,372,8000,1,1,1,1
STU_4673,3.38,7,7,0,Below 10k,1,2,0,1,0,Transitional_Phase_1,5,2025,2,556,8000,1,1,1,1
STU_4674,3.33,12,3,8,10-15K,0,2,1,1,0,Transitional_Phase_1,4,2025,2,541,12500,1,1,2,1
STU_4675,2.6,15,6,14,10-15K,1,2,1,1,0,Transitional_Phase_1,5,2025,2,570,12500,1,0,2,0
STU_4676,3.12,20,1,17,Below 10k,1,2,0,1,0,Transitional_Phase_1,8,2024,3,298,8000,1,1,1,1
STU_4677,3.34,5,1,18,10-15K,0,2,1,1,0,Transitional_Phase_1,1,2025,1,456,12500,1,1,2,1
STU_4678,3.9,13,0,2,10-15K,0,2,1,2,1,Transitional_Phase_1,10,2024,4,336,12500,1,2,3,1
STU_4679,3.39,18,0,16,16-20K,1,2,2,1,1,Transitional_Phase_1,6,2025,2,603,18000,1,1,3,1
STU_4680,3.35,22,3,8,10-15K,1,2,1,1,0,Transitional_Phase_1,11,2024,4,378,12500,1,1,2,1
STU_4681,3.12,13,5,9,16-20K,0,2,2,1,0,Transitional_Phase_1,11,2024,4,371,18000,1,1,3,1
STU_4682,3.32,10,7,0,10-15K,1,2,1,1,0,Transitional_Phase_1,11,2024,4,381,12500,1,1,2,1
STU_4683,3.24,13,0,2,16-20K,0,2,2,1,0,Transitional_Phase_1,6,2025,2,598,18000,1,1,3,1
STU_4684,3.38,5,3,8,Below 10k,0,2,0,1,0,Transitional_Phase_1,8,2024,3,289,8000,1,1,1,1
STU_4685,3.35,6,6,12,Below 10k,0,2,0,1,0,Transitional_Phase_1,12,2024,4,415,8000,1,1,1,1
STU_4686,3.23,17,2,6,Below 10k,1,2,0,1,0,Transitional_Phase_1,11,2024,4,395,8000,1,1,1,1
STU_4687,3.16,10,2,6,10-15K,0,2,1,1,0,Transitional_Phase_1,8,2024,3,289,12500,1,1,2,1
STU_4688,3.49,5,0,2,16-20K,1,2,2,1,1,Transitional_Phase_1,5,2025,2,571,18000,1,2,3,0
STU_4689,3.06,9,7,0,Below 10k,0,2,0,1,0,Transitional_Phase_1,5,2025,2,552,8000,1,1,1,1
STU_4690,3.49,7,7,0,16-20K,0,2,2,1,0,Transitional_Phase_1,5,2025,2,565,18000,1,2,3,0
STU_4691,3.47,12,3,8,10-15K,1,2,1,1,0,Transitional_Phase_1,8,2024,3,281,12500,1,2,2,0
STU_4692,2.92,13,5,9,Below 10k,0,2,0,1,0,Transitional_Phase_1,4,2025,2,533,8000,1,0,1,0
STU_4693,3.29,1,4,13,Below 10k,0,2,0,1,0,Transitional_Phase_1,11,2024,4,391,8000,1,1,1,1
STU_4694,3.19,6,6,1,10-15K,0,2,1,1,0,Transitional_Phase_1,12,2024,4,401,12500,1,1,2,1
STU_4695,3.34,12,6,14,Below 10k,0,2,0,1,0,Transitional_Phase_1,6,2025,2,593,8000,1,1,1,1
STU_4696,3.05,21,0,5,16-20K,1,2,2,1,1,Transitional_Phase_1,12,2024,4,397,18000,1,1,3,1
STU_4697,3.32,18,0,16,16-20K,1,2,2,1,0,Transitional_Phase_1,11,2024,4,368,18000,1,1,3,1
STU_4698,2.56,7,3,8,Below 10k,0,2,0,1,0,Transitional_Phase_1,2,2025,1,472,8000,1,0,1,0
STU_4699,3.45,2,5,9,16-20K,0,2,2,1,0,Transitional_Phase_1,3,2025,1,494,18000,1,2,3,0
STU_4700,3.92,2,5,9,10-15K,1,2,1,2,1,Transitional_Phase_1,11,2024,4,395,12500,1,2,3,1
STU_4701,3.43,1,4,13,10-15K,0,2,1,1,0,Transitional_Phase_1,1,2025,1,445,12500,1,2,2,0
STU_4702,2.74,20,1,18,16-20K,0,2,2,1,0,Transitional_Phase_1,2,2025,1,473,18000,1,0,3,0
STU_4703,3.33,4,4,13,Below 10k,0,2,0,1,0,Transitional_Phase_1,11,2024,4,375,8000,1,1,1,1
STU_4704,3.32,10,2,6,Below 10k,1,2,0,1,0,Transitional_Phase_1,4,2025,2,539,8000,1,1,1,1
STU_4705,2.67,2,5,9,16-20K,1,2,2,1,1,Transitional_Phase_1,9,2024,3,334,18000,1,0,3,0
STU_4706,3.49,18,0,2,16-20K,0,2,2,1,0,Transitional_Phase_1,9,2024,3,314,18000,1,2,3,0
STU_4707,3.16,13,5,9,Below 10k,0,2,0,1,0,Transitional_Phase_1,6,2025,2,588,8000,1,1,1,1
STU_4708,3.19,18,0,15,16-20K,0,2,2,1,0,Transitional_Phase_1,8,2024,3,287,18000,1,1,3,1
STU_4709,3.93,22,3,8,10-15K,0,2,1,2,0,Transitional_Phase_1,5,2025,2,575,12500,1,2,3,1
STU_4710,2.79,17,2,6,Below 10k,0,2,0,1,0,Transitional_Phase_1,2,2025,1,471,8000,1,0,1,0
STU_4711,3.9,1,4,13,16-20K,0,2,2,2,0,Transitional_Phase_1,6,2025,2,581,18000,1,2,4,1
STU_4712,2.8,6,6,1,16-20K,1,2,2,1,0,Transitional_Phase_1,2,2025,1,482,18000,1,0,3,0
STU_4713,3.48,10,7,0,10-15K,0,2,1,1,0,Transitional_Phase_1,10,2024,4,356,12500,1,2,2,0
STU_4714,3.31,10,2,6,Below 10k,0,2,0,1,0,Transitional_Phase_1,10,2024,4,359,8000,1,1,1,1
STU_4715,3.17,9,2,6,Below 10k,0,2,0,1,0,Transitional_Phase_1,8,2024,3,298,8000,1,1,1,1
STU_4716,3.29,5,1,11,16-20K,0,2,2,1,0,Transitional_Phase_1,5,2025,2,552,18000,1,1,3,1
STU_4717,2.44,7,3,8,Below 10k,0,2,0,0,0,Transitional_Phase_1,8,2024,3,302,8000,1,0,0,1
STU_4718,3.49,7,1,18,Below 10k,0,2,0,1,0,Transitional_Phase_1,2,2025,1,485,8000,1,2,1,0
STU_4719,3.29,4,4,13,16-20K,0,2,2,1,0,Transitional_Phase_1,6,2025,2,584,18000,1,1,3,1
STU_4720,3.17,2,5,9,16-20K,0,2,2,1,1,Transitional_Phase_1,3,2025,1,487,18000,1,1,3,1
STU_4721,3.22,13,5,9,10-15K,1,2,1,1,0,Transitional_Phase_1,9,2024,3,334,12500,1,1,2,1
STU_4722,3.32,4,4,13,16-20K,0,2,2,1,0,Transitional_Phase_1,3,2025,1,490,18000,1,1,3,1
STU_4723,3.43,16,4,13,16-20K,0,2,2,1,0,Transitional_Phase_1,9,2024,3,316,18000,1,2,3,0
STU_4724,3.15,11,5,9,16-20K,1,2,2,1,1,Transitional_Phase_1,11,2024,4,378,18000,1,1,3,1
STU_4725,3.11,18,0,2,Below 10k,1,2,0,1,0,Transitional_Phase_1,6,2025,2,597,8000,1,1,1,1
STU_4726,3.37,5,3,8,10-15K,1,2,1,1,0,Transitional_Phase_1,9,2024,3,316,12500,1,1,2,1
STU_4727,3.1,16,6,14,16-20K,0,2,2,1,0,Transitional_Phase_1,9,2024,3,321,18000,1,1,3,1
STU_4728,3.27,18,0,16,16-20K,1,2,2,1,1,Transitional_Phase_1,9,2024,3,305,18000,1,1,3,1
STU_4729,2.86,16,4,13,10-15K,0,2,1,1,0,Transitional_Phase_1,6,2025,2,593,12500,1,0,2,0
STU_4730,3.49,11,5,9,10-15K,1,2,1,1,0,Transitional_Phase_1,12,2024,4,414,12500,1,2,2,0
STU_4731,3.29,0,1,17,Below 10k,0,2,0,1,0,Transitional_Phase_1,10,2024,4,348,8000,1,1,1,1
STU_4732,3.34,3,2,6,10-15K,0,2,1,1,0,Transitional_Phase_1,9,2024,3,329,12500,1,1,2,1
STU_4733,3.27,13,5,9,16-20K,1,2,2,1,1,Transitional_Phase_1,9,2024,3,329,18000,1,1,3,1
STU_4734,3.1,7,7,0,Below 10k,1,2,0,1,0,Transitional_Phase_1,10,2024,4,338,8000,1,1,1,1
STU_4735,3.21,7,1,17,10-15K,1,2,1,1,0,Transitional_Phase_1,6,2025,2,588,12500,1,1,2,1
STU_4736,3.18,12,3,8,16-20K,0,2,2,1,0,Transitional_Phase_1,6,2025,2,599,18000,1,1,3,1
STU_4737,3.4,7,7,0,Below 10k,0,2,0,1,0,Transitional_Phase_1,9,2024,3,334,8000,1,2,1,0
STU_4738,3.21,2,5,9,10-15K,1,2,1,1,0,Transitional_Phase_1,3,2025,1,506,12500,1,1,2,1
STU_4739,3.32,16,4,13,10-15K,0,2,1,1,0,Transitional_Phase_1,1,2025,1,439,12500,1,1,2,1
STU_4740,3.35,0,7,0,16-20K,1,2,2,1,1,Transitional_Phase_1,4,2025,2,533,18000,1,1,3,1
STU_4741,2.5,3,2,6,10-15K,0,2,1,1,0,Transitional_Phase_1,1,2025,1,453,12500,1,0,2,0
STU_4742,3.4,0,1,17,10-15K,0,2,1,1,0,Transitional_Phase_1,11,2024,4,375,12500,1,2,2,0
STU_4743,2.59,10,2,6,10-15K,0,2,1,1,0,Transitional_Phase_1,4,2025,2,536,12500,1,0,2,0
STU_4744,3.16,20,1,11,10-15K,0,2,1,1,0,Transitional_Phase_1,11,2024,4,389,12500,1,1,2,1
STU_4745,3.34,9,7,0,10-15K,1,2,1,1,0,Transitional_Phase_1,10,2024,4,359,12500,1,1,2,1
STU_4746,3.11,2,5,9,Below 10k,0,2,0,1,0,Transitional_Phase_1,11,2024,4,391,8000,1,1,1,1
STU_4747,3.93,0,1,11,Below 10k,1,2,0,2,0,Transitional_Phase_1,6,2025,2,587,8000,1,2,2,1
STU_4748,3.44,5,1,17,Below 10k,0,2,0,1,0,Transitional_Phase_1,12,2024,4,398,8000,1,2,1,0
STU_4749,2.9,11,5,9,Below 10k,1,2,0,1,0,Transitional_Phase_1,2,2025,1,483,8000,1,0,1,0
STU_4750,2.73,7,3,8,10-15K,0,2,1,1,0,Transitional_Phase_1,10,2024,4,340,12500,1,0,2,0
STU_4751,3.26,4,4,13,10-15K,0,2,1,1,0,Transitional_Phase_1,8,2024,3,294,12500,1,1,2,1
STU_4752,3.32,16,6,14,Below 10k,0,2,0,1,0,Transitional_Phase_1,3,2025,1,497,8000,1,1,1,1
STU_4753,3.37,6,1,18,10-15K,0,2,1,1,0,Transitional_Phase_1,5,2025,2,563,12500,1,1,2,1
STU_4754,3.11,14,4,13,Below 10k,1,2,0,1,0,Transitional_Phase_1,9,2024,3,320,8000,1,1,1,1
STU_4755,3.21,7,3,8,10-15K,1,2,1,1,0,Transitional_Phase_1,1,2025,1,454,12500,1,1,2,1
STU_4756,3.86,5,3,8,16-20K,1,2,2,2,1,Transitional_Phase_1,11,2024,4,380,18000,1,2,4,1
STU_4757,3.37,2,5,9,Below 10k,0,2,0,1,0,Transitional_Phase_1,12,2024,4,400,8000,1,1,1,1
STU_4758,3.2,5,1,17,Below 10k,1,2,0,1,0,Transitional_Phase_1,4,2025,2,537,8000,1,1,1,1
STU_4759,3.23,11,5,9,10-15K,0,2,1,1,0,Transitional_Phase_1,3,2025,1,489,12500,1,1,2,1
STU_4760,3.42,16,4,13,10-15K,0,2,1,1,0,Transitional_Phase_1,11,2024,4,371,12500,1,2,2,0
STU_4761,3.64,22,3,8,Below 10k,0,2,0,2,0,Transitional_Phase_1,3,2025,1,504,8000,1,2,2,1
STU_4762,3.47,16,6,10,16-20K,1,2,2,1,1,Transitional_Phase_1,4,2025,2,539,18000,1,2,3,0
STU_4763,3.49,5,0,16,Below 10k,1,2,0,1,0,Transitional_Phase_1,5,2025,2,554,8000,1,2,1,0
STU_4764,3.3,17,2,6,16-20K,1,2,2,1,1,Transitional_Phase_1,8,2024,3,285,18000,1,1,3,1
STU_4765,3.18,6,6,12,16-20K,0,2,2,1,0,Transitional_Phase_1,11,2024,4,371,18000,1,1,3,1
STU_4766,2.82,16,6,3,16-20K,0,2,2,1,0,Transitional_Phase_1,9,2024,3,332,18000,1,0,3,0
STU_4767,3.11,12,6,14,16-20K,0,2,2,1,0,Transitional_Phase_1,11,2024,4,388,18000,1,1,3,1
STU_4768,3.28,9,7,0,Below 10k,0,2,0,1,0,Transitional_Phase_1,1,2025,1,446,8000,1,1,1,1
STU_4769,3.85,4,4,13,Below 10k,1,2,0,2,0,Transitional_Phase_1,2,2025,1,484,8000,1,2,2,1
STU_4770,3.35,12,3,8,10-15K,1,2,1,1,0,Transitional_Phase_1,5,2025,2,560,12500,1,1,2,1
STU_4771,3.2,21,0,16,Below 10k,0,2,0,1,0,Transitional_Phase_1,12,2024,4,418,8000,1,1,1,1
STU_4772,3.46,19,6,10,10-15K,0,2,1,1,1,Transitional_Phase_1,9,2024,3,329,12500,1,2,2,0
STU_4773,3.27,18,0,2,10-15K,1,2,1,1,0,Transitional_Phase_1,8,2024,3,284,12500,1,1,2,1
STU_4774,3.19,5,0,16,10-15K,0,2,1,1,1,Transitional_Phase_1,10,2024,4,345,12500,1,1,2,1
STU_4775,3.21,10,2,6,10-15K,0,2,1,1,0,Transitional_Phase_1,10,2024,4,360,12500,1,1,2,1
STU_4776,3.13,6,6,1,10-15K,0,2,1,1,0,Transitional_Phase_1,12,2024,4,409,12500,1,1,2,1
STU_4777,2.54,16,4,13,10-15K,0,2,1,1,0,Transitional_Phase_1,4,2025,2,524,12500,1,0,2,0
STU_4778,3.39,16,4,13,16-20K,0,2,2,1,1,Transitional_Phase_1,6,2025,2,586,18000,1,1,3,1
STU_4779,3.27,13,0,2,Below 10k,0,2,0,1,0,Transitional_Phase_1,3,2025,1,499,8000,1,1,1,1
STU_4780,3.32,19,6,14,Below 10k,0,2,0,1,0,Transitional_Phase_1,8,2024,3,292,8000,1,1,1,1
STU_4781,2.48,6,1,17,16-20K,1,2,2,0,1,Transitional_Phase_1,6,2025,2,581,18000,1,0,2,1
STU_4782,3.04,0,1,17,10-15K,0,2,1,1,0,Transitional_Phase_1,11,2024,4,380,12500,1,1,2,1
STU_4783,3.47,9,2,6,Below 10k,1,2,0,1,0,Transitional_Phase_1,1,2025,1,445,8000,1,2,1,0
STU_4784,3.19,12,3,8,Below 10k,1,2,0,1,0,Transitional_Phase_1,10,2024,4,348,8000,1,1,1,1
STU_4785,3.39,1,4,13,16-20K,1,2,2,1,0,Transitional_Phase_1,4,2025,2,537,18000,1,1,3,1
STU_4786,2.92,20,1,18,Below 10k,0,2,0,1,0,Transitional_Phase_1,1,2025,1,447,8000,1,0,1,0
STU_4787,2.18,19,6,12,16-20K,0,2,2,0,0,Transitional_Phase_1,12,2024,4,404,18000,1,0,2,1
STU_4788,3.24,22,3,8,10-15K,1,2,1,1,0,Transitional_Phase_1,2,2025,1,483,12500,1,1,2,1
STU_4789,3.1,16,4,13,10-15K,1,2,1,1,0,Transitional_Phase_1,3,2025,1,493,12500,1,1,2,1
STU_4790,3.16,14,4,13,10-15K,0,2,1,1,0,Transitional_Phase_1,5,2025,2,572,12500,1,1,2,1
STU_4791,2.58,20,1,18,16-20K,0,2,2,1,0,Transitional_Phase_1,9,2024,3,308,18000,1,0,3,0
STU_4792,3.22,19,6,14,Below 10k,1,2,0,1,0,Transitional_Phase_1,3,2025,1,498,8000,1,1,1,1
STU_4793,2.54,2,5,9,10-15K,1,2,1,1,0,Transitional_Phase_1,4,2025,2,546,12500,1,0,2,0
STU_4794,3.25,5,3,8,16-20K,0,2,2,1,0,Transitional_Phase_1,1,2025,1,452,18000,1,1,3,1
STU_4795,3.23,19,6,14,10-15K,1,2,1,1,0,Transitional_Phase_1,2,2025,1,483,12500,1,1,2,1
STU_4796,3.12,13,5,9,16-20K,1,2,2,1,0,Transitional_Phase_1,12,2024,4,402,18000,1,1,3,1
STU_4797,3.46,13,0,5,10-15K,1,2,1,1,0,Transitional_Phase_1,10,2024,4,335,12500,1,2,2,0
STU_4798,3.14,4,4,13,Below 10k,1,2,0,1,0,Transitional_Phase_1,9,2024,3,319,8000,1,1,1,1
STU_4799,3.58,15,6,3,10-15K,1,2,1,2,1,Transitional_Phase_1,5,2025,2,548,12500,1,2,3,1
STU_4800,3.15,20,1,11,16-20K,0,2,2,1,1,Transitional_Phase_1,3,2025,1,486,18000,1,1,3,1
